Student_ID,Gender,Age,Grade_Level,Attendance,Study_Hours_Per_Day,Previous_GPA,Midterm_Score,Assignment_Score,Quiz_Score,Final_Exam_Score,Class_Participation,Extracurricular,Internet_Access,Parent_Education,Family_Income,Sleep_Hours,Screen_Time,Stress_Level,Teacher_Feedback,Absences,Final_Result,Performance
1,Male,15,9,90,1.8,2.28,72,61,60,63,Low,Yes,Yes,Postgraduate,Low,7.8,2.7,High,Excellent,8,Pass,Average
2,Male,18,11,64,4.1,3.52,100,55,79,78,Low,Yes,No,High School,Medium,5.8,7.1,Medium,Good,14,Pass,Good
3,Male,15,College-2,52,6.1,2.76,100,55,80,81,Low,No,Yes,High School,Low,6.9,7.8,Medium,Good,17,Pass,Good
4,Male,17,12,79,5.4,2.42,92,76,78,87,Medium,No,Yes,Postgraduate,Medium,6.1,3.6,Low,Average,11,Pass,Excellent
5,Female,22,10,52,6.6,3.83,100,59,77,79,Medium,Yes,Yes,Postgraduate,High,6.3,1.5,High,Good,17,Pass,Good
6,Male,16,10,97,5.1,2.44,92,80,93,94,High,Yes,No,Postgraduate,Low,8.5,3.8,Medium,Excellent,6,Pass,Excellent
7,Male,19,12,88,8.0,3.72,100,77,88,96,Low,No,Yes,Postgraduate,High,6.9,7.8,Medium,Average,8,Pass,Excellent
8,Male,15,College-1,82,7.4,3.28,100,74,83,92,Medium,No,Yes,High School,Medium,8.4,3.1,Medium,Average,10,Pass,Excellent
9,Female,17,11,53,2.7,3.46,92,47,65,68,High,No,Yes,Postgraduate,High,7.1,1.6,High,Average,17,Pass,Average
10,Male,16,11,95,3.2,2.88,100,67,78,85,Low,Yes,Yes,High School,Low,9.0,5.5,High,Poor,7,Pass,Excellent
11,Male,22,10,64,1.5,3.03,86,44,63,58,Medium,No,Yes,High School,Low,4.6,3.3,High,Excellent,14,Pass,Average
12,Female,16,10,72,4.0,3.35,100,49,67,73,Low,Yes,No,High School,Medium,6.6,6.1,Low,Good,12,Pass,Good
13,Male,16,10,79,2.7,3.72,100,46,66,68,Low,No,No,Graduate,Low,8.7,4.1,Medium,Poor,11,Pass,Average
14,Female,17,10,60,3.7,3.57,100,47,78,70,Medium,Yes,Yes,Postgraduate,High,8.9,2.9,High,Poor,15,Pass,Good
15,Male,17,9,97,3.2,3.84,100,59,72,77,High,Yes,Yes,Graduate,Low,4.7,4.3,High,Average,6,Pass,Good
16,Female,18,11,87,5.2,3.17,100,69,84,89,Medium,Yes,No,Graduate,Medium,7.3,3.9,Low,Poor,9,Pass,Excellent
17,Male,18,11,79,5.3,3.08,100,64,78,84,Medium,Yes,No,Postgraduate,High,7.0,1.7,Medium,Poor,11,Pass,Good
18,Male,19,11,92,6.7,3.88,100,77,83,97,High,Yes,No,High School,High,5.8,5.6,High,Good,7,Pass,Excellent
19,Female,17,College-2,82,4.4,2.18,89,61,68,81,Medium,Yes,No,Postgraduate,High,8.6,6.9,Medium,Poor,10,Pass,Good
20,Male,15,11,57,1.5,3.09,89,44,62,60,Medium,Yes,No,High School,High,8.5,7.3,Low,Poor,16,Pass,Average
21,Female,15,10,72,6.5,3.24,100,65,79,88,High,No,No,Postgraduate,High,8.5,3.8,Low,Good,12,Pass,Excellent
22,Female,18,10,60,6.5,3.72,100,58,85,83,Low,Yes,No,Graduate,Medium,5.0,7.1,Low,Good,15,Pass,Good
23,Female,15,9,72,5.5,3.07,97,56,76,82,High,No,No,Postgraduate,Medium,6.3,7.9,Medium,Poor,12,Pass,Good
24,Female,16,College-2,74,7.3,2.87,100,80,88,93,Medium,No,Yes,Postgraduate,Medium,5.4,1.3,High,Good,12,Pass,Excellent
25,Female,15,11,92,3.9,2.25,91,67,76,81,Medium,Yes,No,Postgraduate,High,6.3,3.1,High,Good,7,Pass,Good
26,Female,16,10,79,4.1,3.59,100,52,77,75,High,No,Yes,High School,Low,7.5,4.6,Low,Poor,11,Pass,Good
27,Female,21,10,65,7.9,2.91,100,80,88,92,Low,Yes,Yes,Graduate,Low,7.3,6.4,Low,Excellent,14,Pass,Excellent
28,Female,22,10,53,4.9,2.27,86,57,73,69,High,No,No,Graduate,Low,8.6,1.8,High,Good,17,Pass,Average
29,Female,16,10,99,6.4,2.88,100,78,89,94,Low,Yes,No,Postgraduate,Low,6.7,2.7,High,Average,6,Pass,Excellent
30,Female,15,11,54,3.9,2.12,78,48,55,60,Medium,No,No,Postgraduate,High,6.0,4.3,High,Average,17,Pass,Average
31,Male,21,College-1,81,2.5,2.67,90,48,75,73,High,Yes,Yes,Postgraduate,Medium,6.5,1.2,Low,Excellent,10,Pass,Good
32,Male,22,9,61,1.4,2.65,81,35,63,57,High,Yes,No,High School,High,6.2,2.5,Low,Poor,15,Pass,Average
33,Male,22,College-2,98,1.2,3.24,97,49,80,78,Medium,No,Yes,Postgraduate,High,5.6,6.9,High,Poor,6,Pass,Good
34,Male,16,College-1,99,6.7,2.05,95,91,97,97,High,Yes,Yes,Postgraduate,Medium,8.8,1.8,High,Poor,6,Pass,Excellent
35,Male,21,12,100,7.9,2.86,100,81,98,100,Low,No,No,Postgraduate,Medium,8.0,3.4,High,Average,5,Pass,Excellent
36,Female,20,10,77,2.2,3.23,100,54,83,75,Low,No,No,High School,Medium,6.8,5.6,High,Excellent,11,Pass,Good
37,Male,18,9,71,1.2,2.42,73,41,57,56,Low,No,No,Postgraduate,Low,8.3,2.3,High,Excellent,13,Pass,Average
38,Female,20,12,91,6.0,2.59,100,72,87,91,High,No,No,Postgraduate,Medium,6.5,1.1,Medium,Good,8,Pass,Excellent
39,Female,19,9,66,2.6,3.49,98,42,68,66,Low,No,Yes,Graduate,Low,7.7,3.2,Medium,Poor,14,Pass,Average
40,Male,19,12,95,4.7,3.11,100,81,97,97,Medium,No,No,High School,Low,5.7,7.8,Medium,Excellent,7,Pass,Excellent
41,Male,18,9,57,6.8,3.26,100,56,74,81,High,No,Yes,Postgraduate,Medium,6.3,1.5,Medium,Excellent,16,Pass,Good
42,Female,16,10,69,7.0,3.24,100,62,79,87,Low,Yes,Yes,High School,Low,9.0,3.1,Medium,Excellent,13,Pass,Excellent
43,Male,21,9,94,5.2,3.41,100,65,81,87,High,Yes,Yes,Graduate,Low,5.8,2.6,Low,Poor,7,Pass,Excellent
44,Female,19,College-1,60,6.5,3.84,100,55,83,83,High,No,No,High School,High,7.2,6.8,Low,Excellent,15,Pass,Good
45,Male,17,12,97,3.3,3.92,100,73,78,85,High,No,No,High School,High,5.6,1.6,Medium,Excellent,6,Pass,Excellent
46,Female,21,College-1,55,4.3,2.21,74,49,66,61,Low,No,Yes,Graduate,Medium,6.3,3.2,Medium,Poor,17,Pass,Average
47,Male,20,College-1,99,3.8,3.32,100,72,91,93,Medium,No,Yes,High School,Medium,6.8,7.9,High,Average,6,Pass,Excellent
48,Male,21,9,68,4.1,3.95,100,51,72,76,Low,Yes,No,High School,High,7.6,1.8,Low,Excellent,13,Pass,Good
49,Male,21,10,95,3.0,2.96,100,59,85,79,High,Yes,Yes,Graduate,Medium,7.7,3.9,Medium,Good,7,Pass,Good
50,Female,20,11,50,3.0,4.0,100,35,73,63,High,No,No,Graduate,Low,5.8,5.1,High,Average,18,Pass,Average
51,Female,15,10,86,3.7,2.64,99,63,85,85,High,No,Yes,Graduate,Low,8.4,3.9,High,Excellent,9,Pass,Excellent
52,Male,20,College-2,50,6.1,2.31,92,53,74,73,High,No,No,Postgraduate,High,6.3,5.6,Medium,Poor,18,Pass,Good
53,Female,17,College-2,89,1.5,3.99,100,55,72,78,Medium,Yes,Yes,Graduate,Low,7.3,7.4,Medium,Good,8,Pass,Good
54,Female,18,12,73,4.0,3.36,100,51,72,80,High,Yes,Yes,Graduate,High,5.6,3.9,Medium,Excellent,12,Pass,Good
55,Female,19,College-2,66,5.7,2.58,100,56,72,77,Medium,No,No,Graduate,Low,8.5,4.3,Medium,Excellent,14,Pass,Good
56,Male,15,College-1,56,2.7,3.99,100,35,71,67,High,No,No,High School,High,7.1,5.0,Medium,Average,16,Pass,Average
57,Female,22,9,90,2.3,3.53,100,66,78,85,High,No,Yes,High School,Medium,5.6,6.3,Medium,Excellent,8,Pass,Excellent
58,Female,19,College-2,61,2.4,2.73,90,40,62,63,Medium,Yes,No,High School,Low,8.0,7.1,Low,Excellent,15,Pass,Average
59,Female,16,College-2,85,3.6,3.07,100,61,80,80,Low,No,Yes,Postgraduate,High,8.1,1.1,Medium,Average,9,Pass,Good
60,Male,19,12,91,1.4,2.6,88,45,62,70,Low,Yes,Yes,Postgraduate,Low,8.2,7.4,Medium,Excellent,8,Pass,Good
61,Female,19,9,73,5.7,2.84,97,68,77,81,High,No,Yes,Graduate,Medium,7.8,7.6,Low,Good,12,Pass,Good
62,Male,22,9,56,7.9,3.29,100,69,84,90,High,Yes,Yes,High School,Medium,6.2,7.3,Low,Average,16,Pass,Excellent
63,Male,19,10,100,5.0,2.41,94,72,85,90,Low,No,Yes,High School,High,4.8,6.4,Low,Average,5,Pass,Excellent
64,Male,16,12,50,3.5,2.03,69,35,48,51,Medium,No,Yes,Graduate,High,8.0,5.1,Low,Poor,18,Pass,Poor
65,Female,16,12,96,6.5,2.92,100,71,92,92,High,No,Yes,High School,Medium,8.4,4.7,High,Average,6,Pass,Excellent
66,Female,21,9,54,1.9,3.42,98,45,79,69,High,Yes,Yes,Graduate,Medium,7.3,5.1,Low,Excellent,17,Pass,Average
67,Female,16,9,71,6.8,2.63,100,67,86,91,Low,Yes,No,High School,High,6.3,6.1,High,Good,13,Pass,Excellent
68,Male,19,College-1,58,4.9,2.66,85,56,73,70,Medium,No,Yes,Postgraduate,High,7.1,4.9,Low,Average,16,Pass,Good
69,Male,19,9,92,4.4,3.11,100,66,82,84,Low,No,No,Graduate,Medium,8.3,3.5,Low,Average,7,Pass,Good
70,Female,21,12,59,5.0,3.27,96,46,79,76,Medium,Yes,No,Graduate,High,6.3,2.0,Medium,Poor,16,Pass,Good
71,Female,19,10,53,2.1,2.16,73,40,63,53,High,Yes,No,Graduate,Low,7.9,1.3,Medium,Excellent,17,Pass,Poor
72,Male,19,11,83,5.7,3.2,100,66,84,89,Medium,Yes,Yes,Graduate,High,4.7,3.8,Medium,Average,10,Pass,Excellent
73,Female,15,12,58,3.7,3.67,100,39,73,75,Low,No,No,Postgraduate,Medium,7.7,4.5,High,Excellent,16,Pass,Good
74,Female,16,10,68,1.8,3.6,100,47,76,74,Medium,No,Yes,Graduate,Medium,4.6,3.3,High,Good,13,Pass,Good
75,Male,18,9,64,3.3,2.23,84,44,67,65,Low,No,Yes,High School,High,5.3,4.6,Low,Poor,14,Pass,Average
76,Male,22,9,61,7.7,3.13,100,73,88,90,Medium,No,No,Graduate,High,7.3,4.2,Low,Good,15,Pass,Excellent
77,Female,22,College-1,82,1.5,2.74,85,40,56,58,High,Yes,No,Postgraduate,High,6.6,1.3,Low,Good,10,Pass,Average
78,Male,18,College-2,88,4.3,2.21,87,57,80,80,Medium,No,Yes,Graduate,Medium,5.2,1.4,Medium,Excellent,8,Pass,Good
79,Female,19,11,76,6.4,3.26,100,62,83,90,High,Yes,No,High School,High,7.6,1.4,High,Average,11,Pass,Excellent
80,Male,16,College-2,72,3.2,2.26,72,51,65,63,High,No,No,High School,Medium,7.5,5.6,Medium,Average,12,Pass,Average
81,Male,20,College-1,63,3.4,4.0,100,40,71,74,Low,No,Yes,High School,Low,7.9,2.3,High,Average,15,Pass,Good
82,Male,18,11,96,4.1,2.48,98,77,88,86,Medium,Yes,No,Postgraduate,High,6.3,5.7,Medium,Excellent,6,Pass,Excellent
83,Male,22,11,99,3.0,3.93,100,73,82,86,High,Yes,Yes,Graduate,Low,6.2,4.7,Low,Good,6,Pass,Excellent
84,Female,15,12,78,7.3,3.89,100,79,92,99,High,No,Yes,Graduate,Low,5.2,4.1,Medium,Average,11,Pass,Excellent
85,Female,17,College-2,51,3.2,2.67,78,35,49,55,Medium,No,Yes,High School,Low,4.9,6.0,Medium,Average,18,Pass,Average
86,Male,18,12,59,4.8,2.22,81,50,66,71,High,No,Yes,High School,Medium,7.8,4.7,High,Poor,16,Pass,Good
87,Male,16,College-1,90,4.6,2.86,100,69,83,85,Medium,Yes,Yes,Graduate,Medium,5.6,2.0,Low,Excellent,8,Pass,Excellent
88,Male,20,College-1,73,2.8,2.69,98,43,72,73,Medium,Yes,No,Postgraduate,Medium,4.6,6.5,High,Average,12,Pass,Good
89,Female,21,College-1,58,1.4,2.59,68,35,44,47,Medium,No,Yes,Postgraduate,Low,8.0,4.2,Medium,Good,16,Fail,Poor
90,Female,17,12,99,1.3,3.6,100,58,85,77,High,No,No,Postgraduate,Medium,7.5,2.9,Low,Excellent,6,Pass,Good
91,Female,22,College-1,55,4.0,2.59,79,39,61,61,High,No,Yes,Postgraduate,Medium,9.0,2.3,Medium,Excellent,17,Pass,Average
92,Female,17,9,52,6.1,2.87,100,47,67,74,Low,No,Yes,High School,Low,8.6,5.3,Low,Good,17,Pass,Good
93,Male,20,12,73,3.7,3.36,100,56,84,83,Medium,No,Yes,High School,Low,7.1,5.2,High,Average,12,Pass,Good
94,Male,16,10,81,4.6,3.55,100,59,80,80,Low,No,Yes,Postgraduate,Medium,8.6,1.8,Low,Good,10,Pass,Good
95,Male,16,10,92,3.4,3.78,100,73,83,85,Low,Yes,No,High School,Medium,4.8,4.8,High,Good,7,Pass,Excellent
96,Female,21,College-1,79,6.6,2.17,92,74,90,85,Low,Yes,No,Postgraduate,Low,7.0,5.3,Medium,Excellent,11,Pass,Excellent
97,Male,16,College-1,93,4.6,3.1,100,64,78,83,Low,No,Yes,High School,Medium,5.1,6.8,High,Average,7,Pass,Good
98,Female,16,College-1,72,7.6,2.16,91,84,87,94,High,Yes,Yes,High School,High,6.8,3.0,High,Good,12,Pass,Excellent
99,Male,22,College-2,86,1.3,3.9,100,47,71,70,High,No,No,Graduate,Low,8.4,1.6,High,Excellent,9,Pass,Good
100,Female,20,College-2,69,4.2,2.83,100,51,77,79,Medium,No,Yes,Graduate,High,7.6,2.1,High,Poor,13,Pass,Good
101,Male,17,11,70,2.7,2.28,69,47,62,58,High,No,Yes,High School,Medium,5.1,4.1,High,Excellent,13,Pass,Average
102,Male,15,11,81,7.2,2.79,100,73,84,91,Medium,No,No,Postgraduate,Low,6.7,1.6,Low,Excellent,10,Pass,Excellent
103,Female,16,12,58,7.2,2.73,100,56,76,82,High,No,No,Postgraduate,High,7.8,6.3,High,Poor,16,Pass,Good
104,Female,15,9,58,7.8,2.68,100,62,79,82,Low,Yes,No,Graduate,High,6.3,6.6,Medium,Average,16,Pass,Good
105,Female,19,12,88,7.3,2.64,100,89,95,99,Low,No,No,Postgraduate,Low,5.1,7.5,Medium,Good,8,Pass,Excellent
106,Female,17,College-1,100,7.3,3.19,100,96,97,100,High,No,Yes,Postgraduate,Low,8.4,5.4,Low,Poor,5,Pass,Excellent
107,Male,18,College-1,62,1.1,3.38,97,42,76,71,Medium,No,No,Graduate,Low,5.9,2.1,Medium,Good,15,Pass,Good
108,Male,19,College-1,84,3.5,3.29,100,68,91,86,Medium,Yes,No,Graduate,High,8.0,6.0,Low,Excellent,9,Pass,Excellent
109,Female,17,11,70,4.4,3.44,100,50,79,76,Low,No,Yes,Graduate,Medium,7.0,7.5,High,Good,13,Pass,Good
110,Male,15,College-2,97,4.4,3.87,100,64,77,86,High,Yes,Yes,High School,Low,5.4,4.8,Medium,Good,6,Pass,Excellent
111,Male,19,11,95,4.3,3.93,100,72,93,87,Medium,Yes,Yes,Postgraduate,High,7.6,2.0,Low,Poor,7,Pass,Excellent
112,Male,15,11,61,3.9,2.07,78,55,63,66,High,Yes,No,Graduate,Medium,8.3,7.5,High,Excellent,15,Pass,Average
113,Male,20,11,58,7.0,2.23,86,68,77,83,High,Yes,Yes,Postgraduate,High,6.6,2.3,Medium,Excellent,16,Pass,Good
114,Female,21,10,82,3.3,3.96,100,57,77,83,Medium,No,No,Graduate,High,6.3,1.7,High,Poor,10,Pass,Good
115,Female,16,College-2,66,5.6,2.24,87,56,75,72,Medium,No,Yes,High School,Low,7.6,1.4,Medium,Average,14,Pass,Good
116,Male,22,College-1,79,6.2,3.1,100,77,86,92,High,No,Yes,Postgraduate,Low,7.2,3.9,Low,Average,11,Pass,Excellent
117,Female,15,12,86,4.8,2.88,100,75,94,94,Low,No,No,Postgraduate,Low,5.2,7.0,High,Excellent,9,Pass,Excellent
118,Female,20,College-2,93,6.6,3.63,100,87,87,100,Low,Yes,Yes,Graduate,Low,7.8,3.8,Medium,Excellent,7,Pass,Excellent
119,Female,21,9,61,6.4,3.29,100,63,85,82,High,Yes,No,High School,Low,7.9,7.8,High,Excellent,15,Pass,Good
120,Female,18,10,83,1.9,3.51,100,55,82,73,Medium,No,Yes,Graduate,Low,8.9,6.8,High,Poor,10,Pass,Good
121,Male,15,12,52,6.7,3.77,100,56,76,84,High,Yes,Yes,Postgraduate,Low,6.4,6.4,Medium,Excellent,17,Pass,Good
122,Male,19,10,64,4.8,2.28,84,53,70,70,High,Yes,No,Graduate,Medium,7.9,6.4,Low,Average,14,Pass,Good
123,Female,21,10,90,5.8,2.69,100,76,96,93,Medium,No,Yes,Postgraduate,Medium,7.0,1.3,Low,Average,8,Pass,Excellent
124,Female,18,11,69,7.0,2.12,94,72,91,91,Low,No,Yes,Graduate,Medium,5.1,4.2,Low,Average,13,Pass,Excellent
125,Male,20,11,53,2.9,3.75,100,49,72,68,Low,Yes,Yes,Postgraduate,Low,7.5,5.2,High,Excellent,17,Pass,Average
126,Female,19,11,65,5.9,2.48,94,61,81,78,Medium,No,No,High School,High,7.7,3.8,Medium,Good,14,Pass,Good
127,Female,19,10,63,3.6,2.44,77,39,58,56,Low,No,Yes,Graduate,High,6.4,4.9,Low,Excellent,15,Pass,Average
128,Female,17,10,85,5.6,3.64,100,75,93,94,High,No,Yes,Postgraduate,High,7.6,2.8,Low,Poor,9,Pass,Excellent
129,Male,18,College-1,54,7.6,2.82,100,62,75,86,Medium,No,Yes,Postgraduate,High,7.5,6.4,High,Excellent,17,Pass,Excellent
130,Female,17,9,92,4.4,2.02,91,66,79,86,Low,Yes,Yes,High School,High,4.5,4.9,High,Good,7,Pass,Excellent
131,Male,15,9,72,2.9,2.81,99,47,72,73,Medium,No,No,Postgraduate,Medium,6.3,3.6,Low,Poor,12,Pass,Good
132,Male,18,College-2,94,2.2,3.57,100,51,83,82,High,No,No,High School,Low,6.7,4.0,High,Good,7,Pass,Good
133,Male,19,10,84,4.9,2.63,94,74,80,83,High,Yes,No,Postgraduate,High,4.6,7.5,Medium,Excellent,9,Pass,Good
134,Male,16,11,98,6.2,2.16,97,71,79,88,High,No,No,High School,High,8.1,5.8,Medium,Excellent,6,Pass,Excellent
135,Male,16,9,81,2.6,2.37,90,55,66,71,Medium,Yes,No,Postgraduate,High,7.0,3.6,Low,Excellent,10,Pass,Good
136,Male,21,12,70,3.5,2.89,93,45,65,73,High,No,Yes,High School,Low,4.9,7.6,Medium,Poor,13,Pass,Good
137,Male,21,10,88,5.2,2.58,100,62,80,82,Low,No,No,Graduate,Medium,6.0,3.7,Low,Poor,8,Pass,Good
138,Female,16,10,60,4.0,2.15,76,47,68,65,Medium,Yes,No,Graduate,High,6.4,4.4,Medium,Good,15,Pass,Average
139,Female,20,10,78,3.3,3.95,100,54,79,79,Medium,No,No,Postgraduate,High,8.2,7.0,High,Excellent,11,Pass,Good
140,Male,15,College-2,86,6.5,3.57,100,68,82,86,Medium,Yes,No,Graduate,High,6.0,3.0,Low,Excellent,9,Pass,Excellent
141,Female,21,College-1,93,4.5,3.32,100,71,79,84,High,No,Yes,Graduate,High,7.4,2.7,High,Poor,7,Pass,Good
142,Female,16,9,56,6.4,3.29,100,68,88,85,Low,No,Yes,Postgraduate,High,7.5,3.5,High,Average,16,Pass,Excellent
143,Male,19,12,78,3.6,3.38,100,58,71,75,Low,Yes,Yes,Graduate,Medium,6.6,5.8,Medium,Excellent,11,Pass,Good
144,Male,16,9,100,2.4,2.88,100,62,75,81,Medium,Yes,Yes,Postgraduate,Low,6.7,4.3,High,Average,5,Pass,Good
145,Female,21,9,85,2.1,2.46,85,63,71,74,High,Yes,No,Postgraduate,Medium,7.0,7.7,Medium,Poor,9,Pass,Good
146,Female,18,12,95,2.5,3.59,100,53,73,77,Low,No,No,Postgraduate,High,5.8,5.9,Medium,Excellent,7,Pass,Good
147,Female,16,10,89,3.7,2.92,96,62,73,82,Medium,Yes,Yes,Graduate,High,5.0,3.5,Low,Excellent,8,Pass,Good
148,Male,22,11,76,5.2,2.97,100,74,84,84,Low,Yes,No,Graduate,High,7.1,4.0,Low,Good,11,Pass,Good
149,Female,22,12,50,4.4,3.12,100,52,81,73,Low,Yes,Yes,High School,Medium,5.4,3.7,Low,Good,18,Pass,Good
150,Male,19,College-1,64,4.8,3.49,100,63,89,86,Medium,Yes,No,Postgraduate,Low,5.3,4.2,Medium,Poor,14,Pass,Excellent
151,Female,16,10,97,6.8,4.0,100,80,93,100,Low,No,No,High School,High,7.9,3.1,Low,Average,6,Pass,Excellent
152,Female,16,10,63,6.6,3.19,100,64,83,86,Medium,Yes,No,Postgraduate,Low,7.1,4.7,High,Average,15,Pass,Excellent
153,Female,21,12,65,2.0,3.69,100,47,69,70,Low,Yes,No,Postgraduate,High,5.9,2.7,Medium,Good,14,Pass,Good
154,Female,18,12,79,7.7,3.55,100,82,94,100,Low,No,No,Graduate,Medium,6.0,1.0,Medium,Average,11,Pass,Excellent
155,Male,17,12,86,7.0,3.52,100,71,91,97,Medium,Yes,No,High School,High,8.0,7.3,Low,Good,9,Pass,Excellent
156,Female,19,College-2,60,7.1,2.72,95,66,77,88,High,Yes,No,Postgraduate,Low,8.4,1.7,High,Poor,15,Pass,Excellent
157,Male,21,College-2,50,2.5,3.04,93,35,56,60,Low,No,Yes,High School,Medium,4.9,5.2,Low,Poor,18,Pass,Average
158,Male,17,12,56,3.2,3.55,98,54,72,76,Medium,Yes,Yes,Graduate,High,8.5,2.0,High,Excellent,16,Pass,Good
159,Male,18,11,63,1.6,3.18,94,40,72,64,High,Yes,Yes,Postgraduate,High,5.0,6.3,High,Good,15,Pass,Average
160,Female,19,College-2,99,7.6,3.75,100,93,100,100,Low,Yes,No,Graduate,Low,4.6,6.9,Low,Excellent,6,Pass,Excellent
161,Female,17,12,90,5.2,3.97,100,65,86,86,Low,Yes,Yes,High School,Medium,6.9,7.8,Low,Poor,8,Pass,Excellent
162,Male,19,9,53,7.6,3.43,100,67,87,91,Medium,Yes,Yes,High School,High,6.3,3.0,Medium,Excellent,17,Pass,Excellent
163,Male,21,9,87,5.4,2.13,93,67,73,84,Medium,Yes,No,Postgraduate,High,8.3,5.8,High,Average,9,Pass,Good
164,Male,20,10,57,1.1,2.99,85,40,70,60,High,No,Yes,High School,Medium,5.1,1.1,Medium,Good,16,Pass,Average
165,Female,17,11,83,1.4,2.15,77,54,68,69,Low,No,Yes,Postgraduate,High,7.7,5.0,High,Poor,10,Pass,Average
166,Male,17,9,64,6.2,2.02,76,68,75,74,High,No,Yes,Graduate,Low,4.5,7.0,Medium,Good,14,Pass,Good
167,Male,21,9,67,6.8,3.35,100,62,80,82,Medium,No,No,Graduate,Low,7.1,1.8,High,Excellent,14,Pass,Good
168,Male,18,10,50,3.6,3.48,100,47,76,69,Low,No,Yes,High School,High,5.8,6.5,Medium,Poor,18,Pass,Average
169,Female,22,9,71,1.0,3.45,90,36,71,64,Low,No,Yes,High School,Low,7.5,6.9,High,Excellent,13,Pass,Average
170,Male,21,College-2,94,7.3,3.16,100,77,92,100,Low,Yes,No,Graduate,Medium,6.6,6.2,Medium,Good,7,Pass,Excellent
171,Male,22,12,70,4.2,2.27,92,49,66,75,Medium,No,Yes,Postgraduate,Medium,5.6,7.6,Low,Excellent,13,Pass,Good
172,Female,17,9,69,4.2,3.62,100,64,75,81,High,Yes,No,Graduate,High,8.3,1.6,Low,Good,13,Pass,Good
173,Female,16,10,66,6.7,3.71,100,73,85,92,Low,Yes,Yes,High School,Low,5.3,7.7,Low,Excellent,14,Pass,Excellent
174,Female,17,9,73,5.8,3.17,100,55,71,82,Medium,Yes,Yes,Graduate,Low,8.7,1.6,Low,Excellent,12,Pass,Good
175,Female,17,9,96,3.8,2.35,86,62,74,78,High,Yes,No,Graduate,Medium,4.6,5.8,High,Excellent,6,Pass,Good
176,Female,22,College-1,53,1.6,3.29,98,35,58,59,Medium,No,No,Graduate,Medium,6.2,3.9,Low,Poor,17,Pass,Average
177,Male,16,10,70,5.2,2.56,99,67,86,86,High,Yes,No,Postgraduate,High,4.6,6.7,Low,Average,13,Pass,Excellent
178,Female,15,College-2,86,6.9,3.68,100,72,85,91,High,No,Yes,Postgraduate,Low,8.1,3.5,Medium,Good,9,Pass,Excellent
179,Male,17,11,61,4.4,2.44,92,57,66,72,High,Yes,No,High School,Low,4.9,2.6,Low,Average,15,Pass,Good
180,Female,20,10,99,1.8,2.15,81,66,68,71,Low,No,No,Postgraduate,Medium,6.9,3.6,Low,Good,6,Pass,Good
181,Female,15,10,64,5.7,3.47,100,54,74,84,High,No,Yes,Postgraduate,High,8.2,3.6,Low,Excellent,14,Pass,Good
182,Male,19,10,59,3.3,2.64,96,38,69,65,Low,Yes,No,Graduate,Low,4.9,3.4,High,Poor,16,Pass,Average
183,Female,16,12,53,3.7,3.77,100,47,76,69,High,Yes,Yes,Graduate,Low,7.8,7.8,Low,Good,17,Pass,Average
184,Male,20,College-1,51,3.2,2.34,79,36,51,52,High,No,Yes,Graduate,High,8.8,1.5,Low,Excellent,18,Pass,Poor
185,Female,18,9,60,1.4,2.82,89,44,66,63,Low,No,No,High School,Low,6.0,7.8,Medium,Poor,15,Pass,Average
186,Female,16,12,77,1.6,2.96,83,36,57,62,Low,No,No,Graduate,Medium,8.2,5.4,High,Good,11,Pass,Average
187,Female,22,11,55,5.5,2.76,91,59,68,75,Low,No,Yes,High School,High,6.2,3.6,High,Poor,17,Pass,Good
188,Female,22,College-1,55,5.7,3.51,100,63,74,79,Low,No,No,High School,Medium,8.1,3.9,High,Poor,17,Pass,Good
189,Male,18,10,82,5.0,3.97,100,59,85,87,Low,Yes,No,High School,High,6.8,5.0,Medium,Average,10,Pass,Excellent
190,Female,20,11,90,2.0,3.45,98,47,76,70,High,No,Yes,Postgraduate,High,7.2,3.2,High,Excellent,8,Pass,Good
191,Female,21,11,57,3.9,3.52,100,41,65,70,Medium,No,No,High School,Low,5.2,5.1,Medium,Excellent,16,Pass,Good
192,Female,20,9,59,5.3,2.79,97,53,68,73,Medium,No,No,Graduate,Medium,7.6,3.8,High,Poor,16,Pass,Good
193,Female,18,12,64,1.9,3.65,100,44,66,69,High,No,No,High School,High,8.9,4.1,Low,Poor,14,Pass,Average
194,Male,15,10,69,6.0,3.05,100,54,74,82,Low,No,Yes,Graduate,High,6.3,6.5,Low,Good,13,Pass,Good
195,Female,17,12,73,6.8,2.25,84,67,78,79,High,No,No,High School,Medium,6.8,5.4,High,Poor,12,Pass,Good
196,Female,21,College-1,68,1.2,3.56,96,37,65,65,Low,Yes,No,High School,High,4.7,7.0,Low,Poor,13,Pass,Average
197,Female,22,11,64,2.8,3.93,100,44,77,70,Low,No,No,Postgraduate,High,8.1,3.1,High,Excellent,14,Pass,Good
198,Male,22,9,87,1.7,3.69,100,59,80,78,Medium,No,No,Graduate,Medium,6.8,5.6,High,Good,9,Pass,Good
199,Male,22,11,62,2.0,3.61,100,43,73,71,Medium,No,No,Graduate,High,7.9,7.3,Low,Average,15,Pass,Good
200,Male,19,9,71,6.1,3.57,100,72,87,91,Medium,Yes,No,Postgraduate,High,5.5,4.7,Low,Good,13,Pass,Excellent
201,Female,16,12,91,1.6,2.61,86,54,70,70,Low,Yes,No,High School,High,6.1,6.2,Low,Excellent,8,Pass,Good
202,Male,20,College-2,83,3.1,2.27,79,57,73,68,Low,Yes,No,Graduate,High,4.7,7.0,Low,Good,10,Pass,Average
203,Male,21,College-2,90,1.4,3.55,100,47,80,78,Medium,No,No,Graduate,Medium,6.5,2.5,Low,Poor,8,Pass,Good
204,Male,18,College-2,84,2.4,2.64,94,50,64,75,Medium,No,Yes,High School,Medium,6.2,1.1,High,Good,9,Pass,Good
205,Female,17,11,60,1.5,2.91,91,46,76,65,Medium,No,Yes,High School,Medium,4.7,7.6,Low,Average,15,Pass,Average
206,Female,19,College-1,64,6.1,3.18,100,55,80,86,High,Yes,Yes,Postgraduate,Low,5.1,6.1,High,Poor,14,Pass,Excellent
207,Female,21,College-2,53,5.8,3.09,100,49,72,81,Low,No,Yes,Graduate,Low,6.4,3.7,High,Poor,17,Pass,Good
208,Female,19,10,68,1.8,2.4,75,49,60,59,Low,No,Yes,Postgraduate,Medium,5.0,2.4,Medium,Average,13,Pass,Average
209,Male,16,11,50,1.1,3.15,91,35,57,53,High,Yes,No,Graduate,Medium,4.9,1.8,Medium,Poor,18,Pass,Poor
210,Male,15,10,56,6.7,2.72,100,64,77,87,High,Yes,No,Graduate,Medium,8.4,7.0,High,Good,16,Pass,Excellent
211,Female,17,9,96,1.7,2.8,96,54,79,73,Low,Yes,Yes,High School,Medium,8.2,2.3,High,Excellent,6,Pass,Good
212,Male,21,12,86,5.7,2.72,94,65,86,83,Low,Yes,No,Postgraduate,Medium,5.3,3.7,Low,Average,9,Pass,Good
213,Female,17,College-1,92,7.1,3.24,100,78,96,96,High,Yes,Yes,Postgraduate,Low,6.8,5.8,High,Excellent,7,Pass,Excellent
214,Female,21,10,81,7.1,2.48,100,67,91,93,Low,No,No,Postgraduate,Medium,4.8,4.4,Low,Excellent,10,Pass,Excellent
215,Male,16,College-1,78,3.2,2.04,79,58,61,64,High,No,Yes,Postgraduate,High,8.9,6.2,Medium,Good,11,Pass,Average
216,Female,16,9,73,6.8,2.66,100,79,96,93,High,Yes,Yes,Graduate,Medium,8.2,6.9,High,Good,12,Pass,Excellent
217,Male,18,9,85,4.7,2.33,85,69,72,79,Medium,Yes,No,High School,High,7.7,1.3,Medium,Poor,9,Pass,Good
218,Female,15,College-1,98,3.9,3.18,100,72,94,92,High,Yes,No,Postgraduate,Medium,8.7,6.9,High,Average,6,Pass,Excellent
219,Female,21,College-1,94,5.0,2.77,100,81,92,89,High,Yes,No,Graduate,Medium,7.8,1.9,Medium,Excellent,7,Pass,Excellent
220,Male,19,College-2,58,2.0,3.02,95,39,65,65,Medium,Yes,Yes,Postgraduate,High,7.2,7.2,High,Good,16,Pass,Average
221,Male,16,9,95,1.8,3.14,100,63,82,79,Medium,Yes,Yes,Postgraduate,Low,6.1,4.4,Low,Good,7,Pass,Good
222,Male,20,12,98,6.5,2.29,91,80,83,88,Low,Yes,No,High School,High,8.9,5.8,High,Good,6,Pass,Excellent
223,Female,18,College-1,94,5.7,3.91,100,82,84,97,Medium,Yes,No,Postgraduate,High,8.7,3.7,High,Average,7,Pass,Excellent
224,Male,21,9,99,6.1,3.97,100,75,84,89,Medium,No,No,High School,Low,5.4,4.1,High,Good,6,Pass,Excellent
225,Female,20,9,50,3.3,2.31,76,50,56,60,High,No,Yes,High School,High,7.7,2.1,Low,Average,18,Pass,Average
226,Male,22,College-1,76,4.8,3.77,100,62,84,84,High,Yes,Yes,Postgraduate,Medium,6.3,3.4,Medium,Average,11,Pass,Good
227,Female,19,9,91,5.3,3.37,100,74,82,88,High,No,No,Graduate,Low,7.3,7.7,Medium,Average,8,Pass,Excellent
228,Male,18,College-2,70,4.6,3.91,100,65,74,84,Medium,Yes,Yes,Postgraduate,High,8.8,2.2,High,Excellent,13,Pass,Good
229,Male,17,11,91,6.7,2.05,94,70,76,91,High,Yes,Yes,Graduate,Medium,4.8,5.8,Medium,Excellent,8,Pass,Excellent
230,Male,20,College-1,90,3.8,2.24,76,74,69,79,Low,No,No,Postgraduate,Low,5.9,3.7,Medium,Excellent,8,Pass,Good
231,Female,20,9,74,3.8,3.07,95,58,77,79,High,Yes,Yes,High School,Low,7.5,4.3,High,Excellent,12,Pass,Good
232,Male,17,10,84,4.8,3.48,100,62,86,81,Low,No,Yes,High School,Low,4.9,2.5,High,Poor,9,Pass,Good
233,Male,22,11,98,7.5,3.1,100,78,89,100,Medium,Yes,Yes,High School,Medium,9.0,4.2,High,Poor,6,Pass,Excellent
234,Female,17,9,62,3.2,2.61,93,41,70,67,Medium,Yes,Yes,Postgraduate,High,6.5,5.3,High,Excellent,15,Pass,Average
235,Female,16,10,67,6.9,3.76,100,72,89,90,High,Yes,No,High School,High,5.1,6.1,Low,Good,14,Pass,Excellent
236,Male,15,College-1,96,7.2,2.04,100,94,89,99,Medium,No,Yes,Graduate,Medium,4.8,1.5,Low,Good,6,Pass,Excellent
237,Male,22,10,58,4.3,3.0,94,59,73,71,Low,Yes,No,Graduate,Low,6.8,3.8,Low,Excellent,16,Pass,Good
238,Male,15,College-2,64,1.4,2.41,75,41,65,54,Medium,Yes,No,Postgraduate,Medium,6.2,1.3,High,Average,14,Pass,Poor
239,Female,20,11,74,5.6,3.67,100,63,85,87,Medium,No,Yes,Postgraduate,Low,6.1,5.6,Medium,Average,12,Pass,Excellent
240,Female,20,College-2,64,1.5,2.37,75,48,56,59,Low,No,No,Graduate,Low,7.4,2.5,High,Average,14,Pass,Average
241,Male,15,10,91,6.8,3.15,100,73,94,99,Medium,Yes,No,Postgraduate,High,4.6,1.3,High,Poor,8,Pass,Excellent
242,Male,21,College-1,96,6.1,2.43,100,83,98,99,Low,Yes,No,High School,High,8.2,7.6,High,Good,6,Pass,Excellent
243,Female,17,College-1,79,5.2,2.26,80,61,78,73,Low,Yes,No,Postgraduate,High,4.8,3.6,Low,Poor,11,Pass,Good
244,Female,15,College-2,55,4.4,3.66,100,52,84,75,High,No,Yes,Graduate,Medium,5.1,5.2,Medium,Poor,17,Pass,Good
245,Male,15,College-2,77,1.9,3.72,100,57,83,77,High,Yes,Yes,Postgraduate,Low,6.6,2.6,Medium,Average,11,Pass,Good
246,Female,20,College-1,94,6.6,2.85,100,78,89,91,Medium,No,Yes,Graduate,High,6.3,1.7,High,Excellent,7,Pass,Excellent
247,Male,22,College-2,61,3.6,2.61,88,50,65,71,Low,Yes,Yes,Postgraduate,Medium,7.0,2.8,Medium,Poor,15,Pass,Good
248,Male,19,10,60,3.7,3.65,100,57,83,81,Medium,Yes,Yes,Postgraduate,Medium,7.4,6.6,Medium,Good,15,Pass,Good
249,Female,18,9,95,7.7,2.35,100,90,87,100,High,Yes,Yes,Postgraduate,Low,4.8,6.4,Medium,Average,7,Pass,Excellent
250,Male,16,9,91,1.0,3.56,100,52,80,76,High,No,No,Graduate,Medium,5.2,8.0,Low,Average,8,Pass,Good
251,Female,20,9,79,7.5,2.81,100,84,86,92,High,No,No,Postgraduate,Medium,7.1,2.8,Medium,Excellent,11,Pass,Excellent
252,Female,16,12,99,2.7,3.36,100,53,83,84,High,Yes,Yes,Graduate,Medium,6.0,6.4,Medium,Poor,6,Pass,Good
253,Female,20,10,94,6.8,3.35,100,73,83,90,High,No,Yes,Postgraduate,High,5.6,1.7,Low,Excellent,7,Pass,Excellent
254,Male,16,9,97,2.4,2.41,82,57,72,74,High,No,Yes,Postgraduate,Low,7.8,7.1,Medium,Good,6,Pass,Good
255,Female,21,10,89,3.2,3.15,100,65,79,78,High,Yes,Yes,Postgraduate,Medium,8.5,7.2,Medium,Poor,8,Pass,Good
256,Male,15,College-2,82,3.4,2.91,91,64,83,78,Low,No,Yes,Graduate,Medium,8.4,6.4,High,Good,10,Pass,Good
257,Male,21,College-2,61,4.8,3.23,100,49,81,76,Medium,No,No,Graduate,Medium,5.6,4.3,Low,Average,15,Pass,Good
258,Male,17,12,86,5.8,3.61,100,75,91,93,Low,Yes,No,Graduate,Low,8.2,6.0,High,Good,9,Pass,Excellent
259,Female,22,College-2,100,4.4,2.1,81,67,67,79,Low,No,No,Graduate,Medium,5.6,7.0,Medium,Good,5,Pass,Good
260,Female,20,College-2,72,1.1,3.93,100,49,71,70,High,No,No,High School,Medium,5.0,7.1,High,Good,12,Pass,Good
261,Male,17,11,79,5.4,3.62,100,69,88,91,Low,No,No,Postgraduate,Medium,5.2,2.2,High,Good,11,Pass,Excellent
262,Female,17,10,88,5.5,3.73,100,79,97,91,Low,Yes,Yes,Postgraduate,Medium,5.7,4.1,High,Poor,8,Pass,Excellent
263,Male,16,11,63,2.2,3.76,100,35,59,63,High,Yes,Yes,Postgraduate,Medium,5.0,1.4,Medium,Average,15,Pass,Average
264,Female,22,12,65,6.2,3.05,100,53,69,79,High,No,No,High School,High,6.5,1.9,High,Average,14,Pass,Good
265,Female,18,9,87,5.2,3.13,100,79,90,91,Medium,No,No,Graduate,Medium,7.3,5.5,Low,Good,9,Pass,Excellent
266,Female,19,9,50,1.0,2.69,80,37,50,49,Medium,No,Yes,High School,High,8.2,6.9,Medium,Average,18,Fail,Poor
267,Female,16,12,76,7.2,3.43,100,76,92,95,High,Yes,No,Graduate,High,6.5,2.7,High,Good,11,Pass,Excellent
268,Female,18,11,76,2.3,2.22,81,58,75,69,Low,Yes,Yes,Postgraduate,Low,4.8,2.0,Low,Poor,11,Pass,Average
269,Female,21,11,68,2.9,2.47,76,38,64,61,Medium,No,No,Postgraduate,Low,7.7,6.1,Medium,Poor,13,Pass,Average
270,Female,15,9,98,7.7,2.14,100,82,89,99,High,Yes,No,Graduate,Low,4.8,6.4,High,Poor,6,Pass,Excellent
271,Male,15,College-2,62,4.2,3.96,100,54,78,76,High,Yes,No,Graduate,High,8.0,4.6,Medium,Average,15,Pass,Good
272,Male,19,College-1,73,7.2,2.23,100,75,89,96,Low,No,Yes,High School,Low,8.4,2.5,High,Excellent,12,Pass,Excellent
273,Male,20,College-2,94,5.2,2.32,87,82,86,92,Low,Yes,Yes,Graduate,Low,6.2,1.6,Medium,Good,7,Pass,Excellent
274,Female,22,10,78,6.1,3.45,100,60,87,84,High,Yes,No,Graduate,High,4.6,3.6,Medium,Good,11,Pass,Good
275,Male,21,College-2,88,7.4,2.31,100,79,92,94,Low,Yes,No,Postgraduate,Low,7.0,1.5,Medium,Poor,8,Pass,Excellent
276,Female,20,9,92,7.8,3.37,100,79,90,97,Low,Yes,Yes,High School,Low,8.2,2.3,Low,Average,7,Pass,Excellent
277,Female,18,College-1,56,4.4,3.67,100,56,78,81,High,Yes,Yes,High School,High,4.9,5.0,Medium,Poor,16,Pass,Good
278,Male,16,11,79,6.6,3.88,100,73,79,90,Low,Yes,Yes,High School,High,4.8,4.9,Low,Excellent,11,Pass,Excellent
279,Female,22,College-2,62,2.4,3.9,100,50,80,76,High,No,Yes,High School,Low,7.5,5.0,High,Excellent,15,Pass,Good
280,Female,21,College-2,82,3.4,2.89,98,58,80,78,Medium,Yes,Yes,Graduate,High,5.2,8.0,High,Good,10,Pass,Good
281,Male,19,9,73,7.7,3.45,100,84,84,91,Medium,Yes,Yes,Graduate,Low,6.5,3.8,High,Good,12,Pass,Excellent
282,Female,20,College-1,85,4.6,2.19,91,66,74,83,Low,Yes,No,Graduate,Low,7.1,5.0,High,Excellent,9,Pass,Good
283,Male,21,9,86,7.4,3.59,100,85,87,97,Low,No,No,Graduate,Medium,7.8,6.1,Low,Average,9,Pass,Excellent
284,Male,20,College-1,97,5.6,3.55,100,67,84,86,High,Yes,No,Postgraduate,High,7.2,1.1,Low,Average,6,Pass,Excellent
285,Female,19,12,53,5.7,3.51,100,61,74,81,Low,Yes,No,High School,Medium,9.0,7.8,High,Poor,17,Pass,Good
286,Male,22,12,85,3.8,3.55,100,55,84,77,High,Yes,Yes,High School,Low,4.9,4.5,Medium,Excellent,9,Pass,Good
287,Female,15,11,70,5.8,2.83,100,65,80,84,Low,No,No,Postgraduate,Low,7.1,1.8,Medium,Poor,13,Pass,Good
288,Female,15,11,64,2.4,3.71,100,35,66,69,High,Yes,No,Graduate,Medium,6.2,6.3,Low,Good,14,Pass,Average
289,Female,15,11,63,6.2,3.5,100,67,79,89,Low,Yes,No,High School,High,5.5,4.8,High,Good,15,Pass,Excellent
290,Female,18,12,53,4.3,3.32,100,41,62,70,High,Yes,No,Graduate,High,8.8,1.5,High,Poor,17,Pass,Good
291,Female,22,12,61,2.4,3.42,91,39,73,66,High,Yes,Yes,Graduate,High,8.9,4.9,Medium,Good,15,Pass,Average
292,Male,19,10,90,3.1,2.55,82,70,76,75,Low,No,No,Postgraduate,Low,9.0,7.9,Low,Excellent,8,Pass,Good
293,Female,20,12,83,7.7,2.45,100,88,90,96,High,Yes,Yes,Postgraduate,Low,7.3,5.4,High,Average,10,Pass,Excellent
294,Male,16,10,58,3.2,2.27,71,55,60,60,Medium,Yes,Yes,Graduate,Medium,7.7,4.7,Medium,Good,16,Pass,Average
295,Male,15,College-1,78,6.2,3.48,100,66,78,89,High,No,Yes,Postgraduate,Low,8.2,5.5,Low,Poor,11,Pass,Excellent
296,Female,22,12,72,1.6,3.69,100,54,80,76,Low,Yes,Yes,High School,Low,8.0,1.9,Medium,Poor,12,Pass,Good
297,Female,20,12,67,7.7,2.41,96,64,77,83,Low,No,No,High School,High,5.5,5.7,High,Excellent,14,Pass,Good
298,Male,22,12,96,3.2,3.19,100,74,80,82,Low,Yes,No,Postgraduate,Low,7.3,6.2,High,Excellent,6,Pass,Good
299,Female,19,College-1,83,6.4,2.88,100,72,92,94,Low,Yes,No,Postgraduate,Medium,8.8,2.3,Low,Poor,10,Pass,Excellent
300,Male,22,College-1,61,6.5,2.27,94,63,84,87,High,Yes,No,High School,Medium,8.7,5.9,Medium,Average,15,Pass,Excellent
301,Male,21,College-1,95,6.1,3.27,100,84,96,93,Medium,Yes,Yes,Graduate,High,4.9,5.9,High,Average,7,Pass,Excellent
302,Male,17,10,60,7.1,2.84,100,69,85,90,Low,No,Yes,Graduate,Medium,5.3,6.0,Medium,Poor,15,Pass,Excellent
303,Male,19,College-1,88,7.2,2.95,100,84,86,100,High,Yes,Yes,High School,Low,5.6,5.1,Low,Good,8,Pass,Excellent
304,Female,17,10,52,2.0,3.21,91,35,56,62,High,No,Yes,Graduate,High,4.6,5.0,High,Good,17,Pass,Average
305,Female,17,9,52,1.7,2.76,72,37,48,51,High,No,No,Postgraduate,Medium,5.8,3.6,High,Average,17,Pass,Poor
306,Female,20,11,94,2.5,3.96,100,51,82,79,High,No,Yes,Postgraduate,High,4.8,5.0,Medium,Excellent,7,Pass,Good
307,Female,16,College-2,81,6.7,2.58,99,64,76,91,Low,No,No,High School,Medium,8.5,2.6,Medium,Average,10,Pass,Excellent
308,Male,20,11,50,5.5,2.14,80,58,71,75,Medium,Yes,Yes,High School,Medium,7.6,2.8,Medium,Excellent,18,Pass,Good
309,Male,19,College-1,80,6.6,3.25,100,73,92,90,High,No,Yes,High School,High,7.4,4.4,High,Good,10,Pass,Excellent
310,Male,16,11,100,3.5,2.06,86,77,78,80,High,No,Yes,Graduate,Medium,8.9,3.0,Low,Excellent,5,Pass,Good
311,Male,16,12,65,3.6,3.05,92,43,70,73,High,Yes,No,Postgraduate,Low,8.2,3.1,Low,Good,14,Pass,Good
312,Male,22,12,80,6.1,2.29,87,76,77,86,High,Yes,Yes,Graduate,Low,6.9,6.4,High,Poor,10,Pass,Excellent
313,Female,18,10,71,4.3,3.32,100,47,74,77,Medium,No,No,Graduate,High,4.7,4.6,Low,Good,13,Pass,Good
314,Female,19,10,59,2.1,3.12,84,36,63,56,High,No,Yes,High School,Low,5.0,7.7,Medium,Good,16,Pass,Average
315,Female,21,10,84,4.1,3.35,100,64,75,85,High,No,No,Graduate,Medium,5.1,4.3,Low,Poor,9,Pass,Excellent
316,Female,22,10,98,6.4,3.6,100,74,93,95,Low,Yes,No,Graduate,Medium,7.1,1.7,Low,Good,6,Pass,Excellent
317,Male,19,11,100,7.0,2.13,92,86,96,94,High,Yes,Yes,Graduate,High,6.0,4.4,Low,Good,5,Pass,Excellent
318,Male,22,12,85,5.5,2.8,100,67,82,83,Low,No,Yes,Postgraduate,High,8.1,4.7,Medium,Excellent,9,Pass,Good
319,Female,20,College-1,86,6.5,3.33,100,83,98,100,Low,No,Yes,Graduate,Medium,7.0,2.7,Low,Poor,9,Pass,Excellent
320,Male,17,College-2,93,6.7,2.99,100,72,84,95,Low,No,No,Graduate,High,8.0,3.7,High,Excellent,7,Pass,Excellent
321,Male,21,10,62,2.4,3.59,100,46,76,74,Medium,Yes,No,Postgraduate,Low,8.4,3.1,Low,Good,15,Pass,Good
322,Female,21,12,57,7.0,3.4,100,73,88,87,High,Yes,Yes,Graduate,Low,8.4,2.6,Low,Excellent,16,Pass,Excellent
323,Male,22,College-2,73,6.9,3.34,100,61,74,89,Medium,Yes,Yes,High School,High,5.2,8.0,Medium,Excellent,12,Pass,Excellent
324,Female,18,10,100,5.9,2.91,100,86,99,97,Medium,Yes,No,Postgraduate,Low,8.7,5.4,High,Good,5,Pass,Excellent
325,Male,17,College-2,76,7.5,2.08,99,76,82,89,High,No,No,Postgraduate,Low,7.1,1.2,High,Poor,11,Pass,Excellent
326,Female,15,12,65,4.3,2.16,90,61,76,80,Medium,No,No,Graduate,Medium,7.8,7.7,Medium,Good,14,Pass,Good
327,Male,15,College-2,60,1.2,3.45,100,35,60,60,Medium,Yes,No,Graduate,Low,8.7,6.2,Low,Poor,15,Pass,Average
328,Female,20,10,100,2.9,3.72,100,57,75,83,Medium,Yes,No,High School,High,5.1,3.0,Low,Good,5,Pass,Good
329,Male,18,College-1,55,7.8,3.68,100,68,83,85,High,No,Yes,Postgraduate,Medium,7.2,6.8,Low,Poor,17,Pass,Excellent
330,Female,19,10,60,4.2,3.9,100,48,78,74,High,No,Yes,Graduate,Medium,6.6,4.3,Medium,Good,15,Pass,Good
331,Female,19,9,83,5.8,3.27,100,79,89,91,Medium,No,No,Postgraduate,High,4.7,7.4,Low,Average,10,Pass,Excellent
332,Male,16,College-2,83,3.4,3.1,92,50,63,70,Medium,No,Yes,Postgraduate,Medium,7.6,2.3,Medium,Average,10,Pass,Good
333,Male,17,12,52,1.2,3.31,86,41,58,61,High,Yes,Yes,Postgraduate,Low,4.9,7.6,Medium,Good,17,Pass,Average
334,Male,19,9,79,5.6,3.99,100,67,83,89,Medium,No,No,High School,Medium,4.8,4.2,Medium,Average,11,Pass,Excellent
335,Female,18,College-1,78,1.5,2.79,96,51,68,72,High,Yes,No,Postgraduate,Medium,8.9,2.4,Low,Poor,11,Pass,Good
336,Female,19,10,54,1.5,2.04,69,35,44,52,High,No,No,Postgraduate,Low,7.8,6.4,High,Excellent,17,Pass,Poor
337,Female,16,College-1,80,4.1,3.57,100,57,70,77,High,No,No,Postgraduate,Medium,8.3,6.5,Medium,Poor,10,Pass,Good
338,Male,17,College-1,90,8.0,3.71,100,77,94,98,Low,No,Yes,Graduate,High,7.4,3.6,Medium,Poor,8,Pass,Excellent
339,Male,18,12,90,5.8,2.88,100,68,77,89,Medium,Yes,No,Graduate,High,6.7,7.2,Medium,Poor,8,Pass,Excellent
340,Male,18,9,52,3.4,2.81,84,53,76,65,Low,Yes,No,Postgraduate,Low,6.0,6.0,Medium,Poor,17,Pass,Average
341,Male,16,9,65,5.9,2.1,85,55,76,78,Medium,Yes,Yes,High School,Medium,5.1,2.2,Medium,Excellent,14,Pass,Good
342,Male,16,11,70,1.8,2.64,78,35,53,55,Low,No,Yes,Postgraduate,Medium,7.6,4.8,High,Average,13,Pass,Average
343,Male,22,9,78,2.7,3.58,100,61,84,82,Low,Yes,Yes,High School,High,7.1,1.9,High,Good,11,Pass,Good
344,Female,21,10,76,5.9,2.25,86,77,81,80,Low,Yes,Yes,Postgraduate,Medium,8.1,4.3,High,Poor,11,Pass,Good
345,Female,18,12,90,6.8,3.12,100,72,94,97,High,Yes,No,High School,Low,5.9,3.9,Low,Average,8,Pass,Excellent
346,Male,21,11,93,6.9,2.32,92,72,85,90,Medium,No,Yes,High School,High,8.6,4.5,Low,Average,7,Pass,Excellent
347,Male,20,10,60,6.5,3.79,100,70,87,85,Low,No,Yes,High School,Low,6.7,1.8,High,Excellent,15,Pass,Excellent
348,Male,21,11,62,3.6,2.97,98,43,68,68,Low,No,Yes,Postgraduate,Medium,5.5,4.3,Medium,Average,15,Pass,Average
349,Female,18,11,71,1.9,2.27,79,49,69,66,High,Yes,Yes,Postgraduate,High,7.6,1.4,Low,Poor,13,Pass,Average
350,Male,18,11,76,7.0,3.18,100,71,77,87,Medium,Yes,Yes,Postgraduate,Low,6.7,8.0,Medium,Poor,11,Pass,Excellent
351,Female,18,9,52,7.9,2.85,100,70,80,85,High,Yes,No,High School,Low,7.8,4.5,Medium,Good,17,Pass,Excellent
352,Female,17,College-2,65,5.5,2.61,99,68,75,80,Medium,Yes,No,Postgraduate,Medium,4.9,4.4,High,Poor,14,Pass,Good
353,Female,15,College-1,90,1.5,2.07,77,50,61,67,High,No,Yes,High School,Medium,8.5,3.3,Medium,Excellent,8,Pass,Average
354,Male,16,College-2,89,1.3,3.41,100,47,69,71,Medium,Yes,Yes,Graduate,Medium,6.1,5.5,Medium,Excellent,8,Pass,Good
355,Female,16,10,67,1.4,3.0,81,45,64,58,Medium,Yes,Yes,Graduate,Low,6.2,4.2,Medium,Poor,14,Pass,Average
356,Female,17,12,56,2.2,2.3,69,45,49,54,Medium,No,No,Postgraduate,High,5.0,2.0,Low,Good,16,Pass,Poor
357,Female,22,College-1,62,1.4,3.89,100,38,74,66,High,No,No,Graduate,High,8.4,2.6,Low,Good,15,Pass,Average
358,Female,17,College-1,60,6.5,2.58,88,56,75,77,Low,No,Yes,High School,High,5.5,3.6,High,Average,15,Pass,Good
359,Male,20,11,60,2.7,2.25,73,44,55,58,Low,No,No,Postgraduate,Low,4.7,3.2,High,Good,15,Pass,Average
360,Female,19,12,57,7.4,2.29,98,65,77,89,Medium,Yes,No,Graduate,High,6.3,4.5,Low,Excellent,16,Pass,Excellent
361,Female,15,College-1,52,2.0,2.8,79,40,62,60,High,Yes,Yes,Graduate,Low,7.0,3.2,Low,Poor,17,Pass,Average
362,Male,20,12,84,6.9,3.95,100,72,93,92,Low,No,No,Graduate,Medium,7.5,7.7,Low,Good,9,Pass,Excellent
363,Male,21,College-2,72,3.5,2.18,83,56,75,71,Medium,Yes,Yes,High School,Low,8.9,7.1,Medium,Excellent,12,Pass,Good
364,Female,17,College-1,83,7.9,3.51,100,71,90,95,Medium,Yes,Yes,High School,Medium,4.8,7.7,Medium,Excellent,10,Pass,Excellent
365,Male,19,11,52,6.8,2.99,100,57,70,84,High,No,Yes,Postgraduate,High,5.9,5.1,Medium,Excellent,17,Pass,Good
366,Female,21,11,61,4.4,2.24,80,57,62,67,High,No,Yes,Graduate,High,7.6,2.7,High,Poor,15,Pass,Average
367,Female,20,12,66,2.1,3.76,100,44,69,73,High,No,Yes,Graduate,Medium,4.8,3.2,High,Poor,14,Pass,Good
368,Female,19,College-2,82,2.4,3.2,95,60,79,76,High,No,Yes,Postgraduate,High,7.3,6.4,Medium,Average,10,Pass,Good
369,Male,18,College-1,50,2.0,2.82,77,35,54,56,High,Yes,No,Graduate,Low,5.8,6.5,Low,Average,18,Pass,Average
370,Female,15,College-2,51,4.4,3.63,100,53,78,78,Low,Yes,Yes,Postgraduate,Low,5.9,3.5,High,Average,18,Pass,Good
371,Female,15,10,69,1.9,3.38,92,36,56,59,Low,Yes,Yes,Graduate,Low,5.1,1.6,Medium,Poor,13,Pass,Average
372,Female,15,9,54,3.1,2.25,84,38,59,63,Low,No,No,Graduate,Low,4.5,1.7,High,Average,17,Pass,Average
373,Male,16,10,82,5.0,2.03,81,62,72,78,High,No,No,Postgraduate,High,4.9,5.0,Low,Excellent,10,Pass,Good
374,Male,20,9,93,7.7,2.76,100,91,94,99,Medium,Yes,Yes,Graduate,Medium,5.3,3.5,High,Good,7,Pass,Excellent
375,Male,21,11,85,6.1,2.77,100,82,92,91,Medium,Yes,Yes,Graduate,High,4.9,4.5,Medium,Average,9,Pass,Excellent
376,Female,16,College-2,50,8.0,2.88,99,58,74,81,Low,Yes,No,High School,Medium,6.7,1.7,Low,Excellent,18,Pass,Good
377,Female,22,College-2,57,2.6,3.53,100,49,74,69,High,No,No,Postgraduate,Medium,6.4,4.5,Low,Excellent,16,Pass,Average
378,Female,15,10,56,1.9,3.88,96,35,58,65,Medium,No,Yes,Graduate,High,6.7,2.6,High,Poor,16,Pass,Average
379,Female,20,College-1,98,1.5,3.59,100,55,84,76,High,Yes,Yes,Graduate,Low,7.9,6.4,Medium,Excellent,6,Pass,Good
380,Male,19,College-2,70,7.0,2.35,96,65,87,85,Medium,No,Yes,Postgraduate,High,6.5,1.3,Medium,Excellent,13,Pass,Excellent
381,Female,15,9,80,4.9,2.53,100,66,86,86,High,Yes,Yes,Graduate,Medium,5.2,1.4,High,Poor,10,Pass,Excellent
382,Male,18,10,98,7.2,2.69,100,88,97,100,High,No,Yes,Postgraduate,Low,6.0,1.7,Medium,Poor,6,Pass,Excellent
383,Female,15,College-2,71,2.2,3.32,100,54,85,74,Medium,Yes,No,Graduate,High,6.9,1.3,Medium,Good,13,Pass,Good
384,Female,20,12,86,1.7,2.41,86,57,73,73,Low,No,Yes,Postgraduate,Low,6.7,5.8,Medium,Good,9,Pass,Good
385,Female,16,College-1,53,3.1,3.25,89,50,64,65,High,No,No,High School,Medium,7.1,6.6,Low,Good,17,Pass,Average
386,Male,15,College-2,82,6.6,2.4,100,72,94,90,High,Yes,No,High School,High,6.4,4.8,High,Excellent,10,Pass,Excellent
387,Male,20,12,67,7.6,3.54,100,79,82,88,Low,Yes,Yes,Postgraduate,High,6.9,5.3,Medium,Excellent,14,Pass,Excellent
388,Female,18,12,76,3.2,2.41,87,52,70,73,Low,Yes,Yes,High School,Low,8.2,1.5,Low,Good,11,Pass,Good
389,Male,19,11,79,4.4,3.81,100,56,78,83,High,Yes,Yes,Postgraduate,Medium,9.0,4.0,Low,Poor,11,Pass,Good
390,Male,16,College-1,55,3.2,3.91,100,35,71,70,High,Yes,No,Graduate,Low,5.8,1.4,Low,Poor,17,Pass,Good
391,Male,17,10,99,6.6,2.78,100,85,90,100,Medium,No,No,Graduate,High,6.0,5.1,Low,Excellent,6,Pass,Excellent
392,Female,20,11,84,3.6,2.85,95,58,72,76,Low,Yes,Yes,Postgraduate,High,8.8,3.2,Low,Good,9,Pass,Good
393,Female,15,12,85,3.7,3.81,100,68,83,81,Medium,No,Yes,High School,Medium,7.4,5.9,Low,Average,9,Pass,Good
394,Female,21,11,78,5.4,2.81,93,64,72,78,High,No,Yes,High School,High,8.5,6.4,Medium,Poor,11,Pass,Good
395,Male,15,12,72,3.9,2.65,81,46,60,63,Low,No,No,Postgraduate,Low,7.8,4.8,Low,Average,12,Pass,Average
396,Female,17,11,65,4.6,3.53,100,58,81,77,Low,No,No,High School,Low,8.9,6.8,Medium,Good,14,Pass,Good
397,Female,18,11,61,3.8,3.14,89,39,63,69,High,Yes,Yes,Graduate,High,6.2,6.8,Medium,Good,15,Pass,Average
398,Male,18,College-2,59,1.6,2.23,76,40,64,54,Low,Yes,No,Graduate,High,6.2,7.6,Medium,Excellent,16,Pass,Poor
399,Male,15,11,58,4.0,3.65,100,52,73,73,Medium,Yes,No,High School,Medium,5.4,2.5,High,Excellent,16,Pass,Good
400,Male,16,College-1,55,1.1,3.39,88,35,66,59,Low,Yes,No,High School,Medium,5.1,3.3,Medium,Poor,17,Pass,Average
401,Female,17,College-1,50,2.8,2.79,86,35,53,60,Medium,No,No,High School,Low,7.3,3.1,Medium,Excellent,18,Pass,Average
402,Female,19,College-1,59,2.8,3.0,89,44,71,66,Medium,No,Yes,Graduate,High,5.9,7.8,Medium,Average,16,Pass,Average
403,Male,22,11,85,7.0,2.11,89,68,77,88,Low,No,No,High School,Medium,7.5,6.6,Low,Excellent,9,Pass,Excellent
404,Male,19,10,72,7.9,2.22,92,68,83,91,Low,No,Yes,Postgraduate,Low,7.0,4.2,High,Average,12,Pass,Excellent
405,Female,20,College-1,76,7.4,2.19,96,65,81,91,Low,No,Yes,High School,Low,5.6,4.5,Medium,Excellent,11,Pass,Excellent
406,Male,18,9,79,5.4,2.66,90,76,89,85,High,No,No,High School,High,5.7,5.6,Low,Excellent,11,Pass,Excellent
407,Female,21,11,55,3.8,3.73,100,36,66,71,High,Yes,Yes,Graduate,Medium,5.3,7.8,Medium,Good,17,Pass,Good
408,Female,19,College-1,93,5.2,2.73,100,77,94,91,High,No,Yes,Graduate,Medium,6.1,1.7,High,Average,7,Pass,Excellent
409,Male,19,12,77,5.4,3.95,100,75,83,85,Medium,Yes,No,Graduate,Low,4.9,4.6,Low,Good,11,Pass,Excellent
410,Female,21,9,65,4.7,2.15,73,62,62,64,Medium,No,No,Graduate,High,5.8,1.3,Low,Poor,14,Pass,Average
411,Female,22,College-2,57,6.2,3.69,100,51,80,80,Medium,No,No,High School,Low,6.6,6.5,Low,Poor,16,Pass,Good
412,Male,17,College-2,97,7.9,2.87,100,78,93,100,Medium,No,No,Postgraduate,High,5.7,5.7,High,Excellent,6,Pass,Excellent
413,Male,15,10,69,5.3,3.35,100,60,74,83,Low,Yes,Yes,High School,Low,8.9,3.5,Medium,Average,13,Pass,Good
414,Female,21,9,91,2.7,3.08,93,58,81,80,Low,Yes,Yes,Postgraduate,High,8.3,7.0,Medium,Excellent,8,Pass,Good
415,Male,21,12,80,1.1,2.59,83,36,61,64,Medium,No,Yes,Graduate,Medium,6.5,2.7,Medium,Excellent,10,Pass,Average
416,Male,22,College-1,64,6.0,2.63,89,60,79,76,High,No,No,Postgraduate,Medium,6.9,4.0,Low,Average,14,Pass,Good
417,Female,21,12,68,6.1,3.02,100,64,88,89,High,No,No,High School,High,6.6,4.1,Low,Good,13,Pass,Excellent
418,Female,19,10,94,6.2,2.4,100,83,86,93,Low,Yes,Yes,Graduate,Medium,7.5,1.9,Medium,Average,7,Pass,Excellent
419,Male,22,11,61,6.8,2.13,92,57,73,82,Medium,No,Yes,Postgraduate,Medium,8.5,1.2,Low,Poor,15,Pass,Good
420,Male,16,10,95,1.4,3.93,100,47,68,69,High,Yes,Yes,Graduate,Low,8.8,6.6,High,Good,7,Pass,Average
421,Male,18,12,95,4.1,2.2,98,69,85,89,Medium,Yes,Yes,Graduate,Medium,6.8,6.1,Medium,Average,7,Pass,Excellent
422,Male,17,12,55,2.9,3.26,94,36,73,64,Medium,No,No,Postgraduate,High,7.7,3.9,Medium,Poor,17,Pass,Average
423,Male,21,9,78,2.0,3.89,100,49,76,72,Medium,Yes,Yes,Postgraduate,Low,4.5,6.6,High,Good,11,Pass,Good
424,Male,21,12,76,3.8,2.61,91,58,66,74,High,Yes,No,Postgraduate,Medium,7.6,4.9,High,Excellent,11,Pass,Good
425,Male,19,College-1,99,2.4,2.67,87,67,78,79,Medium,Yes,Yes,High School,High,5.9,1.3,High,Good,6,Pass,Good
426,Female,16,9,65,6.8,3.01,100,67,83,83,High,Yes,No,Graduate,High,5.9,4.0,High,Poor,14,Pass,Good
427,Female,19,College-2,79,3.4,3.16,100,63,80,80,High,Yes,No,Postgraduate,High,5.6,6.2,Low,Poor,11,Pass,Good
428,Male,15,12,70,4.6,2.91,93,61,82,82,Low,No,Yes,Graduate,Low,5.4,6.4,Medium,Excellent,13,Pass,Good
429,Female,17,10,87,4.9,3.17,100,71,91,86,High,Yes,No,Postgraduate,Medium,8.0,7.1,Low,Poor,9,Pass,Excellent
430,Male,20,College-1,94,2.5,3.89,100,52,81,82,Medium,Yes,Yes,High School,Medium,6.6,6.2,Medium,Good,7,Pass,Good
431,Male,17,College-2,69,3.1,3.57,100,41,71,72,Medium,Yes,Yes,Postgraduate,Medium,4.6,2.0,Low,Poor,13,Pass,Good
432,Female,22,College-2,76,4.4,2.68,97,65,77,83,Medium,Yes,No,High School,High,5.9,4.2,High,Excellent,11,Pass,Good
433,Male,19,College-1,74,2.6,3.92,100,48,68,74,High,Yes,Yes,High School,High,6.3,4.8,High,Poor,12,Pass,Good
434,Male,18,College-2,86,4.7,2.04,92,61,68,79,High,No,Yes,Postgraduate,High,7.9,4.5,Medium,Excellent,9,Pass,Good
435,Female,19,9,87,1.3,2.87,93,40,74,67,Low,Yes,Yes,Graduate,Low,8.4,1.2,Low,Good,9,Pass,Average
436,Male,19,12,99,1.6,2.34,91,57,71,78,Low,No,Yes,Graduate,Medium,5.9,3.9,Medium,Excellent,6,Pass,Good
437,Female,15,11,57,1.4,2.47,80,41,64,61,Medium,No,Yes,Graduate,Low,5.6,5.2,Medium,Average,16,Pass,Average
438,Female,22,9,51,2.9,2.49,86,50,64,64,High,Yes,Yes,Graduate,High,8.8,5.7,Low,Average,18,Pass,Average
439,Male,15,12,84,7.7,2.08,100,89,95,100,Medium,No,No,Graduate,High,8.8,4.9,Low,Good,9,Pass,Excellent
440,Male,20,College-2,52,2.1,2.18,62,35,48,46,Medium,No,No,Graduate,Low,6.9,1.5,High,Good,17,Fail,Poor
441,Male,15,College-2,71,2.5,3.83,100,58,71,72,Low,No,No,Graduate,High,8.8,3.3,Low,Poor,13,Pass,Good
442,Male,15,9,84,1.2,3.34,100,50,78,72,Medium,No,Yes,Graduate,Low,8.2,5.7,Low,Poor,9,Pass,Good
443,Male,22,11,98,3.0,2.18,93,74,84,85,Low,No,No,Postgraduate,High,8.6,3.5,High,Average,6,Pass,Excellent
444,Male,17,9,50,2.4,3.74,100,43,78,71,High,Yes,Yes,High School,Medium,8.2,3.8,High,Average,18,Pass,Good
445,Female,15,12,83,6.1,2.05,97,81,89,88,High,Yes,No,Graduate,Medium,5.7,6.9,Medium,Poor,10,Pass,Excellent
446,Female,20,9,93,4.6,2.09,84,60,72,75,Medium,Yes,No,High School,High,6.7,4.6,Low,Average,7,Pass,Good
447,Female,21,9,94,4.0,2.33,89,59,69,81,High,No,No,High School,Low,4.8,2.7,Medium,Average,7,Pass,Good
448,Female,16,9,71,6.8,2.47,91,78,90,92,Low,Yes,No,Graduate,High,8.2,4.6,Low,Average,13,Pass,Excellent
449,Male,19,12,53,7.4,3.25,100,56,71,77,Medium,Yes,No,High School,High,6.5,3.1,High,Poor,17,Pass,Good
450,Female,18,9,79,3.7,3.24,100,68,76,79,Low,Yes,Yes,Postgraduate,Low,8.1,7.2,High,Average,11,Pass,Good
451,Male,17,11,90,4.6,3.24,100,65,78,89,High,No,No,Graduate,High,6.1,4.4,High,Average,8,Pass,Excellent
452,Male,15,12,59,4.3,3.94,100,59,75,82,Medium,Yes,Yes,Postgraduate,Low,7.2,3.0,Low,Good,16,Pass,Good
453,Female,20,10,62,5.7,3.2,100,67,85,85,Low,No,Yes,Graduate,Low,7.6,7.9,Low,Average,15,Pass,Excellent
454,Male,15,11,94,2.6,3.47,100,62,79,79,Low,Yes,No,High School,High,7.3,2.7,Low,Average,7,Pass,Good
455,Male,18,11,68,4.1,2.72,83,50,64,68,High,Yes,No,Postgraduate,Low,7.3,7.4,Low,Average,13,Pass,Average
456,Male,19,12,51,2.2,3.66,96,38,62,62,Low,No,No,Postgraduate,Low,5.7,1.7,High,Excellent,18,Pass,Average
457,Female,21,College-2,95,1.5,3.59,100,62,85,79,Low,Yes,Yes,Postgraduate,Medium,5.1,7.5,Low,Good,7,Pass,Good
458,Female,16,10,65,1.4,3.7,100,44,70,71,High,No,No,Graduate,High,8.1,7.1,Medium,Average,14,Pass,Good
459,Male,18,10,70,6.0,3.91,100,63,85,90,Medium,Yes,No,High School,Medium,6.9,4.4,Medium,Excellent,13,Pass,Excellent
460,Female,18,College-1,86,2.1,2.17,69,52,66,59,Low,No,No,Graduate,Medium,8.3,2.8,Medium,Excellent,9,Pass,Average
461,Female,16,11,76,3.6,2.05,82,53,67,72,High,Yes,No,High School,Low,6.7,2.9,Low,Poor,11,Pass,Good
462,Female,15,11,73,1.3,2.66,80,41,58,61,Medium,No,No,Graduate,High,5.4,2.4,High,Poor,12,Pass,Average
463,Male,22,College-2,80,5.6,3.73,100,65,80,83,Medium,No,Yes,Graduate,Low,9.0,7.7,Medium,Excellent,10,Pass,Good
464,Female,20,10,63,4.1,2.28,76,51,55,61,Medium,No,No,Postgraduate,High,8.3,1.2,Medium,Good,15,Pass,Average
465,Male,21,9,87,1.2,2.31,77,57,71,64,High,No,Yes,Graduate,Low,8.0,7.5,Medium,Excellent,9,Pass,Average
466,Male,18,9,90,7.3,3.11,100,90,100,100,Medium,No,Yes,High School,Medium,4.9,1.7,High,Poor,8,Pass,Excellent
467,Male,21,12,79,1.4,3.72,100,48,71,74,High,Yes,No,High School,Low,6.8,2.2,Low,Good,11,Pass,Good
468,Female,19,10,77,6.7,3.15,100,80,88,89,Low,Yes,No,High School,Medium,7.5,2.1,High,Average,11,Pass,Excellent
469,Female,19,12,83,3.3,2.93,89,50,70,69,High,Yes,No,High School,Low,7.1,4.4,High,Excellent,10,Pass,Average
470,Female,16,College-2,79,3.7,2.19,73,55,61,66,High,Yes,No,Graduate,High,7.5,5.9,Low,Good,11,Pass,Average
471,Male,22,9,54,6.3,2.82,95,56,73,74,Low,No,No,Graduate,High,6.8,6.5,Medium,Average,17,Pass,Good
472,Male,18,College-2,75,1.3,2.27,77,49,69,65,Medium,Yes,No,Graduate,Low,5.6,6.0,Low,Poor,12,Pass,Average
473,Female,20,10,88,1.7,2.78,81,42,61,65,Low,Yes,Yes,Graduate,High,5.8,4.7,Low,Poor,8,Pass,Average
474,Male,18,9,74,5.8,2.1,89,62,74,79,Low,No,Yes,High School,Medium,6.5,5.2,Low,Poor,12,Pass,Good
475,Male,20,11,64,7.7,3.33,100,61,85,84,High,Yes,Yes,Postgraduate,Medium,4.9,6.8,Medium,Poor,14,Pass,Good
476,Female,18,9,64,2.5,2.8,87,35,65,63,High,No,No,High School,Low,6.1,2.2,Low,Excellent,14,Pass,Average
477,Female,21,College-2,69,6.4,3.43,100,61,80,88,High,Yes,No,High School,High,6.7,7.9,High,Good,13,Pass,Excellent
478,Male,18,9,92,4.4,3.17,100,74,86,85,High,Yes,No,High School,High,6.0,5.3,Medium,Average,7,Pass,Excellent
479,Female,20,10,89,1.6,2.4,83,48,58,66,Medium,No,Yes,Postgraduate,Medium,5.1,4.5,High,Good,8,Pass,Average
480,Female,20,10,98,1.2,2.48,90,46,67,70,Medium,Yes,Yes,Graduate,Low,8.3,3.3,Low,Poor,6,Pass,Good
481,Male,21,College-2,90,7.9,2.35,100,80,89,94,Medium,No,Yes,Postgraduate,Low,8.7,1.9,Low,Excellent,8,Pass,Excellent
482,Female,21,12,61,5.2,3.94,100,54,84,83,Low,No,No,Graduate,High,5.9,5.0,High,Excellent,15,Pass,Good
483,Male,17,11,98,2.1,3.52,100,51,76,73,Medium,No,No,Graduate,Medium,8.8,4.4,Medium,Excellent,6,Pass,Good
484,Female,21,12,54,3.3,3.83,100,35,75,68,Medium,No,No,Graduate,Medium,7.7,2.4,High,Poor,17,Pass,Average
485,Female,22,College-2,76,7.2,3.86,100,70,90,92,High,No,Yes,Postgraduate,Medium,9.0,1.9,Medium,Average,11,Pass,Excellent
486,Female,17,11,65,4.3,3.41,98,64,77,80,Low,Yes,Yes,High School,Low,8.6,3.5,High,Excellent,14,Pass,Good
487,Female,21,College-1,75,5.9,3.82,100,62,86,86,Medium,No,Yes,High School,High,8.9,1.6,High,Good,12,Pass,Excellent
488,Male,16,College-2,59,2.9,3.4,91,39,72,70,Medium,No,No,Postgraduate,Medium,5.4,6.2,Low,Average,16,Pass,Good
489,Male,15,College-2,73,2.3,3.01,86,52,67,70,Low,Yes,No,Graduate,Medium,5.1,4.4,High,Poor,12,Pass,Good
490,Female,16,9,90,2.2,2.55,87,46,65,65,Low,No,Yes,Postgraduate,High,5.8,3.6,Low,Poor,8,Pass,Average
491,Female,20,11,63,4.7,3.97,100,60,87,81,High,No,No,High School,Medium,4.5,5.2,High,Excellent,15,Pass,Good
492,Male,16,College-1,74,5.3,3.61,100,67,87,88,Medium,Yes,No,Graduate,High,8.9,7.1,High,Excellent,12,Pass,Excellent
493,Female,22,10,82,3.9,3.92,100,50,78,83,High,No,No,Postgraduate,High,5.3,7.9,Low,Good,10,Pass,Good
494,Male,15,10,77,7.6,3.32,100,78,90,96,Medium,Yes,No,Postgraduate,High,8.7,4.3,Medium,Average,11,Pass,Excellent
495,Male,17,11,78,7.7,2.49,100,69,79,89,Medium,No,Yes,Postgraduate,Medium,6.7,4.8,High,Excellent,11,Pass,Excellent
496,Female,21,College-2,92,1.9,3.45,98,55,75,79,High,No,No,High School,Low,5.1,4.7,Medium,Poor,7,Pass,Good
497,Female,21,College-1,68,1.6,3.87,100,50,78,74,High,Yes,No,High School,High,4.9,6.2,High,Average,13,Pass,Good
498,Female,15,College-1,74,7.9,3.36,100,82,90,99,Medium,No,Yes,Graduate,Low,5.9,3.6,Medium,Excellent,12,Pass,Excellent
499,Male,19,College-2,59,5.2,3.6,100,64,84,83,High,No,Yes,Graduate,Medium,5.2,5.7,High,Excellent,16,Pass,Good
500,Female,19,College-2,53,7.9,2.42,95,57,73,78,Low,Yes,No,Graduate,Medium,6.0,6.8,High,Excellent,17,Pass,Good
501,Male,20,College-1,72,6.3,2.57,95,74,88,91,Low,No,No,Postgraduate,Low,6.3,4.7,High,Average,12,Pass,Excellent
502,Male,17,12,78,5.9,2.44,92,78,77,85,Medium,Yes,Yes,High School,Medium,5.8,2.0,Medium,Average,11,Pass,Excellent
503,Male,16,10,53,1.8,2.87,77,45,65,59,Medium,No,No,Postgraduate,High,6.8,3.4,Low,Excellent,17,Pass,Average
504,Female,15,9,99,5.8,3.56,100,80,90,92,Low,Yes,Yes,Graduate,High,8.1,5.6,High,Average,6,Pass,Excellent
505,Female,21,11,51,5.1,3.39,100,59,76,76,High,Yes,Yes,Graduate,Low,8.9,4.4,High,Average,18,Pass,Good
506,Male,18,College-2,75,6.7,3.07,100,76,82,87,Low,Yes,Yes,High School,High,4.6,4.9,Medium,Good,12,Pass,Excellent
507,Female,20,College-1,57,1.3,2.18,65,35,44,50,Low,No,Yes,High School,Medium,7.1,5.6,Low,Good,16,Pass,Poor
508,Male,15,10,92,4.7,2.63,100,78,97,94,Low,Yes,Yes,Graduate,Low,5.1,4.4,Low,Average,7,Pass,Excellent
509,Female,22,9,87,3.5,2.15,81,59,74,75,Medium,No,Yes,Postgraduate,Low,5.1,5.4,Low,Good,9,Pass,Good
510,Male,20,12,90,5.9,3.31,100,83,88,92,Medium,Yes,Yes,High School,Medium,5.4,3.6,Low,Poor,8,Pass,Excellent
511,Female,15,9,93,4.8,2.73,100,68,80,88,Medium,Yes,No,High School,Low,4.8,5.5,Low,Good,7,Pass,Excellent
512,Male,17,11,87,6.7,3.4,100,84,92,99,Medium,Yes,No,Postgraduate,High,6.7,4.7,High,Excellent,9,Pass,Excellent
513,Male,20,College-2,80,5.1,3.43,100,59,83,84,Low,No,No,High School,Medium,5.7,5.8,Medium,Excellent,10,Pass,Good
514,Female,20,9,82,3.0,3.44,100,55,71,77,High,Yes,Yes,Postgraduate,Low,8.8,4.6,Low,Average,10,Pass,Good
515,Female,22,College-1,86,1.4,2.99,82,53,75,70,High,Yes,No,High School,High,7.8,4.9,Low,Poor,9,Pass,Good
516,Male,18,10,95,4.0,3.99,100,76,81,85,Low,No,Yes,Postgraduate,Medium,6.9,3.4,Low,Excellent,7,Pass,Excellent
517,Female,22,11,81,3.7,3.83,100,66,78,82,Medium,Yes,Yes,Postgraduate,High,6.2,1.8,High,Excellent,10,Pass,Good
518,Female,15,College-1,63,7.5,3.03,100,73,93,96,Medium,No,No,Graduate,Low,8.7,7.7,Low,Good,15,Pass,Excellent
519,Female,16,12,96,2.3,2.98,90,65,85,81,Low,Yes,No,High School,Medium,6.1,1.7,Medium,Good,6,Pass,Good
520,Female,21,9,69,3.6,2.54,91,56,70,75,Medium,Yes,Yes,High School,Medium,8.5,4.8,Low,Average,13,Pass,Good
521,Female,22,College-2,75,3.9,3.33,100,55,72,76,High,Yes,No,Graduate,High,6.0,1.2,High,Excellent,12,Pass,Good
522,Female,21,College-1,58,1.8,2.31,78,35,55,59,High,Yes,No,Graduate,Medium,5.0,1.1,Medium,Excellent,16,Pass,Average
523,Male,21,10,55,6.3,3.02,100,57,73,80,Medium,Yes,Yes,High School,High,5.6,2.1,High,Average,17,Pass,Good
524,Male,15,12,64,1.8,2.38,69,44,48,54,Medium,No,Yes,High School,Medium,6.3,2.9,Medium,Excellent,14,Pass,Poor
525,Female,15,10,53,4.6,2.54,85,50,72,70,Low,Yes,Yes,Postgraduate,High,7.4,3.1,Medium,Average,17,Pass,Good
526,Male,16,College-2,68,4.3,2.37,91,56,75,75,Low,Yes,No,Graduate,High,8.6,1.7,Medium,Good,13,Pass,Good
527,Male,18,College-2,65,5.6,3.77,100,70,80,89,Medium,Yes,Yes,Postgraduate,High,5.4,3.7,Medium,Good,14,Pass,Excellent
528,Female,20,11,96,4.3,2.31,86,65,80,77,Medium,Yes,No,High School,Medium,7.9,4.7,Medium,Poor,6,Pass,Good
529,Female,16,10,60,5.2,2.09,89,47,66,69,Medium,No,No,Graduate,High,7.6,1.9,Medium,Average,15,Pass,Average
530,Female,19,10,61,1.0,2.02,69,39,62,49,Medium,No,Yes,High School,Low,7.1,5.1,Low,Average,15,Fail,Poor
531,Male,15,College-2,68,1.3,3.85,100,35,66,66,Medium,No,No,High School,High,5.2,7.2,High,Good,13,Pass,Average
532,Female,17,11,96,1.9,3.97,100,47,76,77,Low,Yes,No,Postgraduate,Medium,8.5,3.1,High,Average,6,Pass,Good
533,Female,20,10,78,2.5,3.62,100,45,78,75,Medium,Yes,No,High School,Medium,5.7,5.1,Low,Average,11,Pass,Good
534,Male,16,10,62,5.0,2.56,90,51,67,70,Low,No,Yes,Graduate,High,8.7,2.3,Medium,Poor,15,Pass,Good
535,Male,15,10,96,4.7,3.21,100,73,78,91,Low,Yes,No,High School,High,7.8,6.7,High,Poor,6,Pass,Excellent
536,Female,22,10,100,7.8,3.47,100,81,88,100,Medium,No,No,High School,Low,8.8,1.7,Low,Good,5,Pass,Excellent
537,Male,18,9,90,4.8,3.09,100,75,92,93,Low,No,No,High School,Medium,4.6,1.3,High,Good,8,Pass,Excellent
538,Male,16,11,64,7.5,3.43,100,74,84,93,Medium,Yes,No,High School,Medium,7.6,5.8,Low,Poor,14,Pass,Excellent
539,Female,16,11,88,2.1,2.36,85,48,67,68,Medium,No,No,Postgraduate,Low,6.4,3.3,Low,Average,8,Pass,Average
540,Female,17,9,99,5.6,3.44,100,69,79,88,Medium,Yes,Yes,Graduate,Medium,5.9,3.7,Medium,Excellent,6,Pass,Excellent
541,Female,22,College-1,77,4.4,3.27,100,70,84,83,High,No,Yes,Graduate,Low,8.9,5.2,High,Excellent,11,Pass,Good
542,Male,20,College-1,83,5.0,3.41,100,67,75,86,Medium,Yes,Yes,High School,Medium,7.6,6.2,Medium,Average,10,Pass,Excellent
543,Male,17,9,68,4.2,3.86,100,52,74,78,High,Yes,No,Postgraduate,Low,8.3,4.9,High,Excellent,13,Pass,Good
544,Female,17,9,73,1.4,2.95,97,38,59,67,Low,Yes,Yes,Postgraduate,Medium,5.0,5.1,Low,Average,12,Pass,Average
545,Female,16,10,80,6.2,2.6,100,71,91,95,Low,Yes,Yes,Postgraduate,Low,7.9,5.9,Low,Excellent,10,Pass,Excellent
546,Female,17,11,77,5.8,3.66,100,73,87,90,Low,No,Yes,Postgraduate,Low,8.4,4.9,Medium,Poor,11,Pass,Excellent
547,Female,21,10,64,3.7,3.21,93,54,80,74,Low,No,No,High School,Medium,8.2,7.8,Low,Poor,14,Pass,Good
548,Male,15,11,54,3.5,2.48,77,51,59,65,Low,Yes,Yes,High School,Medium,8.0,3.3,Low,Poor,17,Pass,Average
549,Female,18,11,86,7.9,2.19,100,72,89,95,Medium,No,Yes,Postgraduate,High,6.7,1.3,Low,Good,9,Pass,Excellent
550,Male,19,10,76,7.3,3.55,100,82,95,93,Low,No,Yes,Postgraduate,Low,6.8,4.5,High,Average,11,Pass,Excellent
551,Female,17,11,63,6.7,2.32,99,71,93,88,Medium,No,No,High School,High,7.4,6.4,High,Excellent,15,Pass,Excellent
552,Male,19,College-1,65,2.5,2.3,86,50,63,69,Low,No,Yes,Graduate,Medium,7.2,1.5,Low,Good,14,Pass,Average
553,Female,17,9,60,1.5,2.14,72,35,60,53,High,No,Yes,Graduate,Medium,7.1,3.5,Medium,Excellent,15,Pass,Poor
554,Female,19,College-2,89,7.4,3.69,100,82,85,94,Low,Yes,Yes,Postgraduate,High,5.1,3.6,Low,Average,8,Pass,Excellent
555,Female,22,College-2,56,3.0,2.15,75,47,55,58,High,No,Yes,High School,Low,5.2,3.8,High,Poor,16,Pass,Average
556,Male,19,12,75,6.4,2.63,100,74,85,87,Low,Yes,No,High School,High,5.4,3.3,Low,Good,12,Pass,Excellent
557,Male,18,9,86,1.2,3.87,100,52,83,76,High,No,No,Graduate,High,7.2,3.7,Low,Poor,9,Pass,Good
558,Male,15,9,59,1.5,3.42,98,43,68,66,Medium,No,No,High School,Low,6.3,3.1,Medium,Excellent,16,Pass,Average
559,Male,16,College-2,80,4.3,3.39,100,69,88,90,High,Yes,No,Postgraduate,High,7.6,2.1,High,Good,10,Pass,Excellent
560,Male,22,10,50,2.1,3.73,95,38,66,59,High,No,Yes,High School,Low,6.6,2.0,High,Average,18,Pass,Average
561,Female,15,11,76,5.9,2.43,92,63,69,79,Medium,Yes,No,Postgraduate,Medium,8.0,5.2,Medium,Excellent,11,Pass,Good
562,Female,17,College-1,72,3.5,3.53,100,48,80,74,High,Yes,No,Graduate,Medium,6.9,4.7,High,Excellent,12,Pass,Good
563,Female,16,12,90,3.0,3.71,100,53,70,81,High,Yes,No,Postgraduate,High,7.3,7.5,Low,Good,8,Pass,Good
564,Female,21,9,76,2.5,2.23,83,43,66,62,Medium,Yes,No,Graduate,High,8.0,4.9,Medium,Good,11,Pass,Average
565,Female,20,11,100,7.4,3.82,100,77,80,98,Low,No,Yes,Postgraduate,Medium,7.5,1.0,Low,Excellent,5,Pass,Excellent
566,Male,21,10,53,6.6,3.27,100,61,82,79,Low,Yes,Yes,Postgraduate,High,7.1,1.9,Medium,Good,17,Pass,Good
567,Male,21,9,85,2.1,2.05,64,63,59,66,High,Yes,No,Postgraduate,High,6.0,1.7,Medium,Average,9,Pass,Average
568,Male,17,College-2,65,5.6,3.68,100,58,72,80,Low,Yes,Yes,Graduate,High,5.5,2.4,Low,Poor,14,Pass,Good
569,Female,15,12,59,3.0,2.99,93,40,70,70,Low,No,Yes,High School,High,8.5,1.6,Medium,Excellent,16,Pass,Good
570,Female,20,12,70,5.4,2.6,91,70,73,84,High,Yes,Yes,Postgraduate,High,6.5,2.1,Medium,Poor,13,Pass,Good
571,Male,20,10,62,5.2,3.52,100,58,74,81,Low,Yes,Yes,Graduate,Medium,6.9,4.6,Medium,Average,15,Pass,Good
572,Male,19,10,55,3.4,3.49,100,47,81,72,Low,No,No,High School,High,7.0,3.1,High,Good,17,Pass,Good
573,Male,21,12,60,6.6,3.77,100,72,86,87,Low,No,No,Postgraduate,Low,8.8,4.4,Medium,Average,15,Pass,Excellent
574,Male,16,10,52,7.7,3.21,100,70,88,87,Medium,No,Yes,Graduate,Low,5.6,3.9,Low,Average,17,Pass,Excellent
575,Female,18,College-1,92,3.6,2.02,71,64,65,67,Low,No,No,Postgraduate,Low,5.2,3.2,High,Average,7,Pass,Average
576,Female,20,10,56,4.9,3.61,100,60,85,79,Low,Yes,No,Graduate,Low,7.7,7.6,Medium,Excellent,16,Pass,Good
577,Male,22,11,57,1.9,2.77,90,35,63,65,Low,No,Yes,Postgraduate,High,5.3,3.3,Low,Good,16,Pass,Average
578,Female,16,College-1,91,1.1,2.83,88,49,70,67,Medium,No,Yes,Graduate,Medium,6.6,6.8,High,Excellent,8,Pass,Average
579,Male,15,10,81,6.9,2.75,100,68,76,90,Low,No,No,High School,Low,8.9,1.8,Low,Average,10,Pass,Excellent
580,Male,19,9,96,7.3,3.98,100,82,84,100,Medium,No,No,Graduate,High,6.2,7.3,Low,Average,6,Pass,Excellent
581,Male,22,College-2,87,4.2,3.51,100,74,93,92,Medium,No,No,Postgraduate,Medium,5.1,7.0,Low,Poor,9,Pass,Excellent
582,Male,22,9,66,6.4,3.67,100,75,85,92,Low,Yes,Yes,Graduate,Medium,7.7,3.5,Low,Excellent,14,Pass,Excellent
583,Male,17,10,56,3.4,3.03,94,44,75,72,Medium,No,No,Postgraduate,High,8.2,6.3,Low,Excellent,16,Pass,Good
584,Female,16,College-2,62,1.5,3.9,100,48,69,71,Low,Yes,Yes,Graduate,Low,6.4,5.8,Medium,Poor,15,Pass,Good
585,Male,21,College-1,80,5.6,3.85,100,69,89,90,Medium,No,Yes,Graduate,Medium,6.5,2.9,Medium,Poor,10,Pass,Excellent
586,Female,21,9,53,5.5,2.59,94,49,71,70,High,Yes,Yes,High School,Low,7.8,4.0,Low,Poor,17,Pass,Good
587,Male,18,College-2,52,5.0,2.55,98,53,79,75,High,No,No,High School,Low,5.6,4.7,Low,Good,17,Pass,Good
588,Male,17,11,90,3.0,2.19,88,69,85,80,High,Yes,Yes,High School,Medium,7.2,6.1,Medium,Average,8,Pass,Good
589,Female,15,12,50,5.7,3.95,100,48,66,74,Low,No,Yes,High School,Low,6.4,1.1,High,Good,18,Pass,Good
590,Female,19,College-2,64,4.7,2.19,81,55,74,68,Medium,No,No,Graduate,Low,5.3,2.0,Medium,Good,14,Pass,Average
591,Male,17,12,95,3.3,3.73,100,69,79,84,Low,Yes,No,Graduate,Low,6.8,5.6,Low,Excellent,7,Pass,Good
592,Male,19,College-2,73,2.4,2.76,81,46,69,61,Medium,No,No,Postgraduate,Medium,4.9,7.4,Medium,Good,12,Pass,Average
593,Male,15,12,62,1.3,3.22,94,41,70,65,High,Yes,No,Postgraduate,Low,6.8,3.4,High,Good,15,Pass,Average
594,Male,19,College-1,89,4.9,2.13,87,59,79,84,Low,Yes,No,Graduate,Low,5.2,4.4,Medium,Good,8,Pass,Good
595,Female,17,College-2,92,6.8,3.76,100,87,89,100,Low,No,Yes,Graduate,Low,4.7,2.0,Low,Excellent,7,Pass,Excellent
596,Male,21,College-2,72,2.7,2.8,83,47,66,66,Medium,Yes,Yes,Graduate,Low,7.6,3.7,Medium,Average,12,Pass,Average
597,Male,22,College-2,69,3.1,2.92,88,52,75,74,Medium,No,No,Graduate,Medium,5.8,7.5,Medium,Excellent,13,Pass,Good
598,Female,17,College-1,76,4.2,3.53,100,53,77,80,High,No,Yes,Graduate,Low,8.6,1.2,Medium,Poor,11,Pass,Good
599,Male,19,College-1,79,6.7,2.11,83,71,72,81,Medium,No,Yes,High School,High,8.4,4.2,High,Poor,11,Pass,Good
600,Female,15,12,94,2.4,2.99,95,69,78,80,High,Yes,Yes,High School,Low,5.1,6.2,Low,Poor,7,Pass,Good
601,Female,21,12,83,1.7,3.67,100,52,69,76,Low,Yes,No,Postgraduate,High,5.4,4.3,Medium,Poor,10,Pass,Good
602,Male,22,12,77,2.0,3.49,100,43,79,69,Medium,No,Yes,Postgraduate,Medium,4.6,2.0,Medium,Good,11,Pass,Average
603,Male,21,9,75,3.7,3.63,100,46,74,72,High,No,Yes,Postgraduate,High,8.1,4.2,High,Excellent,12,Pass,Good
604,Female,18,11,52,7.4,3.76,100,61,72,85,High,No,Yes,High School,High,6.1,2.0,Low,Good,17,Pass,Excellent
605,Female,21,12,91,6.0,3.57,100,74,91,96,High,Yes,No,High School,High,6.0,6.0,Medium,Good,8,Pass,Excellent
606,Female,22,11,87,5.3,3.7,100,67,78,89,Low,Yes,Yes,High School,High,6.3,1.3,Medium,Excellent,9,Pass,Excellent
607,Female,16,College-2,54,1.4,3.5,100,35,59,64,Medium,No,Yes,Postgraduate,High,5.6,1.3,High,Average,17,Pass,Average
608,Male,15,College-2,62,2.8,2.4,74,48,69,63,High,Yes,Yes,High School,Low,6.5,3.0,Low,Good,15,Pass,Average
609,Male,22,College-1,99,3.9,2.37,100,75,94,92,Medium,No,Yes,High School,Medium,7.0,1.5,Medium,Excellent,6,Pass,Excellent
610,Female,15,10,54,5.0,2.2,86,49,60,64,Medium,No,No,Postgraduate,Medium,5.1,4.6,Low,Average,17,Pass,Average
611,Male,22,11,68,1.5,3.86,100,40,74,73,High,Yes,Yes,Graduate,Medium,7.1,7.0,Medium,Average,13,Pass,Good
612,Male,15,11,71,7.2,3.63,100,62,80,84,Low,No,Yes,Postgraduate,Medium,4.8,2.4,Low,Good,13,Pass,Good
613,Male,15,9,96,1.3,3.3,100,59,80,79,Low,No,Yes,Postgraduate,Medium,4.7,4.6,Low,Excellent,6,Pass,Good
614,Female,18,11,99,3.6,3.1,100,71,80,85,Medium,Yes,Yes,High School,Low,5.1,5.9,High,Poor,6,Pass,Excellent
615,Male,15,10,64,3.9,3.07,90,41,64,71,Medium,Yes,No,High School,Medium,7.9,6.7,Medium,Average,14,Pass,Good
616,Female,18,12,68,1.9,3.31,89,41,63,61,High,No,No,Postgraduate,Medium,6.3,5.6,High,Average,13,Pass,Average
617,Male,18,10,83,7.3,2.21,99,81,97,97,High,Yes,No,Postgraduate,High,5.9,4.8,Low,Poor,10,Pass,Excellent
618,Male,22,9,73,6.1,2.47,100,77,94,95,Medium,No,No,Graduate,Low,8.0,1.3,Low,Good,12,Pass,Excellent
619,Female,15,College-2,89,3.7,2.89,97,59,82,83,Medium,Yes,No,High School,High,4.6,3.7,Medium,Good,8,Pass,Good
620,Female,19,College-1,98,5.1,3.66,100,77,81,94,Medium,No,No,High School,Medium,7.9,3.4,Medium,Average,6,Pass,Excellent
621,Female,15,College-1,58,7.4,2.55,97,73,86,87,Medium,No,No,Postgraduate,Medium,5.8,5.8,High,Poor,16,Pass,Excellent
622,Male,22,9,57,3.1,3.7,100,48,66,67,Medium,No,Yes,Graduate,Low,7.5,6.9,High,Poor,16,Pass,Average
623,Male,18,College-2,67,7.3,2.88,100,68,84,86,Low,Yes,Yes,High School,Low,7.0,7.7,High,Poor,14,Pass,Excellent
624,Male,20,College-1,61,5.8,2.08,81,50,65,70,High,Yes,Yes,Graduate,Low,8.4,5.1,Low,Excellent,15,Pass,Good
625,Male,15,11,57,4.6,2.74,95,43,74,72,High,No,No,Graduate,High,5.6,3.3,Medium,Excellent,16,Pass,Good
626,Female,20,10,68,5.4,3.86,100,51,70,79,Medium,Yes,Yes,Graduate,High,5.2,1.3,Low,Poor,13,Pass,Good
627,Female,22,11,64,5.0,3.47,100,50,83,83,Medium,Yes,No,High School,Medium,9.0,5.4,Low,Good,14,Pass,Good
628,Male,20,College-2,64,4.2,2.48,90,54,66,71,Medium,Yes,No,Graduate,Low,7.9,1.8,High,Average,14,Pass,Good
629,Female,16,9,84,2.7,3.33,100,53,77,76,Medium,No,Yes,Postgraduate,Medium,8.6,5.7,High,Average,9,Pass,Good
630,Male,21,9,61,7.1,2.53,100,71,80,90,High,Yes,Yes,High School,High,4.6,1.8,High,Excellent,15,Pass,Excellent
631,Male,16,College-2,77,3.5,3.42,100,56,80,82,Medium,No,No,Postgraduate,Medium,6.3,4.9,High,Excellent,11,Pass,Good
632,Male,20,College-2,68,6.3,3.45,100,71,79,89,High,No,No,Graduate,Medium,7.7,6.1,Low,Good,13,Pass,Excellent
633,Female,20,12,99,1.7,3.13,100,66,91,81,Medium,Yes,Yes,High School,High,5.8,3.4,High,Average,6,Pass,Good
634,Female,22,12,77,4.6,2.2,85,56,65,73,Low,Yes,No,Graduate,High,7.1,5.3,Low,Average,11,Pass,Good
635,Male,15,12,92,3.0,3.02,96,51,66,71,Low,No,Yes,Graduate,High,4.9,4.9,Medium,Excellent,7,Pass,Good
636,Female,16,10,83,1.9,3.43,96,55,80,72,Medium,Yes,No,High School,High,6.5,7.4,Low,Poor,10,Pass,Good
637,Male,20,10,70,2.1,3.47,94,45,62,65,High,Yes,Yes,High School,Low,6.0,4.2,High,Excellent,13,Pass,Average
638,Male,18,9,64,5.7,3.63,100,59,75,82,Medium,Yes,No,Postgraduate,High,5.7,2.1,Low,Average,14,Pass,Good
639,Male,19,10,52,3.9,3.17,100,46,80,70,Medium,No,No,Postgraduate,Medium,5.7,3.7,High,Good,17,Pass,Good
640,Male,21,9,84,4.4,3.76,100,67,89,85,Low,No,No,Postgraduate,Low,4.9,1.8,Medium,Excellent,9,Pass,Excellent
641,Female,19,College-1,95,1.9,3.73,100,60,79,83,Low,No,Yes,Postgraduate,Medium,8.5,6.9,Medium,Good,7,Pass,Good
642,Male,19,12,76,3.7,3.82,100,61,79,79,Medium,Yes,Yes,Postgraduate,Low,6.5,3.8,High,Poor,11,Pass,Good
643,Female,16,College-2,89,5.3,3.9,100,73,80,88,Low,Yes,No,Postgraduate,Low,5.1,4.8,Low,Excellent,8,Pass,Excellent
644,Male,15,College-1,95,2.6,2.66,88,67,76,82,Low,No,No,High School,Low,8.1,7.4,Medium,Good,7,Pass,Good
645,Female,16,9,51,2.6,2.54,72,40,60,58,Low,No,Yes,High School,High,8.0,2.7,High,Average,18,Pass,Average
646,Male,19,11,56,6.2,3.21,100,59,84,79,Medium,Yes,Yes,Graduate,High,8.1,2.4,High,Excellent,16,Pass,Good
647,Female,15,12,74,3.0,3.12,100,51,83,78,High,No,No,Postgraduate,High,4.9,7.8,Low,Excellent,12,Pass,Good
648,Female,17,College-2,64,5.0,2.89,100,65,77,82,Low,Yes,Yes,High School,Medium,4.6,6.4,High,Average,14,Pass,Good
649,Female,21,11,55,2.0,3.45,100,35,60,61,High,No,Yes,High School,Medium,7.3,4.3,High,Excellent,17,Pass,Average
650,Female,22,College-1,50,2.9,2.98,94,39,65,63,High,Yes,Yes,Graduate,High,5.4,4.9,Low,Excellent,18,Pass,Average
651,Female,17,College-2,58,6.3,2.33,94,53,66,74,High,No,Yes,Postgraduate,High,5.2,6.2,Medium,Excellent,16,Pass,Good
652,Male,17,11,50,3.1,3.84,100,46,75,70,High,Yes,No,Postgraduate,High,6.5,3.1,Medium,Excellent,18,Pass,Good
653,Male,20,12,79,2.5,3.99,100,47,81,72,Low,Yes,No,High School,Low,6.0,6.2,Medium,Average,11,Pass,Good
654,Female,18,11,62,5.9,2.12,89,69,76,83,High,Yes,Yes,Graduate,Medium,6.9,3.3,Medium,Good,15,Pass,Good
655,Male,19,10,73,5.4,3.08,100,55,73,84,Medium,Yes,Yes,Postgraduate,High,6.3,2.8,High,Excellent,12,Pass,Good
656,Male,18,10,71,5.0,3.93,100,65,80,85,Low,Yes,Yes,High School,Medium,8.3,5.2,Low,Good,13,Pass,Excellent
657,Male,18,College-1,54,7.3,2.88,100,63,82,81,Medium,No,No,Postgraduate,Medium,4.7,4.6,Medium,Good,17,Pass,Good
658,Female,22,12,83,3.2,2.43,82,67,74,77,High,No,Yes,Postgraduate,Medium,4.9,5.2,High,Good,10,Pass,Good
659,Female,17,College-2,61,1.2,3.34,96,35,63,60,Low,Yes,No,Graduate,High,6.1,4.3,Low,Poor,15,Pass,Average
660,Female,22,12,87,3.2,2.51,79,68,73,78,Low,No,No,Postgraduate,Low,4.9,3.6,High,Poor,9,Pass,Good
661,Female,15,College-1,95,7.5,2.98,100,95,92,100,High,Yes,Yes,High School,Low,9.0,5.4,Medium,Poor,7,Pass,Excellent
662,Female,17,College-1,53,4.1,3.72,100,43,63,69,High,No,Yes,Postgraduate,Medium,7.7,3.2,Medium,Poor,17,Pass,Average
663,Male,21,10,54,2.4,2.53,73,43,51,55,High,Yes,No,Graduate,High,7.9,2.0,Medium,Poor,17,Pass,Average
664,Male,17,11,71,4.3,3.86,100,50,69,78,High,Yes,Yes,High School,Low,8.3,1.6,High,Good,13,Pass,Good
665,Male,21,College-2,79,1.6,3.67,100,43,67,70,Medium,Yes,No,High School,High,7.8,2.7,Medium,Excellent,11,Pass,Good
666,Female,20,College-1,64,6.8,3.96,100,70,85,91,Medium,No,No,Postgraduate,High,5.7,2.4,Low,Poor,14,Pass,Excellent
667,Female,19,9,87,3.7,3.4,100,72,87,87,High,Yes,No,High School,Medium,6.9,2.5,Medium,Poor,9,Pass,Excellent
668,Female,16,College-2,57,4.6,2.93,97,52,78,80,Medium,Yes,Yes,Graduate,Medium,7.3,4.3,Medium,Good,16,Pass,Good
669,Female,21,College-2,91,7.3,2.33,100,77,80,91,Medium,No,Yes,Graduate,High,5.3,3.5,Medium,Good,8,Pass,Excellent
670,Female,21,College-1,80,5.7,3.75,100,61,85,84,Low,Yes,Yes,Graduate,High,5.9,7.8,High,Average,10,Pass,Good
671,Female,21,10,86,6.3,3.92,100,73,82,90,Medium,Yes,Yes,High School,Low,5.1,3.3,Medium,Good,9,Pass,Excellent
672,Female,17,11,55,2.3,3.45,92,46,72,70,Low,No,No,Postgraduate,Low,8.4,4.1,Medium,Excellent,17,Pass,Good
673,Female,21,College-1,79,5.9,2.26,87,71,81,84,Low,No,No,Postgraduate,High,7.9,1.7,High,Poor,11,Pass,Good
674,Male,17,12,64,7.2,2.72,100,58,83,89,Low,Yes,Yes,Graduate,Medium,5.3,2.6,Low,Good,14,Pass,Excellent
675,Male,17,12,74,5.6,2.77,100,56,78,80,High,Yes,No,High School,Medium,6.4,3.0,High,Poor,12,Pass,Good
676,Male,22,College-2,91,7.0,2.64,100,86,97,96,High,No,No,High School,Medium,8.1,1.1,Medium,Good,8,Pass,Excellent
677,Female,16,10,97,5.4,2.9,100,80,92,90,Medium,No,Yes,High School,Low,7.2,6.6,Medium,Good,6,Pass,Excellent
678,Female,22,11,62,4.6,2.87,100,53,69,79,Low,No,No,Graduate,Medium,7.3,7.1,High,Good,15,Pass,Good
679,Male,16,11,99,6.7,2.71,100,87,95,100,High,Yes,No,High School,Low,6.9,2.3,Low,Poor,6,Pass,Excellent
680,Female,15,9,58,6.1,2.55,99,68,82,80,Medium,No,Yes,High School,High,7.3,4.0,High,Poor,16,Pass,Good
681,Male,19,College-2,74,4.6,3.27,100,63,85,88,High,Yes,No,High School,Low,7.8,3.4,High,Good,12,Pass,Excellent
682,Female,19,College-2,69,5.3,3.39,100,62,88,86,High,Yes,No,Postgraduate,High,6.9,6.6,Low,Excellent,13,Pass,Excellent
683,Female,20,9,61,5.7,2.04,85,53,69,73,Low,Yes,Yes,Postgraduate,Medium,5.7,3.9,Low,Poor,15,Pass,Good
684,Female,22,College-1,89,3.0,3.18,100,68,86,80,Low,No,No,Graduate,Medium,7.7,6.8,Medium,Average,8,Pass,Good
685,Male,22,College-1,79,7.0,2.34,100,72,90,96,Medium,Yes,Yes,Postgraduate,High,6.7,4.7,Medium,Good,11,Pass,Excellent
686,Female,15,11,68,6.3,2.31,100,60,83,83,High,No,Yes,Graduate,High,6.5,4.3,Low,Excellent,13,Pass,Good
687,Male,21,College-1,88,7.6,2.42,98,90,95,100,Medium,No,Yes,Graduate,High,5.1,3.8,Medium,Good,8,Pass,Excellent
688,Female,18,12,99,3.5,3.92,100,67,91,83,Medium,No,No,Graduate,Low,5.0,7.2,Low,Excellent,6,Pass,Good
689,Female,18,College-2,68,1.0,3.31,86,41,68,60,Low,Yes,Yes,Postgraduate,High,8.2,6.3,High,Poor,13,Pass,Average
690,Female,15,College-2,88,5.0,3.22,100,77,95,95,High,No,Yes,High School,Medium,6.3,1.2,Medium,Average,8,Pass,Excellent
691,Female,18,College-2,61,4.3,2.27,74,42,56,58,High,No,Yes,High School,Medium,7.7,2.4,High,Poor,15,Pass,Average
692,Female,21,9,88,6.9,2.49,96,68,75,86,Medium,No,Yes,Postgraduate,High,8.4,7.4,High,Poor,8,Pass,Excellent
693,Female,21,9,78,4.4,2.8,89,62,79,74,Low,Yes,No,Postgraduate,Low,7.8,3.1,High,Average,11,Pass,Good
694,Male,22,College-2,73,3.9,3.59,100,54,72,76,Medium,Yes,No,Graduate,Medium,6.0,7.4,High,Excellent,12,Pass,Good
695,Male,18,11,71,6.5,3.19,100,62,89,87,High,No,No,Graduate,High,7.6,5.0,Low,Good,13,Pass,Excellent
696,Female,18,9,80,6.0,3.61,100,64,83,85,Low,No,Yes,Postgraduate,Low,7.5,2.1,Medium,Good,10,Pass,Excellent
697,Female,20,12,96,4.6,2.95,100,72,82,85,Medium,Yes,No,High School,Medium,8.4,4.6,Medium,Poor,6,Pass,Excellent
698,Female,22,12,92,7.6,2.45,100,93,91,100,High,Yes,Yes,Postgraduate,Low,6.0,3.2,Medium,Poor,7,Pass,Excellent
699,Female,18,10,75,5.4,2.54,100,71,79,90,Medium,Yes,Yes,High School,High,8.8,4.6,High,Excellent,12,Pass,Excellent
700,Female,15,10,61,1.3,2.18,64,35,45,43,Low,Yes,No,Graduate,Low,7.2,4.9,High,Poor,15,Fail,Poor
701,Male,22,11,70,6.5,2.88,100,63,76,81,High,Yes,No,High School,High,4.8,4.3,Medium,Average,13,Pass,Good
702,Male,20,College-1,87,6.6,2.0,95,85,90,91,Medium,No,No,Graduate,High,7.3,4.2,Low,Good,9,Pass,Excellent
703,Female,22,10,67,5.7,2.22,83,67,67,75,Low,Yes,No,Postgraduate,Medium,6.8,5.4,Low,Excellent,14,Pass,Good
704,Female,20,College-1,71,5.5,3.56,100,59,80,79,Medium,Yes,No,Postgraduate,Low,6.9,2.3,High,Average,13,Pass,Good
705,Female,21,College-2,70,2.1,3.7,100,40,72,66,Medium,Yes,No,Graduate,Medium,7.9,6.5,Medium,Average,13,Pass,Average
706,Male,21,9,69,3.3,2.9,97,59,82,76,Medium,No,Yes,Graduate,Medium,6.1,6.2,Low,Average,13,Pass,Good
707,Male,18,College-1,63,5.6,2.05,86,61,75,73,High,No,No,High School,Low,5.7,6.8,Low,Average,15,Pass,Good
708,Female,21,9,70,6.1,3.9,100,67,90,89,Low,Yes,No,Graduate,High,8.7,5.2,Medium,Excellent,13,Pass,Excellent
709,Male,16,12,68,1.8,2.65,85,37,57,60,Low,No,No,Postgraduate,High,5.1,6.2,Medium,Poor,13,Pass,Average
710,Male,20,12,58,6.4,3.42,100,62,87,86,Low,No,No,Graduate,Low,4.8,6.5,High,Good,16,Pass,Excellent
711,Male,20,9,66,5.2,3.28,100,61,87,87,High,No,Yes,Postgraduate,Medium,8.7,2.0,High,Excellent,14,Pass,Excellent
712,Male,22,College-1,68,5.0,3.13,100,52,73,74,High,Yes,Yes,Postgraduate,Medium,7.4,6.1,Medium,Excellent,13,Pass,Good
713,Female,15,12,78,7.2,2.66,100,85,94,94,High,No,Yes,Postgraduate,Medium,9.0,2.1,Low,Poor,11,Pass,Excellent
714,Female,17,10,64,3.3,3.17,98,55,82,77,Low,Yes,No,High School,Low,5.2,7.0,Low,Poor,14,Pass,Good
715,Male,21,11,99,1.9,3.74,100,55,75,78,Low,Yes,No,High School,Low,6.1,1.5,Medium,Poor,6,Pass,Good
716,Male,18,12,74,1.2,2.42,67,47,63,55,High,Yes,Yes,High School,High,8.4,7.0,High,Poor,12,Pass,Average
717,Male,20,12,60,6.3,3.21,100,64,80,85,Medium,Yes,No,High School,Low,5.0,4.4,Medium,Excellent,15,Pass,Excellent
718,Male,21,12,75,7.7,2.62,99,79,90,96,Low,No,No,High School,Low,5.0,3.5,Low,Average,12,Pass,Excellent
719,Female,21,10,86,1.1,2.94,81,39,58,60,Medium,Yes,Yes,Postgraduate,Low,6.8,2.0,High,Average,9,Pass,Average
720,Female,15,9,73,7.2,3.0,100,74,90,92,Medium,Yes,No,High School,High,5.0,2.1,Low,Excellent,12,Pass,Excellent
721,Male,21,9,52,4.8,2.34,76,40,61,63,Low,No,No,Graduate,High,7.9,6.1,Medium,Average,17,Pass,Average
722,Female,16,12,88,6.7,3.8,100,71,87,88,Medium,Yes,Yes,High School,High,4.5,4.3,Low,Average,8,Pass,Excellent
723,Female,17,College-2,64,5.6,2.56,100,53,75,81,High,No,No,Postgraduate,Medium,7.8,6.0,High,Good,14,Pass,Good
724,Male,15,10,98,7.3,2.29,95,87,84,98,High,Yes,Yes,High School,Medium,6.0,3.6,Medium,Poor,6,Pass,Excellent
725,Female,19,College-1,86,4.4,3.74,100,67,89,88,Medium,Yes,No,Postgraduate,High,8.4,2.3,Medium,Good,9,Pass,Excellent
726,Male,20,12,61,2.8,3.1,87,44,73,66,High,Yes,Yes,High School,Low,8.1,4.4,Medium,Poor,15,Pass,Average
727,Male,21,College-1,57,4.9,2.61,94,60,71,72,Low,Yes,Yes,High School,Low,5.8,7.1,High,Good,16,Pass,Good
728,Male,20,10,83,5.2,3.05,100,68,83,83,Low,Yes,Yes,Postgraduate,Low,5.2,7.0,High,Excellent,10,Pass,Good
729,Female,17,College-2,62,2.9,2.59,90,48,76,66,Medium,Yes,Yes,Graduate,High,8.8,7.6,High,Good,15,Pass,Average
730,Male,18,12,63,7.5,2.12,95,63,75,81,Low,No,No,Postgraduate,Low,7.3,7.7,Low,Good,15,Pass,Good
731,Male,19,11,54,2.6,2.8,93,35,62,60,Low,Yes,No,Postgraduate,Low,8.8,2.0,High,Excellent,17,Pass,Average
732,Female,15,12,64,5.6,3.49,100,54,71,78,Medium,Yes,No,Graduate,High,5.8,1.9,Low,Excellent,14,Pass,Good
733,Female,21,9,98,3.0,3.46,100,65,81,81,High,Yes,No,Postgraduate,High,6.9,1.6,Medium,Good,6,Pass,Good
734,Male,22,10,90,4.6,3.97,100,58,74,80,High,No,No,High School,High,6.4,6.9,Medium,Excellent,8,Pass,Good
735,Male,18,11,88,4.6,3.2,100,77,83,92,High,No,No,Postgraduate,High,8.7,3.7,Low,Good,8,Pass,Excellent
736,Male,17,9,91,6.5,3.05,100,88,99,100,High,No,Yes,Graduate,Medium,8.3,5.0,Low,Excellent,8,Pass,Excellent
737,Female,19,10,66,3.5,3.93,100,54,70,74,Low,No,No,Graduate,Low,7.6,3.5,Medium,Poor,14,Pass,Good
738,Female,20,College-1,71,3.5,3.93,100,52,71,78,Medium,Yes,No,High School,Medium,6.9,6.6,High,Excellent,13,Pass,Good
739,Male,19,College-1,72,3.4,2.32,77,53,57,68,High,No,Yes,Graduate,High,6.5,3.5,High,Poor,12,Pass,Average
740,Female,21,10,62,1.7,3.33,93,35,66,59,Medium,Yes,No,Postgraduate,High,7.7,7.4,Low,Good,15,Pass,Average
741,Male,18,10,64,4.1,3.34,100,42,78,75,Medium,Yes,Yes,High School,Medium,4.7,4.8,Low,Poor,14,Pass,Good
742,Female,21,College-2,89,4.4,4.0,100,69,81,82,Medium,No,No,Graduate,Medium,6.5,4.9,Medium,Average,8,Pass,Good
743,Female,20,9,70,4.8,2.64,91,66,74,82,High,Yes,No,Postgraduate,High,4.8,5.9,High,Average,13,Pass,Good
744,Male,22,College-1,79,2.9,2.88,100,57,72,79,High,Yes,No,Graduate,High,8.3,4.2,Low,Poor,11,Pass,Good
745,Male,21,10,93,3.5,2.5,82,73,84,78,High,No,No,Postgraduate,High,8.8,2.9,High,Good,7,Pass,Good
746,Male,20,College-1,71,2.6,2.81,96,56,78,79,Low,Yes,Yes,Postgraduate,Medium,8.1,4.6,High,Average,13,Pass,Good
747,Female,16,9,96,2.4,3.98,100,50,82,82,Medium,No,No,Graduate,High,8.9,6.4,Medium,Average,6,Pass,Good
748,Female,21,10,71,2.3,2.86,87,52,63,69,Low,No,Yes,Graduate,Medium,5.9,2.2,Low,Good,13,Pass,Average
749,Male,15,11,51,7.2,3.37,100,56,70,77,Medium,No,Yes,Postgraduate,High,4.8,4.9,Medium,Poor,18,Pass,Good
750,Male,22,College-2,61,2.3,2.44,79,35,53,55,Low,Yes,No,High School,High,7.3,2.3,Low,Poor,15,Pass,Average
751,Male,20,12,69,7.5,3.18,100,65,89,91,High,No,No,High School,High,5.0,5.8,High,Poor,13,Pass,Excellent
752,Female,16,College-1,71,2.7,2.98,96,40,71,73,Low,No,No,Postgraduate,High,5.1,7.7,Low,Good,13,Pass,Good
753,Female,15,12,70,1.9,3.25,98,47,76,74,Low,No,No,Postgraduate,Medium,7.9,3.1,Medium,Excellent,13,Pass,Good
754,Male,20,College-2,100,6.4,3.06,100,78,83,94,Low,Yes,Yes,Graduate,Medium,8.0,5.9,Low,Good,5,Pass,Excellent
755,Male,18,9,84,1.4,3.48,100,44,80,72,Medium,Yes,Yes,Postgraduate,Medium,8.2,7.1,Low,Average,9,Pass,Good
756,Male,20,10,81,2.4,3.84,100,45,73,77,Medium,Yes,No,Graduate,Low,7.4,1.1,Low,Average,10,Pass,Good
757,Female,21,College-2,88,2.7,2.85,100,67,84,84,Low,No,No,Graduate,Medium,7.5,7.2,Low,Excellent,8,Pass,Good
758,Male,16,10,66,5.2,3.39,100,53,75,82,Medium,Yes,Yes,Postgraduate,Medium,7.3,3.8,Low,Good,14,Pass,Good
759,Female,18,9,93,6.0,2.57,100,74,82,94,High,No,Yes,High School,High,7.6,3.0,Low,Excellent,7,Pass,Excellent
760,Female,17,12,80,1.8,2.37,71,46,63,59,High,Yes,Yes,High School,High,5.5,6.8,Medium,Poor,10,Pass,Average
761,Male,21,12,86,1.1,2.5,75,49,68,64,Low,No,Yes,High School,Low,5.2,7.0,High,Average,9,Pass,Average
762,Male,17,College-1,71,5.6,2.14,84,72,86,82,Medium,Yes,Yes,Postgraduate,Low,6.5,7.1,Medium,Poor,13,Pass,Good
763,Male,15,12,89,6.0,2.08,85,71,70,80,High,Yes,Yes,Postgraduate,Low,7.8,3.3,High,Poor,8,Pass,Good
764,Male,22,College-1,51,5.5,3.29,100,62,85,79,Medium,No,No,Graduate,Low,8.6,7.6,Medium,Good,18,Pass,Good
765,Female,19,10,64,2.0,3.93,100,37,71,72,Low,No,No,Postgraduate,High,7.4,2.2,Low,Excellent,14,Pass,Good
766,Female,22,11,58,6.9,2.84,100,67,89,85,Medium,No,No,High School,High,6.1,7.6,High,Average,16,Pass,Excellent
767,Female,20,College-2,65,2.5,3.75,100,46,79,69,Medium,Yes,No,High School,Medium,5.4,2.4,Low,Excellent,14,Pass,Average
768,Male,21,College-1,69,7.3,2.82,100,67,85,85,Medium,Yes,No,High School,High,8.8,7.1,Low,Excellent,13,Pass,Excellent
769,Male,21,11,86,5.7,3.13,100,81,94,95,Medium,Yes,Yes,Graduate,Medium,5.7,6.2,High,Poor,9,Pass,Excellent
770,Female,18,College-2,93,1.7,3.84,100,55,71,75,Low,Yes,No,High School,Medium,4.8,1.2,High,Good,7,Pass,Good
771,Male,21,9,87,7.3,2.35,100,73,83,95,High,No,Yes,Postgraduate,High,6.5,3.4,High,Excellent,9,Pass,Excellent
772,Male,21,12,94,7.9,3.95,100,90,90,100,Medium,No,Yes,High School,High,7.6,7.3,High,Good,7,Pass,Excellent
773,Female,16,10,78,5.1,3.94,100,65,84,88,Low,No,No,High School,Low,5.3,7.3,High,Average,11,Pass,Excellent
774,Male,20,11,90,3.2,2.17,92,66,71,76,Low,No,Yes,Graduate,Medium,7.7,7.6,Low,Poor,8,Pass,Good
775,Female,15,10,91,2.7,2.87,87,57,78,78,High,Yes,Yes,Graduate,Medium,5.9,4.1,Low,Excellent,8,Pass,Good
776,Female,17,11,74,3.7,2.75,94,61,82,77,High,No,Yes,Graduate,Medium,7.6,2.9,Medium,Poor,12,Pass,Good
777,Male,18,9,78,7.4,2.64,100,69,76,91,Low,No,Yes,High School,High,4.9,5.7,Low,Poor,11,Pass,Excellent
778,Female,16,College-1,54,1.1,3.74,100,35,63,59,Low,Yes,Yes,High School,High,4.6,6.6,Low,Average,17,Pass,Average
779,Female,18,12,55,6.0,3.37,100,48,68,74,Low,No,Yes,Graduate,Medium,4.9,4.0,High,Poor,17,Pass,Good
780,Male,18,10,78,2.3,2.4,75,57,64,68,Medium,Yes,Yes,Graduate,High,4.5,2.2,High,Good,11,Pass,Average
781,Female,19,10,88,3.9,2.5,93,60,84,85,Low,Yes,Yes,Graduate,Medium,7.4,2.5,High,Poor,8,Pass,Excellent
782,Female,16,College-1,89,6.3,3.8,100,66,77,87,Medium,No,No,Graduate,High,6.4,5.7,Medium,Good,8,Pass,Excellent
783,Female,21,12,81,3.1,3.49,100,64,79,85,Medium,No,No,Graduate,Medium,6.7,4.8,Medium,Average,10,Pass,Excellent
784,Female,15,12,59,6.2,3.75,100,62,77,81,High,Yes,Yes,Postgraduate,Low,6.2,7.6,Low,Poor,16,Pass,Good
785,Female,18,10,51,3.7,2.04,74,39,57,54,Medium,No,No,Graduate,Low,5.2,3.4,Medium,Poor,18,Pass,Poor
786,Female,18,12,72,7.7,2.95,100,68,83,86,Medium,Yes,No,Postgraduate,Low,4.8,3.3,Medium,Good,12,Pass,Excellent
787,Female,16,9,93,5.3,3.06,100,74,83,89,Medium,No,No,High School,Low,7.3,5.2,Medium,Average,7,Pass,Excellent
788,Male,20,College-2,70,5.4,2.56,95,70,84,85,High,Yes,Yes,High School,Medium,8.6,4.3,High,Excellent,13,Pass,Excellent
789,Female,19,9,51,3.2,2.3,76,35,63,54,Medium,No,Yes,Graduate,High,8.5,3.7,Low,Good,18,Pass,Poor
790,Female,22,11,99,1.4,2.65,97,61,75,77,High,Yes,Yes,Postgraduate,High,5.6,5.4,Low,Good,6,Pass,Good
791,Female,19,10,96,1.4,3.01,92,57,79,79,Low,No,Yes,High School,High,8.5,4.7,High,Excellent,6,Pass,Good
792,Female,16,11,55,3.6,2.89,93,52,69,67,Medium,No,Yes,Postgraduate,High,8.0,8.0,Medium,Good,17,Pass,Average
793,Male,20,College-2,60,5.1,2.1,81,62,78,73,Medium,Yes,No,Postgraduate,Medium,6.0,1.1,Medium,Average,15,Pass,Good
794,Male,22,9,70,5.3,2.65,100,52,84,85,Low,Yes,Yes,High School,High,7.9,5.5,Low,Average,13,Pass,Excellent
795,Male,21,College-2,55,6.3,2.83,93,64,82,77,Medium,Yes,Yes,High School,Medium,8.9,3.4,Low,Poor,17,Pass,Good
796,Female,15,9,98,7.4,3.29,100,76,81,96,Low,Yes,Yes,High School,High,5.7,2.7,Medium,Good,6,Pass,Excellent
797,Male,15,10,74,6.3,3.53,100,58,84,81,High,Yes,Yes,High School,High,7.5,1.1,Medium,Poor,12,Pass,Good
798,Male,19,11,72,5.9,3.8,100,67,81,88,High,No,No,High School,Low,7.1,3.6,High,Good,12,Pass,Excellent
799,Female,18,10,71,2.4,3.3,100,37,74,66,Low,Yes,No,High School,High,8.5,3.7,Low,Average,13,Pass,Average
800,Male,18,College-1,98,5.0,3.35,100,73,89,88,Medium,Yes,Yes,Graduate,Low,7.9,6.8,Low,Average,6,Pass,Excellent
801,Female,19,College-2,71,2.4,2.65,87,56,68,66,Low,Yes,Yes,High School,Low,8.8,3.7,High,Poor,13,Pass,Average
802,Female,18,College-2,50,7.6,2.76,100,58,74,87,Low,No,No,High School,Medium,8.7,3.1,Medium,Poor,18,Pass,Excellent
803,Male,15,9,69,6.4,2.53,94,59,68,77,Low,Yes,No,Postgraduate,High,8.5,3.1,High,Good,13,Pass,Good
804,Male,15,12,67,1.2,3.38,91,35,67,60,Medium,No,No,High School,Low,7.0,1.4,High,Poor,14,Pass,Average
805,Female,18,10,92,1.4,2.56,89,49,69,73,High,No,Yes,Postgraduate,Low,8.0,3.0,High,Excellent,7,Pass,Good
806,Female,22,12,85,7.7,3.7,100,80,93,100,High,Yes,No,Postgraduate,Medium,6.7,2.6,High,Average,9,Pass,Excellent
807,Female,21,11,70,6.1,2.8,100,66,84,89,Medium,Yes,No,High School,Medium,6.1,2.2,Medium,Excellent,13,Pass,Excellent
808,Male,17,10,78,6.3,2.09,96,80,84,89,High,No,Yes,Graduate,Low,8.4,2.1,High,Poor,11,Pass,Excellent
809,Male,20,College-2,83,1.7,3.33,95,47,73,68,Medium,No,No,High School,High,4.5,7.5,Medium,Excellent,10,Pass,Average
810,Female,17,9,94,6.3,2.91,100,68,92,96,High,No,Yes,Graduate,Medium,5.0,5.5,Low,Poor,7,Pass,Excellent
811,Male,21,11,62,1.2,2.37,64,35,49,45,High,No,Yes,Postgraduate,High,4.6,1.8,Medium,Good,15,Fail,Poor
812,Male,22,11,74,3.6,3.84,100,64,75,77,Medium,Yes,No,Postgraduate,Medium,5.9,5.3,Medium,Poor,12,Pass,Good
813,Female,16,12,77,5.8,3.94,100,57,82,88,Medium,Yes,Yes,High School,High,7.3,3.5,High,Poor,11,Pass,Excellent
814,Female,16,9,79,3.7,2.94,99,57,84,81,High,Yes,Yes,Postgraduate,Medium,6.0,5.2,Low,Average,11,Pass,Good
815,Female,17,12,79,2.9,3.07,89,52,65,66,Medium,Yes,Yes,Graduate,High,7.0,6.6,Medium,Excellent,11,Pass,Average
816,Female,15,11,57,5.8,2.96,99,47,77,79,Low,Yes,No,Postgraduate,High,8.9,1.5,Medium,Average,16,Pass,Good
817,Female,20,College-2,95,4.1,2.2,82,62,64,72,Medium,Yes,No,Postgraduate,High,7.7,7.4,Low,Excellent,7,Pass,Good
818,Female,18,10,80,1.2,2.13,63,44,56,51,Low,Yes,Yes,High School,High,6.5,5.9,Low,Average,10,Pass,Poor
819,Male,18,10,78,5.6,2.96,100,75,92,94,Low,No,Yes,Postgraduate,High,7.0,4.9,Medium,Poor,11,Pass,Excellent
820,Male,20,10,73,1.4,3.33,100,49,66,70,Medium,Yes,Yes,Postgraduate,Medium,8.0,1.8,Medium,Excellent,12,Pass,Good
821,Male,16,12,63,1.7,3.08,82,35,54,53,High,Yes,Yes,High School,High,6.2,5.4,Medium,Good,15,Pass,Poor
822,Female,21,12,64,6.8,2.09,89,68,70,82,High,Yes,Yes,Graduate,High,6.3,6.3,High,Excellent,14,Pass,Good
823,Female,16,College-1,91,7.1,3.04,100,73,91,99,Low,Yes,Yes,Graduate,Medium,7.4,2.7,Medium,Good,8,Pass,Excellent
824,Female,21,College-2,79,5.6,3.67,100,67,84,84,High,Yes,No,Graduate,Low,8.9,3.4,High,Excellent,11,Pass,Good
825,Female,20,10,71,4.7,3.26,100,58,87,83,High,Yes,No,Graduate,Low,7.3,1.4,Medium,Excellent,13,Pass,Good
826,Female,18,12,67,2.8,3.54,99,46,70,70,High,Yes,Yes,Postgraduate,High,6.4,5.6,Medium,Average,14,Pass,Good
827,Female,19,College-1,63,5.2,3.77,100,58,78,78,Medium,No,Yes,Graduate,High,7.4,3.4,Low,Good,15,Pass,Good
828,Female,21,10,57,7.8,2.01,85,65,82,79,Medium,Yes,No,Postgraduate,Medium,8.2,7.9,High,Poor,16,Pass,Good
829,Male,19,10,80,4.1,2.25,76,51,57,66,Low,No,Yes,High School,High,5.9,2.0,High,Poor,10,Pass,Average
830,Female,18,10,50,1.8,2.57,73,35,53,52,Low,No,Yes,High School,Medium,8.9,6.0,Low,Poor,18,Pass,Poor
831,Female,18,10,60,1.6,2.54,82,35,53,57,Medium,Yes,Yes,High School,Medium,7.8,7.9,Low,Poor,15,Pass,Average
832,Male,21,College-2,65,5.7,3.7,100,57,77,84,Medium,No,Yes,Postgraduate,Medium,6.5,7.0,High,Excellent,14,Pass,Good
833,Female,21,12,51,4.8,2.98,100,49,76,79,High,Yes,No,High School,High,5.7,7.2,Low,Excellent,18,Pass,Good
834,Female,15,College-2,60,6.5,2.81,99,61,79,81,High,Yes,Yes,Graduate,High,5.4,3.2,Low,Excellent,15,Pass,Good
835,Female,18,11,86,3.4,3.45,100,52,81,79,Medium,No,No,High School,Low,6.2,4.4,Low,Average,9,Pass,Good
836,Male,19,12,52,7.9,2.18,87,57,65,77,Low,No,Yes,Graduate,Medium,6.1,6.3,Low,Average,17,Pass,Good
837,Female,21,10,76,3.2,2.18,70,62,63,66,Low,Yes,Yes,Postgraduate,High,6.8,2.6,Low,Poor,11,Pass,Average
838,Male,17,10,99,1.7,2.25,85,65,78,77,Low,No,Yes,Graduate,High,8.2,2.3,Low,Poor,6,Pass,Good
839,Male,22,10,75,1.9,2.26,85,48,66,63,High,Yes,Yes,High School,High,4.7,2.1,High,Poor,12,Pass,Average
840,Female,20,College-1,54,7.9,3.06,100,68,88,85,High,No,No,Postgraduate,Medium,5.1,3.0,Low,Excellent,17,Pass,Excellent
841,Female,19,11,58,6.6,2.74,100,55,82,81,Low,No,No,High School,Low,5.4,5.2,Low,Excellent,16,Pass,Good
842,Male,17,9,99,5.5,3.58,100,87,94,95,Low,No,No,Graduate,Medium,5.2,7.1,Medium,Excellent,6,Pass,Excellent
843,Female,15,11,73,7.2,2.1,87,82,79,88,Medium,No,No,High School,High,6.6,3.9,Medium,Good,12,Pass,Excellent
844,Female,17,9,82,4.9,3.69,100,66,85,87,Low,Yes,No,High School,Low,4.7,7.9,High,Average,10,Pass,Excellent
845,Female,15,College-1,90,4.6,3.6,100,69,86,88,High,Yes,No,Graduate,Medium,4.6,3.8,High,Poor,8,Pass,Excellent
846,Female,17,10,92,6.5,2.13,89,80,86,88,Low,Yes,No,Graduate,Medium,7.8,5.0,Low,Poor,7,Pass,Excellent
847,Female,18,9,52,3.1,3.14,97,35,71,62,Low,Yes,Yes,Graduate,High,8.8,2.4,Medium,Poor,17,Pass,Average
848,Female,19,College-1,64,4.3,2.99,90,57,75,73,High,No,No,Postgraduate,Low,8.9,7.5,High,Good,14,Pass,Good
849,Female,21,9,88,6.4,2.87,100,76,96,95,High,No,No,High School,Low,5.6,6.7,High,Average,8,Pass,Excellent
850,Female,21,12,100,2.5,2.31,78,69,81,75,High,No,No,High School,Low,8.8,4.3,Low,Excellent,5,Pass,Good
851,Male,20,11,92,1.5,2.87,95,47,76,70,Low,No,Yes,Graduate,Medium,5.9,7.2,Medium,Average,7,Pass,Good
852,Male,16,9,75,4.0,3.61,100,52,78,76,Low,Yes,Yes,Postgraduate,Medium,5.6,2.7,Medium,Poor,12,Pass,Good
853,Female,20,College-2,100,6.7,2.0,90,74,78,90,High,Yes,Yes,High School,Medium,7.4,7.9,Medium,Poor,5,Pass,Excellent
854,Male,19,College-1,52,8.0,2.0,85,61,77,77,Medium,Yes,No,High School,Low,4.9,1.3,Medium,Good,17,Pass,Good
855,Male,22,12,60,5.5,3.21,100,48,78,77,Medium,No,No,Postgraduate,High,7.6,1.7,Medium,Excellent,15,Pass,Good
856,Male,15,College-1,65,6.6,2.42,99,59,75,87,Low,Yes,Yes,Graduate,Low,8.3,5.7,Low,Poor,14,Pass,Excellent
857,Female,18,12,68,6.4,3.44,100,69,79,83,High,Yes,No,High School,Medium,7.6,5.1,Low,Good,13,Pass,Good
858,Female,17,11,54,1.3,2.78,84,37,64,57,High,No,No,Postgraduate,High,8.3,6.6,Low,Poor,17,Pass,Average
859,Male,22,11,100,2.1,3.75,100,54,70,79,Low,Yes,No,High School,Low,5.6,1.7,High,Good,5,Pass,Good
860,Female,19,College-1,95,3.4,2.21,91,60,73,80,Medium,Yes,No,Postgraduate,Low,7.3,3.4,Medium,Good,7,Pass,Good
861,Female,22,College-1,84,8.0,2.04,100,92,90,97,High,Yes,No,Postgraduate,Low,6.6,3.0,Medium,Good,9,Pass,Excellent
862,Male,18,9,69,7.2,3.34,100,68,88,90,Low,No,Yes,Graduate,Low,8.3,6.7,Medium,Poor,13,Pass,Excellent
863,Male,22,College-1,54,6.6,3.09,100,50,83,81,Low,No,Yes,High School,Medium,5.7,6.7,High,Good,17,Pass,Good
864,Male,17,College-2,61,4.8,2.16,91,51,78,78,High,No,Yes,Postgraduate,Medium,5.4,5.8,High,Good,15,Pass,Good
865,Male,16,9,76,2.1,2.72,86,47,60,68,Low,Yes,No,High School,Low,6.4,6.1,Medium,Good,11,Pass,Average
866,Female,16,11,57,4.5,3.02,100,60,80,82,Low,No,Yes,Postgraduate,Medium,8.3,4.7,High,Poor,16,Pass,Good
867,Male,22,College-2,89,6.6,2.13,89,77,80,84,Medium,Yes,No,Graduate,Medium,8.1,1.6,Low,Excellent,8,Pass,Good
868,Female,21,11,63,2.2,3.17,86,39,69,59,High,No,Yes,High School,Low,7.3,4.4,Medium,Average,15,Pass,Average
869,Female,16,10,50,5.0,2.75,93,53,65,71,Low,Yes,Yes,Graduate,Medium,4.6,5.7,High,Good,18,Pass,Good
870,Male,16,9,57,5.4,2.63,92,62,82,79,Medium,Yes,No,Graduate,Low,4.6,6.8,Medium,Good,16,Pass,Good
871,Female,20,10,76,7.9,3.0,100,80,82,98,High,Yes,Yes,Postgraduate,High,8.9,3.5,High,Poor,11,Pass,Excellent
872,Male,15,11,73,1.8,2.64,76,40,56,61,Medium,Yes,No,Postgraduate,High,8.9,6.4,Medium,Poor,12,Pass,Average
873,Male,16,College-1,75,6.3,2.84,100,67,76,88,Low,Yes,No,High School,Medium,4.7,7.4,Medium,Excellent,12,Pass,Excellent
874,Male,16,College-2,84,1.7,3.79,100,42,73,74,Low,No,Yes,Postgraduate,High,5.2,7.6,Low,Average,9,Pass,Good
875,Female,18,9,97,7.7,3.98,100,93,96,100,Medium,Yes,No,High School,High,8.4,4.6,Medium,Good,6,Pass,Excellent
876,Female,22,9,58,3.8,2.58,83,57,65,66,Low,No,Yes,Postgraduate,Medium,7.2,7.4,High,Average,16,Pass,Average
877,Male,16,College-2,86,2.3,3.34,98,45,70,74,Medium,Yes,Yes,Graduate,Low,7.4,1.8,High,Poor,9,Pass,Good
878,Male,16,11,91,2.5,2.83,95,54,80,79,Medium,No,No,Postgraduate,High,5.0,5.9,High,Good,8,Pass,Good
879,Female,21,9,78,5.6,2.78,99,64,88,84,Medium,Yes,No,Graduate,Low,8.4,2.0,Low,Poor,11,Pass,Good
880,Female,15,12,97,4.2,3.76,100,68,84,89,High,Yes,No,Graduate,Medium,5.8,3.9,High,Average,6,Pass,Excellent
881,Female,17,9,78,2.4,3.93,100,46,80,76,Low,No,No,High School,High,8.4,6.9,High,Average,11,Pass,Good
882,Male,16,10,57,2.9,2.2,80,42,65,65,Medium,No,Yes,Postgraduate,High,6.2,2.8,High,Average,16,Pass,Average
883,Female,18,10,90,4.5,2.04,92,70,83,88,Low,No,No,Graduate,High,6.9,2.0,Medium,Average,8,Pass,Excellent
884,Male,20,9,90,3.8,3.13,99,66,89,87,Medium,No,No,High School,High,8.3,5.2,Medium,Excellent,8,Pass,Excellent
885,Male,22,12,64,4.0,2.21,74,49,66,68,High,Yes,Yes,Postgraduate,High,7.0,5.8,Medium,Average,14,Pass,Average
886,Female,18,9,64,6.2,2.51,100,66,78,85,Medium,Yes,Yes,High School,Medium,5.5,1.7,High,Average,14,Pass,Excellent
887,Female,16,9,52,4.3,3.51,97,52,72,71,High,Yes,No,High School,Medium,5.7,2.2,High,Good,17,Pass,Good
888,Male,17,10,72,6.3,3.48,100,75,79,88,Low,Yes,Yes,High School,Low,7.0,2.2,Low,Average,12,Pass,Excellent
889,Female,17,College-2,68,4.2,2.27,76,51,66,67,Low,Yes,No,Graduate,Low,7.5,2.6,Low,Good,13,Pass,Average
890,Female,16,12,52,4.7,2.22,75,45,54,63,Low,Yes,No,Postgraduate,High,7.6,7.3,High,Good,17,Pass,Average
891,Female,20,11,78,2.1,3.13,100,52,73,71,High,Yes,Yes,High School,Medium,9.0,4.7,Medium,Excellent,11,Pass,Good
892,Male,22,12,99,4.7,2.23,86,64,74,77,High,Yes,Yes,Postgraduate,Low,8.7,7.1,High,Average,6,Pass,Good
893,Male,19,11,58,2.7,3.09,85,39,56,59,Medium,Yes,Yes,High School,Medium,4.7,7.0,Medium,Average,16,Pass,Average
894,Male,20,12,58,6.6,3.04,100,66,77,82,Low,No,No,High School,Low,5.5,5.5,Low,Poor,16,Pass,Good
895,Male,22,9,99,5.7,2.06,92,73,76,90,Medium,No,Yes,Postgraduate,High,4.6,6.7,High,Poor,6,Pass,Excellent
896,Female,17,9,96,2.0,2.23,87,68,78,77,High,Yes,No,Graduate,Medium,6.1,3.7,High,Poor,6,Pass,Good
897,Female,22,9,59,2.2,3.58,100,42,78,74,Low,Yes,Yes,Postgraduate,Medium,7.9,4.5,Low,Excellent,16,Pass,Good
898,Male,21,10,72,5.5,2.55,90,65,81,84,Medium,Yes,No,Graduate,High,4.9,6.1,Low,Good,12,Pass,Good
899,Female,18,10,69,6.8,2.08,81,78,86,88,Medium,No,No,High School,High,8.0,3.6,High,Average,13,Pass,Excellent
900,Male,19,College-2,58,1.5,2.24,71,35,61,56,High,No,Yes,Postgraduate,Medium,5.7,1.3,Medium,Average,16,Pass,Average
901,Male,17,College-2,83,2.4,3.3,100,51,74,77,Medium,No,Yes,Postgraduate,High,7.7,2.3,High,Good,10,Pass,Good
902,Male,16,11,76,3.1,3.51,100,54,85,77,Medium,Yes,No,High School,Medium,4.6,7.2,Medium,Excellent,11,Pass,Good
903,Female,20,College-1,60,3.5,3.73,100,42,75,73,High,Yes,No,High School,High,7.9,6.3,Low,Poor,15,Pass,Good
904,Male,16,11,80,3.6,2.58,99,64,89,87,Low,Yes,No,Graduate,High,6.4,3.0,Low,Excellent,10,Pass,Excellent
905,Male,18,10,89,6.8,2.08,100,69,85,93,Medium,Yes,No,Postgraduate,Medium,4.8,5.8,High,Poor,8,Pass,Excellent
906,Male,15,College-1,75,6.1,2.18,100,72,94,88,Low,Yes,Yes,Postgraduate,High,8.1,6.6,Low,Excellent,12,Pass,Excellent
907,Female,20,12,63,1.9,2.08,72,35,47,55,Low,No,No,Postgraduate,High,7.4,8.0,High,Poor,15,Pass,Average
908,Male,17,College-1,50,7.4,3.62,100,55,79,80,High,Yes,Yes,Postgraduate,Medium,5.4,1.2,Medium,Excellent,18,Pass,Good
909,Female,20,College-1,90,5.9,3.96,100,77,80,92,Medium,Yes,Yes,High School,Medium,5.7,3.0,High,Poor,8,Pass,Excellent
910,Female,20,9,57,7.1,2.22,90,61,74,78,High,Yes,No,High School,Low,7.4,5.0,High,Average,16,Pass,Good
911,Male,19,9,63,5.2,2.9,100,57,83,84,High,No,Yes,Postgraduate,High,6.8,1.5,Medium,Poor,15,Pass,Good
912,Male,16,College-2,73,5.4,2.98,100,66,88,90,Low,No,Yes,High School,Low,8.0,3.4,Low,Average,12,Pass,Excellent
913,Male,20,College-2,73,3.7,3.74,100,57,74,75,Low,Yes,Yes,High School,Medium,8.5,1.6,Medium,Good,12,Pass,Good
914,Male,18,College-1,53,6.7,3.14,100,70,92,86,Medium,No,Yes,High School,Low,6.8,2.3,Medium,Poor,17,Pass,Excellent
915,Female,15,10,100,4.7,2.6,100,80,98,97,Low,No,Yes,High School,Low,6.5,2.4,High,Good,5,Pass,Excellent
916,Female,17,9,78,5.8,3.01,100,76,82,89,High,No,No,Postgraduate,Low,4.6,6.8,Medium,Excellent,11,Pass,Excellent
917,Female,17,College-1,99,5.4,3.31,100,86,99,100,Medium,No,Yes,High School,Medium,8.1,7.1,High,Poor,6,Pass,Excellent
918,Male,18,11,68,1.1,3.24,88,35,59,62,Low,No,No,Postgraduate,High,6.8,3.2,Low,Excellent,13,Pass,Average
919,Female,17,College-2,89,5.9,2.8,100,78,94,98,Low,No,Yes,Postgraduate,High,9.0,4.3,Low,Good,8,Pass,Excellent
920,Male,20,12,92,5.6,3.8,100,68,76,88,High,Yes,Yes,Postgraduate,High,8.6,5.6,High,Excellent,7,Pass,Excellent
921,Female,16,College-1,71,1.2,2.81,85,48,62,61,Medium,No,No,Graduate,High,8.1,6.5,Low,Average,13,Pass,Average
922,Female,16,11,50,4.9,3.66,100,45,80,74,Low,No,No,Postgraduate,Low,8.1,1.7,Low,Good,18,Pass,Good
923,Male,21,College-1,82,2.9,3.67,100,60,79,83,Medium,No,Yes,High School,Low,8.5,7.0,Medium,Average,10,Pass,Good
924,Male,19,9,54,1.6,3.65,90,35,56,56,Medium,Yes,No,High School,Medium,5.4,5.3,Medium,Average,17,Pass,Average
925,Male,19,11,90,4.7,3.28,100,62,74,83,Low,No,No,Graduate,High,8.4,7.6,Medium,Excellent,8,Pass,Good
926,Male,16,College-2,60,1.4,3.45,99,35,63,62,Medium,No,No,High School,Low,8.7,7.2,High,Poor,15,Pass,Average
927,Male,22,10,99,6.4,3.35,100,73,84,94,Low,Yes,No,Graduate,High,4.6,7.6,Low,Average,6,Pass,Excellent
928,Male,16,College-1,72,7.4,3.85,100,63,79,90,Low,Yes,No,High School,Low,6.3,4.3,Medium,Average,12,Pass,Excellent
929,Male,22,9,82,7.9,3.09,100,82,86,97,High,No,No,Graduate,High,5.9,4.3,Low,Average,10,Pass,Excellent
930,Male,18,12,87,3.3,3.02,94,63,78,79,Low,No,Yes,Graduate,Medium,5.1,3.8,High,Poor,9,Pass,Good
931,Male,22,College-1,59,7.3,3.03,100,58,71,85,High,Yes,Yes,Postgraduate,Low,7.8,4.5,Medium,Excellent,16,Pass,Excellent
932,Male,18,9,60,5.0,3.57,100,59,78,78,High,Yes,No,Graduate,Low,6.0,6.8,Medium,Average,15,Pass,Good
933,Male,22,12,86,6.3,3.57,100,81,95,93,High,Yes,No,Graduate,Low,8.8,1.2,Medium,Average,9,Pass,Excellent
934,Female,17,9,100,1.1,2.29,74,50,61,62,Medium,No,Yes,Graduate,High,7.9,3.6,Medium,Poor,5,Pass,Average
935,Female,22,College-1,93,2.9,3.05,96,53,70,75,Low,No,Yes,Graduate,High,7.1,6.1,High,Good,7,Pass,Good
936,Female,19,College-1,100,4.8,3.78,100,74,80,91,Medium,Yes,No,Postgraduate,Medium,4.6,2.1,High,Poor,5,Pass,Excellent
937,Female,17,10,91,1.6,3.02,86,63,80,77,High,No,No,Graduate,Medium,6.1,5.4,Low,Average,8,Pass,Good
938,Female,21,College-1,51,7.5,2.16,99,55,83,80,Low,No,No,Postgraduate,Low,6.5,3.7,Low,Good,18,Pass,Good
939,Female,17,College-2,83,5.0,3.58,100,66,91,92,High,Yes,No,High School,High,6.7,6.2,Medium,Poor,10,Pass,Excellent
940,Male,16,10,92,7.3,2.76,100,82,97,100,Medium,Yes,No,Graduate,Medium,6.1,8.0,Medium,Average,7,Pass,Excellent
941,Male,19,12,83,3.8,2.71,100,59,76,82,Low,Yes,Yes,Graduate,Medium,7.2,2.4,Low,Good,10,Pass,Good
942,Male,17,12,55,5.8,3.52,100,51,77,77,High,Yes,Yes,Graduate,High,8.6,2.3,High,Good,17,Pass,Good
943,Female,19,12,56,2.6,3.12,95,42,71,71,High,No,Yes,Postgraduate,Medium,9.0,4.5,Medium,Good,16,Pass,Good
944,Female,22,10,66,2.6,2.24,82,54,62,68,Low,Yes,No,Postgraduate,Low,5.4,5.4,Medium,Poor,14,Pass,Average
945,Male,16,10,55,6.9,2.65,100,55,79,81,High,Yes,No,Postgraduate,Low,5.4,3.2,Medium,Excellent,17,Pass,Good
946,Male,16,11,96,6.9,2.85,100,73,78,93,Low,Yes,No,High School,Medium,6.9,2.7,Medium,Poor,6,Pass,Excellent
947,Female,17,10,94,5.1,3.47,100,77,80,90,High,No,No,High School,Low,6.6,1.4,Medium,Excellent,7,Pass,Excellent
948,Female,17,10,76,1.4,3.01,94,52,79,71,Medium,No,No,Postgraduate,High,6.0,6.4,Medium,Good,11,Pass,Good
949,Male,19,College-1,96,5.1,2.63,100,72,83,86,Low,Yes,No,Graduate,Low,8.8,6.6,Low,Poor,6,Pass,Excellent
950,Male,16,11,52,1.3,2.46,82,35,52,55,Medium,Yes,Yes,High School,Medium,8.1,3.6,Medium,Excellent,17,Pass,Average
951,Female,21,College-1,52,4.7,3.48,100,48,75,75,High,No,Yes,Graduate,High,7.4,4.0,Low,Excellent,17,Pass,Good
952,Female,17,11,78,7.3,2.59,100,69,76,91,Medium,Yes,Yes,Postgraduate,Low,8.0,6.0,Low,Poor,11,Pass,Excellent
953,Male,21,College-2,97,1.9,3.21,100,48,75,79,Low,Yes,Yes,Graduate,Medium,8.3,1.9,Medium,Average,6,Pass,Good
954,Female,17,10,63,6.0,2.33,96,63,87,87,Medium,No,No,Graduate,Medium,6.6,1.2,High,Good,15,Pass,Excellent
955,Female,21,College-2,85,5.4,3.73,100,69,80,90,High,Yes,Yes,Graduate,Low,6.7,3.7,High,Average,9,Pass,Excellent
956,Male,15,11,95,4.1,2.13,83,64,79,80,Low,Yes,Yes,Postgraduate,High,5.0,4.3,High,Average,7,Pass,Good
957,Male,17,10,97,3.9,2.85,100,76,82,88,Low,No,No,Postgraduate,Low,5.3,1.7,High,Average,6,Pass,Excellent
958,Male,21,11,70,4.9,2.98,100,63,88,85,Low,Yes,No,Graduate,Medium,5.9,3.9,High,Excellent,13,Pass,Excellent
959,Male,22,9,89,6.0,3.21,100,78,81,94,Low,Yes,No,High School,High,5.0,7.3,High,Excellent,8,Pass,Excellent
960,Male,17,9,98,4.7,2.98,100,66,91,90,High,Yes,Yes,Graduate,Medium,6.7,1.8,High,Poor,6,Pass,Excellent
961,Female,20,College-2,85,2.3,3.52,100,63,87,77,Low,No,No,High School,Low,4.7,1.3,High,Excellent,9,Pass,Good
962,Female,18,12,53,6.6,3.63,100,55,69,79,High,Yes,No,High School,Medium,8.7,6.5,Low,Good,17,Pass,Good
963,Female,15,9,60,7.7,3.86,100,58,75,86,Medium,Yes,No,Graduate,High,8.4,5.0,High,Average,15,Pass,Excellent
964,Male,16,10,53,5.3,2.83,100,45,70,71,Medium,Yes,Yes,Postgraduate,Low,5.4,1.0,Low,Average,17,Pass,Good
965,Male,16,9,60,1.8,2.92,90,35,55,62,Medium,No,Yes,High School,Low,7.6,5.9,Low,Poor,15,Pass,Average
966,Male,15,11,89,6.1,3.32,100,79,88,94,High,Yes,No,Graduate,Medium,6.5,6.1,Low,Poor,8,Pass,Excellent
967,Male,16,9,92,2.3,2.6,95,50,68,73,Medium,Yes,No,Postgraduate,High,7.4,5.7,Low,Good,7,Pass,Good
968,Female,20,College-2,50,5.0,3.19,100,44,64,73,Medium,Yes,Yes,High School,High,6.0,1.9,High,Good,18,Pass,Good
969,Female,18,12,58,6.5,3.55,100,65,77,86,Medium,No,No,Graduate,Medium,7.1,6.8,Low,Average,16,Pass,Excellent
970,Male,20,College-1,51,2.8,2.31,68,44,49,51,Low,No,Yes,Postgraduate,Medium,4.8,6.2,Medium,Poor,18,Pass,Poor
971,Male,17,10,60,5.2,3.93,100,59,71,77,Medium,Yes,No,Graduate,Medium,4.8,6.0,Low,Poor,15,Pass,Good
972,Female,22,11,64,5.9,2.12,76,70,76,74,Medium,No,Yes,Graduate,Medium,8.4,1.2,High,Good,14,Pass,Good
973,Female,15,9,73,3.0,2.5,78,45,61,60,Low,Yes,Yes,Postgraduate,Low,8.3,7.6,Low,Average,12,Pass,Average
974,Female,17,12,51,6.6,2.46,97,60,78,84,High,Yes,Yes,Postgraduate,Low,7.8,3.9,High,Good,18,Pass,Good
975,Male,15,12,78,1.8,2.22,75,39,63,62,Medium,Yes,Yes,High School,Medium,7.2,7.1,High,Average,11,Pass,Average
976,Male,21,10,71,1.6,2.72,89,41,72,65,Low,Yes,Yes,High School,High,4.7,7.1,Medium,Average,13,Pass,Average
977,Male,18,9,72,4.7,2.85,100,68,84,82,High,Yes,No,High School,High,6.9,3.5,Low,Excellent,12,Pass,Good
978,Male,20,College-1,60,6.8,2.51,100,66,88,89,Low,Yes,Yes,Postgraduate,Medium,8.6,4.1,Low,Poor,15,Pass,Excellent
979,Male,15,12,53,7.9,2.62,100,76,80,92,High,No,No,High School,Medium,6.3,4.0,Low,Poor,17,Pass,Excellent
980,Female,18,College-2,97,5.6,3.88,100,84,92,100,High,Yes,No,High School,Low,7.1,4.8,Medium,Poor,6,Pass,Excellent
981,Male,16,10,87,3.1,3.86,100,68,92,82,Medium,No,Yes,Graduate,Medium,8.2,6.8,High,Good,9,Pass,Good
982,Female,18,10,56,3.9,2.43,82,38,67,60,Low,No,No,High School,Low,6.2,1.7,High,Good,16,Pass,Average
983,Male,15,10,87,5.0,3.61,100,66,80,84,Medium,Yes,No,Postgraduate,Low,5.0,5.3,Low,Poor,9,Pass,Good
984,Male,18,11,76,1.4,2.05,79,43,56,55,High,No,Yes,High School,Low,5.2,5.7,Medium,Poor,11,Pass,Average
985,Female,19,11,96,6.9,2.58,100,72,80,89,High,Yes,Yes,High School,Medium,6.8,5.1,Medium,Average,6,Pass,Excellent
986,Female,15,12,86,7.9,3.87,100,77,81,99,Medium,No,No,Postgraduate,Low,8.9,3.6,Low,Average,9,Pass,Excellent
987,Female,17,College-1,74,4.9,3.53,100,56,86,80,High,No,Yes,Graduate,High,5.8,3.8,Medium,Excellent,12,Pass,Good
988,Male,20,12,92,5.4,2.46,91,71,75,83,Low,No,Yes,High School,Medium,5.7,5.1,Medium,Average,7,Pass,Good
989,Male,21,College-2,71,6.1,2.92,100,68,81,87,High,No,No,Graduate,High,6.1,6.5,Low,Good,13,Pass,Excellent
990,Female,16,12,89,4.0,2.3,92,54,69,72,Low,Yes,No,Postgraduate,Low,5.7,4.6,High,Excellent,8,Pass,Good
991,Male,15,12,67,4.8,3.15,100,55,81,76,Low,No,No,Graduate,Low,5.1,4.5,High,Excellent,14,Pass,Good
992,Male,20,College-2,88,5.0,2.13,87,61,72,82,High,Yes,Yes,Postgraduate,Medium,6.4,5.4,Low,Average,8,Pass,Good
993,Male,21,11,63,4.3,2.37,82,44,63,65,High,Yes,Yes,Graduate,Medium,6.3,1.0,Medium,Excellent,15,Pass,Average
994,Female,21,9,59,2.8,3.3,94,42,68,71,Medium,No,Yes,Postgraduate,Low,7.3,4.0,High,Good,16,Pass,Good
995,Male,16,11,88,4.8,3.09,99,70,90,84,Low,No,No,Graduate,High,7.9,5.4,Low,Average,8,Pass,Good
996,Female,19,College-1,70,5.4,3.89,100,65,81,82,Medium,No,Yes,Graduate,Medium,8.6,5.4,High,Good,13,Pass,Good
997,Female,18,College-2,70,6.6,2.27,100,63,74,82,Medium,Yes,No,High School,Low,4.7,1.9,Medium,Poor,13,Pass,Good
998,Female,18,12,77,5.8,3.08,100,69,82,85,High,Yes,Yes,Postgraduate,High,4.8,6.8,Medium,Good,11,Pass,Excellent
999,Female,19,10,73,5.2,2.05,94,72,84,87,Low,No,No,Graduate,High,6.2,1.1,Medium,Excellent,12,Pass,Excellent
1000,Female,22,12,77,4.5,2.52,82,60,73,72,Medium,Yes,No,Graduate,Medium,4.7,6.5,Low,Average,11,Pass,Good
1001,Male,17,12,100,4.5,2.49,98,70,88,87,Medium,No,Yes,High School,Medium,7.2,4.0,High,Good,5,Pass,Excellent
1002,Male,17,11,88,5.3,3.39,100,65,79,89,Low,No,No,Graduate,High,5.5,1.4,High,Excellent,8,Pass,Excellent
1003,Male,16,11,69,3.8,2.78,86,45,62,67,High,No,No,High School,Low,7.9,5.3,High,Poor,13,Pass,Average
1004,Male,20,12,56,4.3,3.42,100,43,69,75,Low,No,No,High School,High,6.8,3.8,Medium,Good,16,Pass,Good
1005,Female,18,College-2,60,5.5,2.22,80,48,62,64,Medium,No,Yes,Graduate,Medium,6.4,2.0,High,Excellent,15,Pass,Average
1006,Male,19,10,98,4.7,3.64,100,73,86,86,Low,Yes,No,Graduate,Medium,6.6,3.5,Medium,Poor,6,Pass,Excellent
1007,Male,16,9,52,5.7,2.73,100,58,81,82,Low,Yes,Yes,Postgraduate,Medium,6.4,3.1,Medium,Excellent,17,Pass,Good
1008,Male,22,10,93,7.6,2.9,100,80,89,97,Low,Yes,No,Postgraduate,Low,7.8,7.9,Low,Excellent,7,Pass,Excellent
1009,Female,20,College-2,72,6.0,3.69,100,68,83,91,High,Yes,Yes,Graduate,High,7.4,1.4,Low,Good,12,Pass,Excellent
1010,Male,16,College-1,96,4.8,3.79,100,69,85,93,Low,No,No,Graduate,High,8.2,2.9,Medium,Poor,6,Pass,Excellent
1011,Male,18,College-1,77,3.4,3.83,100,53,76,75,Medium,Yes,No,Postgraduate,High,5.3,2.8,Low,Excellent,11,Pass,Good
1012,Female,19,College-1,95,6.5,3.3,100,77,83,96,High,No,No,Postgraduate,High,5.0,5.5,High,Average,7,Pass,Excellent
1013,Female,22,College-2,98,5.8,2.63,100,72,93,96,Low,No,No,High School,Low,4.8,8.0,Low,Excellent,6,Pass,Excellent
1014,Male,18,College-1,95,2.8,3.66,100,58,85,84,Low,Yes,Yes,Postgraduate,High,5.7,7.3,High,Excellent,7,Pass,Good
1015,Male,17,10,51,3.7,3.13,91,50,78,75,Low,Yes,Yes,High School,Low,8.2,7.6,Low,Average,18,Pass,Good
1016,Female,21,9,50,1.1,2.87,73,35,46,45,Low,Yes,No,High School,Medium,7.6,3.7,Medium,Poor,18,Fail,Poor
1017,Male,22,11,68,1.4,2.58,79,51,64,65,Medium,Yes,Yes,Graduate,Medium,7.8,7.3,Medium,Good,13,Pass,Average
1018,Male,20,11,93,6.5,3.55,100,83,95,99,Medium,No,No,High School,Medium,4.7,2.4,Low,Poor,7,Pass,Excellent
1019,Female,16,College-2,77,4.0,2.54,83,48,69,69,Low,Yes,No,High School,Medium,8.5,3.7,High,Good,11,Pass,Average
1020,Male,20,College-1,56,3.8,2.54,94,52,66,67,Low,No,No,Postgraduate,Low,8.2,7.4,Medium,Average,16,Pass,Average
1021,Male,21,College-1,74,4.7,2.32,97,64,72,76,High,Yes,No,Postgraduate,High,7.1,5.4,High,Excellent,12,Pass,Good
1022,Female,21,9,100,5.3,3.18,100,77,94,97,High,Yes,Yes,High School,Low,6.1,3.6,Low,Excellent,5,Pass,Excellent
1023,Male,19,9,94,6.3,3.26,100,85,89,94,High,Yes,No,High School,Low,6.1,6.9,Medium,Good,7,Pass,Excellent
1024,Female,21,College-1,71,4.6,2.97,100,50,71,74,Low,Yes,Yes,Postgraduate,High,8.9,1.8,High,Average,13,Pass,Good
1025,Female,20,College-1,67,1.6,2.28,71,36,50,55,High,Yes,No,High School,High,7.7,3.8,Medium,Good,14,Pass,Average
1026,Female,17,9,67,7.4,3.36,100,75,80,89,High,Yes,Yes,Graduate,Medium,5.0,4.9,Low,Poor,14,Pass,Excellent
1027,Female,17,10,96,1.3,3.41,100,57,78,81,Low,No,No,High School,High,7.3,2.5,Low,Good,6,Pass,Good
1028,Female,22,10,96,7.2,2.97,100,90,92,100,Low,Yes,No,High School,Medium,5.8,1.4,High,Good,6,Pass,Excellent
1029,Male,17,12,50,4.4,3.12,89,39,59,64,Low,Yes,No,High School,Medium,4.8,3.5,Low,Poor,18,Pass,Average
1030,Male,22,9,97,3.5,2.88,100,60,78,87,Medium,No,Yes,High School,Medium,8.8,7.0,Medium,Poor,6,Pass,Excellent
1031,Female,21,College-1,82,5.0,3.4,100,76,84,85,High,Yes,No,Graduate,Low,5.9,6.0,High,Good,10,Pass,Excellent
1032,Male,19,College-1,67,7.7,3.47,100,78,85,89,Low,Yes,Yes,High School,Medium,7.9,3.9,Medium,Poor,14,Pass,Excellent
1033,Male,20,12,59,3.5,2.44,77,39,64,61,Medium,Yes,No,High School,Medium,7.0,5.3,High,Poor,16,Pass,Average
1034,Female,18,College-1,75,7.0,3.49,100,68,83,89,Medium,Yes,No,High School,Medium,8.9,4.0,High,Good,12,Pass,Excellent
1035,Female,22,College-1,75,7.4,2.11,98,72,78,87,Medium,No,Yes,Graduate,Medium,6.9,3.3,Low,Average,12,Pass,Excellent
1036,Female,19,College-2,86,2.3,3.08,98,54,71,79,Low,Yes,Yes,High School,Low,8.2,5.2,Low,Excellent,9,Pass,Good
1037,Female,15,College-2,99,4.6,3.37,100,72,87,87,High,Yes,Yes,Postgraduate,Low,6.2,5.2,Medium,Good,6,Pass,Excellent
1038,Male,22,11,64,3.2,3.88,100,38,63,71,High,No,Yes,High School,Low,8.6,2.9,Medium,Poor,14,Pass,Good
1039,Female,15,12,55,3.2,3.86,100,53,76,71,Medium,Yes,No,High School,Medium,6.0,7.0,High,Average,17,Pass,Good
1040,Male,15,9,58,4.2,3.42,100,51,67,75,Medium,No,Yes,Graduate,High,7.0,7.5,Low,Average,16,Pass,Good
1041,Female,16,9,94,7.3,2.25,93,79,91,99,High,No,Yes,High School,High,5.0,2.9,Medium,Average,7,Pass,Excellent
1042,Female,21,9,84,3.5,2.75,100,59,75,84,Low,Yes,No,Graduate,High,7.9,2.7,High,Poor,9,Pass,Good
1043,Female,22,12,91,1.1,3.82,100,42,65,66,Medium,Yes,Yes,Graduate,High,7.1,7.6,Medium,Average,8,Pass,Average
1044,Male,15,12,95,7.2,3.7,100,91,98,100,Medium,No,No,High School,Medium,5.5,2.4,Medium,Poor,7,Pass,Excellent
1045,Female,17,11,63,2.1,2.99,91,42,66,67,Low,No,No,High School,High,6.1,1.1,Low,Average,15,Pass,Average
1046,Male,15,College-1,92,7.6,3.58,100,84,87,100,Low,No,Yes,Graduate,Low,7.7,2.0,Low,Excellent,7,Pass,Excellent
1047,Male,15,11,82,2.8,2.23,82,57,75,72,High,No,No,Graduate,High,4.6,7.2,High,Excellent,10,Pass,Good
1048,Female,15,10,70,7.0,3.19,100,73,87,93,Low,No,Yes,High School,High,8.4,1.6,Low,Excellent,13,Pass,Excellent
1049,Female,16,9,73,3.5,3.97,100,63,77,84,Medium,Yes,Yes,Postgraduate,High,5.3,2.8,Low,Average,12,Pass,Good
1050,Male,22,College-2,62,4.0,3.59,100,43,74,69,Low,No,Yes,Graduate,Low,8.8,1.7,Low,Excellent,15,Pass,Average
1051,Male,16,12,63,4.7,3.46,100,63,87,80,High,Yes,Yes,Graduate,Low,6.0,4.9,Medium,Average,15,Pass,Good
1052,Female,20,11,54,4.8,3.02,100,56,75,73,Low,Yes,Yes,High School,High,6.2,7.6,Medium,Average,17,Pass,Good
1053,Male,19,9,50,1.4,3.07,95,35,61,62,Medium,No,No,Graduate,High,7.0,5.3,Low,Average,18,Pass,Average
1054,Male,15,10,97,7.0,3.95,100,91,93,100,Low,Yes,Yes,Graduate,High,7.9,1.5,High,Average,6,Pass,Excellent
1055,Male,15,10,64,7.0,2.72,97,60,77,82,High,Yes,No,Graduate,Low,5.1,4.1,Medium,Good,14,Pass,Good
1056,Female,20,12,75,2.4,2.69,96,46,77,69,High,Yes,Yes,High School,Low,7.6,6.8,High,Poor,12,Pass,Average
1057,Male,17,College-1,91,2.1,3.77,100,61,81,78,High,Yes,Yes,High School,Medium,7.2,3.9,Low,Good,8,Pass,Good
1058,Male,15,11,54,5.3,2.16,78,46,67,63,Medium,No,No,Graduate,Medium,6.3,2.1,Low,Excellent,17,Pass,Average
1059,Female,19,11,64,5.9,3.02,100,62,84,88,Medium,Yes,No,Graduate,Medium,8.7,1.6,Low,Good,14,Pass,Excellent
1060,Female,18,10,88,6.4,2.69,100,86,97,99,Low,No,Yes,Graduate,Low,7.7,5.0,Low,Good,8,Pass,Excellent
1061,Male,16,College-2,59,2.8,3.84,100,53,78,74,High,Yes,No,Postgraduate,High,8.0,5.7,High,Poor,16,Pass,Good
1062,Male,18,College-1,97,5.4,3.45,100,84,96,96,Medium,Yes,Yes,Postgraduate,Medium,6.3,5.5,Medium,Average,6,Pass,Excellent
1063,Male,20,College-2,73,5.7,2.49,91,56,72,81,High,No,No,High School,Medium,6.1,2.7,High,Good,12,Pass,Good
1064,Female,19,College-2,73,7.0,3.38,100,76,90,89,High,No,Yes,Graduate,Low,8.0,3.7,Medium,Good,12,Pass,Excellent
1065,Female,18,11,86,4.3,3.86,100,70,89,90,Low,Yes,Yes,Graduate,Medium,8.4,3.8,Medium,Poor,9,Pass,Excellent
1066,Female,17,12,84,5.9,3.68,100,70,93,94,High,Yes,No,Graduate,High,4.5,3.3,Medium,Excellent,9,Pass,Excellent
1067,Female,16,11,69,6.9,2.48,100,67,79,88,Low,No,Yes,Graduate,Low,5.3,7.0,High,Good,13,Pass,Excellent
1068,Female,18,College-2,91,4.8,2.31,95,62,79,82,Low,No,No,High School,High,5.4,6.5,Medium,Average,8,Pass,Good
1069,Male,17,9,56,7.7,3.07,100,71,93,90,Low,No,No,High School,High,7.6,1.1,Medium,Good,16,Pass,Excellent
1070,Female,19,College-2,60,2.5,3.48,96,45,78,67,High,No,Yes,High School,Medium,8.2,5.6,Low,Average,15,Pass,Average
1071,Female,22,10,91,7.5,2.82,100,77,87,93,High,No,No,Postgraduate,Medium,7.5,5.8,Medium,Average,8,Pass,Excellent
1072,Female,16,9,62,4.3,3.29,96,62,82,81,Medium,No,Yes,High School,Low,5.0,7.4,Low,Excellent,15,Pass,Good
1073,Female,18,College-1,93,2.2,2.64,86,50,73,75,High,Yes,Yes,Graduate,High,5.1,3.2,High,Poor,7,Pass,Good
1074,Female,17,College-2,81,8.0,2.4,100,81,93,100,Low,Yes,No,High School,Medium,8.6,2.4,Low,Good,10,Pass,Excellent
1075,Female,18,College-2,89,3.5,2.43,86,56,68,76,High,Yes,Yes,High School,Medium,8.5,5.6,Medium,Excellent,8,Pass,Good
1076,Female,16,College-1,94,5.9,3.56,100,70,84,89,Medium,Yes,No,Graduate,Low,8.5,6.8,Low,Excellent,7,Pass,Excellent
1077,Male,16,9,52,4.6,3.92,100,44,70,71,Medium,Yes,Yes,Graduate,Low,6.3,4.5,Medium,Average,17,Pass,Good
1078,Female,21,12,85,5.7,2.18,97,81,94,93,Low,No,No,Graduate,Low,7.3,2.3,Low,Average,9,Pass,Excellent
1079,Female,17,11,63,7.9,2.32,100,61,75,86,High,Yes,Yes,High School,High,8.9,2.0,Medium,Excellent,15,Pass,Excellent
1080,Male,22,10,53,3.6,3.99,100,45,65,68,Low,Yes,Yes,Graduate,Medium,8.2,5.3,High,Excellent,17,Pass,Average
1081,Female,17,9,67,1.7,2.63,88,41,59,58,High,Yes,Yes,Graduate,Low,5.6,4.4,Medium,Poor,14,Pass,Average
1082,Female,19,12,82,6.5,3.66,100,74,91,96,Low,No,No,Graduate,High,7.5,2.6,Low,Average,10,Pass,Excellent
1083,Female,19,9,90,5.6,3.44,100,65,84,87,High,Yes,No,Postgraduate,Low,6.2,4.0,High,Good,8,Pass,Excellent
1084,Male,21,10,78,4.8,2.95,93,57,67,77,High,Yes,Yes,Postgraduate,High,6.1,2.3,Medium,Poor,11,Pass,Good
1085,Female,22,12,58,6.1,3.88,100,56,83,80,Low,No,Yes,High School,Low,4.9,3.2,Medium,Excellent,16,Pass,Good
1086,Female,20,College-2,80,2.6,2.37,86,63,78,78,High,No,No,Graduate,Low,8.1,7.9,High,Average,10,Pass,Good
1087,Female,19,10,90,5.8,2.62,96,83,83,90,Low,No,Yes,High School,Low,8.6,5.9,Low,Poor,8,Pass,Excellent
1088,Female,19,12,60,1.8,3.55,100,41,70,67,Low,Yes,Yes,High School,Medium,4.8,6.9,High,Excellent,15,Pass,Average
1089,Female,16,12,75,3.1,2.99,95,61,84,75,Low,No,No,Graduate,High,7.0,6.3,Low,Good,12,Pass,Good
1090,Female,21,College-1,71,1.2,3.4,100,37,61,63,Low,No,No,High School,Low,6.3,3.5,High,Good,13,Pass,Average
1091,Male,20,11,58,5.0,2.1,81,62,77,77,Low,Yes,Yes,Graduate,Medium,6.2,3.2,High,Average,16,Pass,Good
1092,Female,19,12,77,3.1,3.23,100,63,83,79,High,No,Yes,Graduate,Medium,8.9,7.0,Medium,Good,11,Pass,Good
1093,Male,18,College-2,97,2.5,3.58,100,70,80,82,Medium,No,No,Graduate,Low,7.7,6.5,High,Good,6,Pass,Good
1094,Male,20,College-1,76,2.8,3.31,100,47,69,74,Medium,Yes,No,Postgraduate,Low,6.9,5.7,High,Good,11,Pass,Good
1095,Male,16,12,56,2.7,3.79,100,45,68,73,Low,No,No,Graduate,High,5.0,1.1,Medium,Average,16,Pass,Good
1096,Male,15,9,68,5.4,2.95,100,55,73,84,Medium,No,No,Graduate,Medium,8.0,3.6,Low,Average,13,Pass,Good
1097,Male,22,11,96,5.3,2.28,96,67,77,89,Medium,No,No,High School,Medium,7.0,6.8,High,Good,6,Pass,Excellent
1098,Female,20,College-1,90,5.7,3.88,100,81,88,96,Medium,Yes,No,Postgraduate,Medium,6.6,1.0,Medium,Excellent,8,Pass,Excellent
1099,Female,17,College-2,64,1.6,2.74,78,39,55,57,High,Yes,Yes,High School,Low,5.5,4.8,Medium,Excellent,14,Pass,Average
1100,Female,15,9,68,2.3,2.04,68,49,63,55,High,No,Yes,Postgraduate,Medium,6.3,5.6,Medium,Poor,13,Pass,Average
1101,Female,18,9,59,7.2,3.94,100,64,76,82,Medium,Yes,No,High School,Low,7.4,5.5,Low,Good,16,Pass,Good
1102,Female,17,10,53,2.1,2.56,79,37,55,53,Low,Yes,Yes,Postgraduate,Low,8.2,5.3,Low,Average,17,Pass,Poor
1103,Male,19,12,51,1.9,2.43,63,35,41,47,Medium,No,Yes,Postgraduate,High,6.3,7.9,Low,Excellent,18,Fail,Poor
1104,Male,15,10,100,4.2,3.71,100,76,91,90,Medium,No,Yes,High School,Low,8.7,1.1,Low,Average,5,Pass,Excellent
1105,Male,17,College-1,97,5.1,2.34,86,70,78,85,Medium,No,Yes,Postgraduate,High,8.0,6.7,Low,Poor,6,Pass,Excellent
1106,Female,19,College-2,79,6.0,2.26,84,70,70,77,High,No,Yes,Graduate,High,8.8,5.6,High,Excellent,11,Pass,Good
1107,Female,18,College-1,70,6.8,3.66,100,67,76,85,Medium,Yes,No,Postgraduate,Low,6.4,5.4,Medium,Poor,13,Pass,Excellent
1108,Female,19,College-1,61,2.1,3.17,93,43,72,63,High,Yes,Yes,Graduate,Low,7.2,6.6,High,Average,15,Pass,Average
1109,Female,15,10,78,5.0,2.2,79,56,60,74,High,No,No,Postgraduate,High,8.7,6.6,Low,Poor,11,Pass,Good
1110,Male,19,College-2,79,7.0,3.39,100,71,81,89,Medium,Yes,No,Postgraduate,Low,8.4,4.4,Medium,Poor,11,Pass,Excellent
1111,Male,15,11,61,2.2,3.5,98,38,74,70,Medium,Yes,Yes,High School,Medium,8.6,7.6,Low,Excellent,15,Pass,Good
1112,Male,18,11,93,3.2,3.29,100,58,71,76,Medium,No,No,High School,Medium,8.1,5.1,High,Excellent,7,Pass,Good
1113,Female,16,College-1,82,5.2,2.93,100,57,81,82,Medium,Yes,No,Graduate,Medium,8.7,1.1,High,Average,10,Pass,Good
1114,Male,22,12,75,4.0,3.76,100,60,79,81,Medium,No,Yes,High School,Medium,7.5,2.1,High,Average,12,Pass,Good
1115,Male,17,College-1,51,3.9,2.17,85,39,54,60,Medium,Yes,Yes,Graduate,Medium,8.5,3.4,Low,Poor,18,Pass,Average
1116,Male,21,10,59,5.1,3.16,100,58,78,77,High,No,Yes,High School,Medium,5.9,5.7,Medium,Poor,16,Pass,Good
1117,Male,18,College-2,71,5.6,3.34,100,56,76,83,High,Yes,Yes,Graduate,High,7.3,1.2,High,Average,13,Pass,Good
1118,Female,19,College-1,95,7.0,2.35,97,75,83,96,High,Yes,No,Postgraduate,Low,4.8,5.5,Medium,Excellent,7,Pass,Excellent
1119,Female,15,12,84,4.5,2.21,95,57,84,80,Medium,No,Yes,Postgraduate,Low,6.3,7.3,Low,Excellent,9,Pass,Good
1120,Female,21,College-2,61,5.0,2.88,100,60,79,79,Medium,No,No,Postgraduate,Medium,6.8,7.5,High,Poor,15,Pass,Good
1121,Male,16,10,88,4.0,2.36,98,58,83,84,Low,Yes,No,Postgraduate,Low,5.1,3.1,Low,Good,8,Pass,Good
1122,Female,22,10,60,5.3,2.23,90,62,71,79,Medium,No,Yes,Postgraduate,Low,6.9,6.6,High,Average,15,Pass,Good
1123,Male,15,11,57,6.1,2.86,100,49,71,82,Low,Yes,No,High School,High,4.6,2.5,Medium,Average,16,Pass,Good
1124,Male,20,College-1,56,1.0,2.36,66,39,51,45,High,Yes,No,Postgraduate,Low,7.3,3.3,High,Poor,16,Fail,Poor
1125,Male,21,College-2,53,4.2,3.65,100,44,71,74,Low,Yes,No,Graduate,High,6.9,4.0,Low,Good,17,Pass,Good
1126,Male,18,12,90,1.8,3.62,100,49,78,72,High,No,Yes,High School,Low,7.3,4.8,Low,Average,8,Pass,Good
1127,Female,17,12,92,4.5,3.43,100,61,88,87,High,Yes,No,Graduate,High,5.2,7.3,High,Poor,7,Pass,Excellent
1128,Male,16,College-2,75,7.7,3.3,100,86,96,100,Medium,Yes,Yes,Postgraduate,Low,6.7,3.7,Medium,Excellent,12,Pass,Excellent
1129,Female,20,College-2,76,1.8,2.7,93,50,70,66,Medium,Yes,Yes,Postgraduate,High,8.6,5.9,Low,Excellent,11,Pass,Average
1130,Male,20,12,74,3.6,2.77,88,64,79,79,Low,No,Yes,Graduate,Medium,8.8,3.8,Low,Good,12,Pass,Good
1131,Female,22,10,92,4.0,3.48,100,74,79,84,High,No,No,Postgraduate,Medium,7.4,6.3,Low,Excellent,7,Pass,Good
1132,Female,20,College-2,86,5.3,3.11,100,73,87,87,High,No,No,Graduate,Low,6.7,4.9,High,Average,9,Pass,Excellent
1133,Male,21,College-2,88,6.6,2.92,100,81,98,96,High,Yes,No,Graduate,High,8.3,1.8,High,Poor,8,Pass,Excellent
1134,Male,16,9,66,3.0,3.33,100,50,67,71,Low,No,Yes,Graduate,Low,4.5,5.2,Medium,Excellent,14,Pass,Good
1135,Male,18,9,68,4.9,3.09,100,65,82,82,High,Yes,Yes,Graduate,Medium,8.6,1.1,Medium,Average,13,Pass,Good
1136,Male,15,10,89,5.2,3.49,100,77,91,90,Medium,No,Yes,High School,Low,6.6,6.8,Low,Poor,8,Pass,Excellent
1137,Female,21,11,93,3.4,2.2,94,64,77,85,Low,No,Yes,Graduate,High,6.3,5.8,High,Good,7,Pass,Excellent
1138,Female,17,12,77,4.1,3.83,100,69,79,79,High,Yes,Yes,High School,High,4.7,6.3,Low,Excellent,11,Pass,Good
1139,Female,22,11,73,7.2,3.84,100,70,81,94,High,No,No,Postgraduate,Medium,5.1,2.6,Medium,Average,12,Pass,Excellent
1140,Male,20,12,69,7.6,2.25,97,73,90,88,Low,Yes,Yes,High School,High,6.2,6.5,Low,Good,13,Pass,Excellent
1141,Female,21,11,65,2.5,2.88,79,43,68,62,High,No,No,Graduate,High,7.4,5.6,Low,Excellent,14,Pass,Average
1142,Male,19,11,70,2.2,3.07,93,36,71,69,High,No,Yes,High School,Low,8.3,6.7,High,Poor,13,Pass,Average
1143,Female,22,10,50,6.2,3.89,100,61,79,83,Medium,No,Yes,Postgraduate,Medium,6.3,5.6,High,Good,18,Pass,Good
1144,Female,16,12,95,5.7,3.17,100,71,88,94,Low,No,No,Graduate,High,7.0,2.2,Low,Excellent,7,Pass,Excellent
1145,Female,22,11,54,1.4,3.27,92,35,57,59,Medium,No,Yes,Graduate,High,8.6,4.7,Low,Good,17,Pass,Average
1146,Female,19,College-2,99,2.0,3.49,100,52,82,82,High,No,Yes,Graduate,Medium,6.5,4.7,High,Average,6,Pass,Good
1147,Male,16,College-2,52,3.3,2.44,72,48,58,57,Low,Yes,Yes,Graduate,Low,6.7,4.7,High,Excellent,17,Pass,Average
1148,Male,19,College-1,82,4.7,2.14,81,69,82,80,Medium,Yes,No,Postgraduate,Low,5.3,7.4,Medium,Average,10,Pass,Good
1149,Male,16,College-1,57,4.1,3.32,100,46,80,71,High,Yes,No,Graduate,High,5.9,3.3,Medium,Average,16,Pass,Good
1150,Female,18,10,68,3.0,2.96,96,44,74,74,Medium,Yes,No,Graduate,High,6.2,1.6,Medium,Good,13,Pass,Good
1151,Female,22,10,71,1.4,2.06,59,35,40,42,High,Yes,Yes,Postgraduate,High,7.1,5.1,Medium,Average,13,Fail,Poor
1152,Female,19,College-1,56,5.9,3.04,100,52,77,77,High,No,No,Graduate,Low,6.9,3.9,High,Good,16,Pass,Good
1153,Male,17,10,99,7.2,2.7,100,79,97,100,Low,No,No,Postgraduate,High,6.0,6.0,High,Poor,6,Pass,Excellent
1154,Female,19,11,58,3.1,3.81,100,36,74,73,Medium,Yes,No,High School,Medium,6.9,5.5,Medium,Average,16,Pass,Good
1155,Female,21,College-1,83,8.0,2.36,100,91,87,100,Low,Yes,Yes,Postgraduate,Medium,8.9,1.7,High,Poor,10,Pass,Excellent
1156,Female,22,College-1,67,7.6,3.64,100,79,86,96,Low,No,No,High School,High,6.0,1.1,Medium,Excellent,14,Pass,Excellent
1157,Male,20,10,87,2.5,3.26,100,62,73,76,Low,No,Yes,Postgraduate,High,8.2,3.6,Low,Poor,9,Pass,Good
1158,Male,20,11,86,2.7,3.92,100,50,82,78,Low,Yes,No,High School,High,7.1,1.1,Low,Good,9,Pass,Good
1159,Male,22,10,84,6.6,2.09,93,66,75,85,Medium,Yes,No,Postgraduate,High,8.4,6.0,Medium,Average,9,Pass,Excellent
1160,Male,20,10,74,6.3,2.43,98,74,90,91,High,Yes,Yes,Postgraduate,Medium,5.1,4.1,High,Good,12,Pass,Excellent
1161,Female,21,10,98,6.9,3.91,100,80,84,95,High,No,Yes,Graduate,Medium,6.4,3.6,Low,Poor,6,Pass,Excellent
1162,Female,17,12,74,3.0,2.09,70,58,63,61,Low,Yes,No,Postgraduate,Medium,6.3,5.8,Medium,Poor,12,Pass,Average
1163,Male,15,9,71,7.4,2.76,100,70,79,87,High,No,No,Postgraduate,Low,5.8,4.6,Medium,Good,13,Pass,Excellent
1164,Female,18,9,76,6.8,2.25,91,79,77,90,Medium,Yes,No,Graduate,Low,4.7,3.6,Medium,Average,11,Pass,Excellent
1165,Male,15,College-1,82,7.1,2.54,97,82,88,93,Medium,Yes,No,Graduate,Medium,5.7,2.8,Medium,Poor,10,Pass,Excellent
1166,Female,20,9,86,2.2,2.56,95,60,83,78,High,Yes,No,Postgraduate,High,6.8,6.3,Medium,Average,9,Pass,Good
1167,Female,19,College-2,81,1.9,3.28,100,57,73,78,Low,Yes,No,High School,High,5.7,2.4,High,Poor,10,Pass,Good
1168,Female,19,12,82,4.5,3.49,100,60,79,84,Medium,Yes,No,High School,Low,7.0,4.1,High,Poor,10,Pass,Good
1169,Male,17,12,88,1.1,2.7,91,59,80,78,Low,No,No,High School,Low,8.6,7.6,Medium,Poor,8,Pass,Good
1170,Female,17,9,91,6.9,2.17,89,90,92,92,Medium,No,Yes,High School,Low,8.4,2.6,High,Excellent,8,Pass,Excellent
1171,Male,15,College-1,94,5.1,2.43,95,73,83,84,Medium,No,Yes,Postgraduate,Low,7.7,1.7,Low,Good,7,Pass,Good
1172,Male,17,10,84,7.7,3.12,100,82,91,95,Medium,Yes,No,Graduate,Low,4.6,6.1,Low,Good,9,Pass,Excellent
1173,Male,15,10,50,2.9,2.43,80,35,52,52,Medium,No,No,High School,High,8.5,5.5,Medium,Average,18,Pass,Poor
1174,Male,20,10,53,4.3,3.39,100,39,65,74,Medium,No,Yes,High School,High,5.2,3.8,Medium,Average,17,Pass,Good
1175,Male,22,10,76,7.7,2.93,100,76,80,96,Low,No,Yes,High School,Medium,7.1,1.1,Low,Excellent,11,Pass,Excellent
1176,Female,15,College-2,55,2.3,2.34,66,35,48,46,High,No,Yes,Postgraduate,Medium,8.0,5.6,Medium,Average,17,Fail,Poor
1177,Male,17,College-1,61,1.8,3.74,100,42,66,64,Low,No,Yes,Graduate,Medium,8.1,2.8,Medium,Average,15,Pass,Average
1178,Male,16,College-2,76,1.4,3.52,100,39,66,67,Medium,Yes,Yes,Graduate,Low,8.9,6.8,Low,Good,11,Pass,Average
1179,Female,22,10,98,1.6,3.33,94,65,79,78,Medium,Yes,Yes,Postgraduate,Low,8.8,7.4,Medium,Good,6,Pass,Good
1180,Male,17,11,70,1.7,2.16,75,52,64,57,Medium,No,No,High School,Medium,8.7,4.3,Low,Average,13,Pass,Average
1181,Female,19,College-2,56,1.7,3.86,100,35,64,62,High,No,No,Graduate,High,7.5,3.2,Medium,Excellent,16,Pass,Average
1182,Female,15,College-1,58,2.5,2.02,74,39,57,53,High,Yes,No,Postgraduate,High,6.2,1.4,Low,Poor,16,Pass,Poor
1183,Female,18,12,86,1.2,2.26,79,48,56,66,High,Yes,Yes,Graduate,Low,5.8,6.9,Medium,Good,9,Pass,Average
1184,Female,19,12,82,4.1,3.01,96,58,85,79,Low,Yes,Yes,High School,Low,6.5,7.7,Low,Average,10,Pass,Good
1185,Male,15,9,97,6.1,3.73,100,79,81,94,Low,Yes,No,High School,Medium,7.6,6.2,High,Excellent,6,Pass,Excellent
1186,Female,16,12,79,2.7,3.03,100,61,74,81,Low,Yes,Yes,Graduate,High,5.0,1.0,High,Average,11,Pass,Good
1187,Female,15,College-1,65,2.0,3.48,100,49,80,77,High,No,No,Postgraduate,Low,6.7,7.5,High,Excellent,14,Pass,Good
1188,Male,18,12,80,8.0,2.05,100,88,100,100,Low,Yes,Yes,Graduate,Low,6.2,1.3,Low,Poor,10,Pass,Excellent
1189,Male,15,10,70,1.6,3.39,98,49,69,70,High,No,Yes,High School,Medium,7.2,5.5,Low,Good,13,Pass,Good
1190,Female,21,12,98,2.7,2.64,100,71,85,85,Medium,Yes,Yes,High School,Low,6.4,1.2,High,Average,6,Pass,Excellent
1191,Male,18,College-1,67,7.2,3.41,100,61,88,90,Medium,No,Yes,High School,Medium,7.7,6.7,Low,Poor,14,Pass,Excellent
1192,Male,21,11,83,3.4,3.38,100,62,80,80,Low,Yes,No,Graduate,Low,8.5,4.5,Low,Good,10,Pass,Good
1193,Male,21,9,55,2.1,3.9,100,38,64,61,High,Yes,No,Graduate,High,4.9,6.4,Low,Good,17,Pass,Average
1194,Female,21,12,92,7.1,2.12,100,76,87,99,Low,Yes,Yes,High School,High,6.3,7.2,Low,Average,7,Pass,Excellent
1195,Female,16,10,79,1.6,3.81,100,41,75,74,Low,No,No,High School,Medium,4.9,7.2,High,Excellent,11,Pass,Good
1196,Female,17,10,77,6.3,3.78,100,69,88,93,Medium,No,Yes,Postgraduate,Medium,5.5,6.7,Medium,Poor,11,Pass,Excellent
1197,Male,19,10,56,5.4,3.0,100,51,76,75,Medium,No,Yes,Graduate,Medium,6.0,1.0,High,Average,16,Pass,Good
1198,Male,21,12,60,7.6,2.25,98,63,84,84,High,No,No,Postgraduate,Medium,7.9,6.2,Low,Average,15,Pass,Good
1199,Female,19,12,67,7.9,2.88,100,80,96,92,Medium,Yes,Yes,Postgraduate,Low,8.8,5.3,High,Average,14,Pass,Excellent
1200,Male,17,10,73,1.1,3.61,100,48,81,72,Medium,No,Yes,Graduate,Low,6.4,7.5,Medium,Excellent,12,Pass,Good
1201,Female,17,11,97,6.3,2.3,100,90,100,100,Medium,Yes,Yes,Graduate,High,7.0,7.6,High,Good,6,Pass,Excellent
1202,Male,17,12,68,5.5,3.34,100,66,81,80,Low,Yes,No,High School,Medium,4.9,1.9,Low,Good,13,Pass,Good
1203,Female,21,College-1,93,5.1,3.01,100,64,90,85,Low,No,No,Graduate,Low,5.8,7.1,Medium,Poor,7,Pass,Excellent
1204,Male,18,9,56,8.0,3.76,100,64,82,90,Low,No,Yes,Graduate,High,5.3,2.1,High,Excellent,16,Pass,Excellent
1205,Male,18,10,50,6.8,3.43,100,65,86,89,Low,Yes,Yes,Postgraduate,Medium,5.6,2.0,High,Poor,18,Pass,Excellent
1206,Female,16,College-1,55,1.6,2.42,78,35,55,57,Medium,No,Yes,Postgraduate,Low,5.7,7.6,High,Excellent,17,Pass,Average
1207,Female,22,College-1,59,6.3,3.23,100,67,83,88,Medium,No,Yes,Postgraduate,Low,8.7,5.8,Low,Average,16,Pass,Excellent
1208,Male,22,10,78,3.4,2.24,87,51,77,70,Medium,Yes,Yes,Graduate,Low,6.0,2.2,Medium,Poor,11,Pass,Good
1209,Female,22,12,77,1.2,3.23,89,38,61,60,Low,Yes,No,Graduate,Low,7.6,1.8,Low,Excellent,11,Pass,Average
1210,Female,20,12,76,4.9,2.36,89,69,71,75,High,Yes,Yes,High School,High,5.0,7.3,Medium,Good,11,Pass,Good
1211,Female,21,College-1,62,6.6,3.93,100,57,82,88,Medium,No,No,Graduate,High,5.1,7.1,Medium,Poor,15,Pass,Excellent
1212,Male,20,9,74,6.6,2.87,100,67,86,91,High,Yes,No,Graduate,Low,7.6,3.5,Medium,Poor,12,Pass,Excellent
1213,Female,18,College-2,50,4.4,2.09,86,53,69,71,High,Yes,Yes,Postgraduate,Low,4.5,2.4,Medium,Good,18,Pass,Good
1214,Female,18,9,82,1.5,2.21,78,57,61,69,Low,Yes,No,High School,Medium,4.6,3.1,Medium,Good,10,Pass,Average
1215,Female,16,9,98,6.7,2.58,100,79,91,98,Low,No,Yes,High School,Medium,7.0,3.7,Medium,Excellent,6,Pass,Excellent
1216,Male,20,11,66,6.4,3.62,100,58,81,81,High,Yes,Yes,Postgraduate,Low,5.2,4.5,Medium,Excellent,14,Pass,Good
1217,Female,19,10,71,6.7,3.53,100,75,82,89,Medium,Yes,No,High School,Low,5.1,5.1,High,Excellent,13,Pass,Excellent
1218,Female,17,9,51,2.1,3.48,98,35,71,62,Medium,Yes,No,High School,Low,8.0,4.0,Medium,Average,18,Pass,Average
1219,Male,18,9,53,6.8,3.61,100,65,81,82,Medium,No,No,High School,High,6.6,3.5,Low,Average,17,Pass,Good
1220,Male,17,11,78,3.1,3.69,100,49,78,80,Medium,No,No,High School,Medium,4.8,3.1,Low,Good,11,Pass,Good
1221,Male,18,11,52,4.1,2.89,94,42,64,65,Low,No,No,Graduate,High,6.4,2.0,Low,Good,17,Pass,Average
1222,Male,19,College-1,88,1.9,3.01,100,62,74,76,High,No,Yes,High School,Low,8.5,4.0,High,Good,8,Pass,Good
1223,Male,21,College-2,99,3.6,3.58,100,76,84,85,Low,No,No,Graduate,Medium,5.6,1.0,Low,Good,6,Pass,Excellent
1224,Female,20,11,62,5.8,2.12,90,66,84,78,Low,No,Yes,Postgraduate,High,7.8,3.9,Low,Average,15,Pass,Good
1225,Male,15,College-2,100,4.7,2.42,99,67,89,90,Low,Yes,Yes,Graduate,Low,5.2,2.3,Low,Poor,5,Pass,Excellent
1226,Male,19,10,79,6.8,3.21,100,66,88,92,High,No,Yes,Graduate,Medium,7.4,4.4,High,Excellent,11,Pass,Excellent
1227,Male,17,9,86,4.9,2.21,92,75,75,85,Low,No,Yes,High School,Medium,4.6,2.2,Low,Excellent,9,Pass,Excellent
1228,Male,16,12,67,4.5,2.05,71,60,71,73,Low,No,Yes,Graduate,High,4.8,4.0,Low,Poor,14,Pass,Good
1229,Male,22,10,68,5.1,2.92,99,57,82,82,High,No,No,Graduate,Low,5.4,3.9,High,Poor,13,Pass,Good
1230,Female,20,9,84,2.6,3.51,100,53,69,77,High,Yes,Yes,High School,Medium,7.0,6.2,High,Average,9,Pass,Good
1231,Male,19,College-1,98,4.5,3.79,100,73,85,88,Medium,Yes,Yes,Graduate,High,6.9,1.6,Medium,Excellent,6,Pass,Excellent
1232,Female,19,College-1,75,5.5,2.33,100,64,85,87,High,No,Yes,Graduate,High,8.2,4.2,Low,Excellent,12,Pass,Excellent
1233,Male,16,College-1,69,6.7,2.73,100,58,76,88,Low,Yes,Yes,High School,Low,6.4,4.5,Medium,Good,13,Pass,Excellent
1234,Female,18,10,65,5.3,3.83,100,56,75,82,Low,Yes,Yes,High School,Low,5.8,4.8,Medium,Poor,14,Pass,Good
1235,Female,20,College-2,52,2.1,2.66,70,35,51,50,High,Yes,Yes,Graduate,High,6.2,5.6,High,Good,17,Pass,Poor
1236,Male,21,10,94,6.5,2.49,99,78,87,92,Low,Yes,No,Postgraduate,High,7.3,6.3,High,Average,7,Pass,Excellent
1237,Female,21,11,57,1.9,2.54,72,46,52,52,High,Yes,Yes,High School,Low,8.8,2.9,Low,Excellent,16,Pass,Poor
1238,Male,19,College-2,75,2.4,2.74,83,41,54,60,Low,Yes,No,Graduate,High,6.7,3.2,Low,Average,12,Pass,Average
1239,Female,22,11,61,3.8,2.96,92,51,67,69,Low,No,No,Graduate,Low,4.8,2.6,Low,Poor,15,Pass,Average
1240,Female,20,10,89,4.0,2.05,91,72,78,78,Medium,Yes,Yes,High School,High,6.5,6.4,Low,Poor,8,Pass,Good
1241,Male,19,10,72,5.8,2.64,97,61,75,85,High,Yes,No,Graduate,High,8.4,3.5,Medium,Average,12,Pass,Excellent
1242,Male,19,College-2,66,4.3,3.48,100,48,68,71,High,No,Yes,Postgraduate,Low,8.9,3.6,High,Poor,14,Pass,Good
1243,Male,17,College-1,69,6.4,2.99,100,74,85,90,High,No,No,High School,Medium,6.7,1.3,High,Poor,13,Pass,Excellent
1244,Female,18,College-2,60,3.4,3.92,100,38,77,70,High,Yes,No,Postgraduate,Medium,7.7,5.7,High,Excellent,15,Pass,Good
1245,Female,18,College-2,58,3.8,2.53,90,42,63,65,Medium,No,Yes,Postgraduate,Medium,5.3,6.2,Low,Average,16,Pass,Average
1246,Female,22,10,61,2.3,3.07,92,52,76,72,High,No,Yes,Postgraduate,Medium,6.1,6.3,Low,Poor,15,Pass,Good
1247,Male,21,12,55,7.0,3.84,100,61,77,87,Low,No,Yes,High School,Medium,5.3,2.1,Medium,Poor,17,Pass,Excellent
1248,Male,16,12,66,7.4,2.11,100,71,90,92,Medium,Yes,Yes,Postgraduate,Low,8.5,6.8,High,Poor,14,Pass,Excellent
1249,Male,19,12,53,6.2,2.74,94,64,76,82,Low,Yes,Yes,Graduate,Low,4.9,2.5,High,Poor,17,Pass,Good
1250,Female,16,College-2,76,7.8,2.97,100,77,92,95,High,No,Yes,Graduate,Medium,8.7,2.0,Low,Excellent,11,Pass,Excellent
1251,Male,18,11,68,2.5,2.02,79,46,61,59,Medium,Yes,No,Graduate,High,6.9,7.6,Low,Average,13,Pass,Average
1252,Male,21,11,93,1.8,3.57,100,45,72,74,Low,Yes,Yes,Graduate,Medium,8.9,7.2,Medium,Good,7,Pass,Good
1253,Female,15,12,57,7.4,2.94,100,71,88,86,High,Yes,No,Postgraduate,Medium,5.4,2.3,Low,Poor,16,Pass,Excellent
1254,Male,22,College-1,67,7.2,3.72,100,75,93,96,High,Yes,Yes,Graduate,High,8.1,4.3,Low,Poor,14,Pass,Excellent
1255,Female,20,12,60,3.0,3.54,96,50,70,72,Medium,Yes,No,Postgraduate,Medium,5.5,3.2,Medium,Poor,15,Pass,Good
1256,Male,19,College-2,60,3.5,3.49,100,41,75,68,Medium,Yes,Yes,Postgraduate,Medium,5.8,4.8,High,Good,15,Pass,Average
1257,Female,17,9,54,5.6,2.68,100,55,79,76,Medium,No,Yes,Graduate,High,8.9,1.0,High,Poor,17,Pass,Good
1258,Female,16,11,52,5.1,2.52,91,42,67,66,Low,No,No,Graduate,Low,5.5,4.7,Medium,Poor,17,Pass,Average
1259,Female,17,College-2,75,6.1,3.69,100,71,85,87,Medium,Yes,No,Postgraduate,Low,4.9,6.3,Medium,Good,12,Pass,Excellent
1260,Female,17,College-1,94,1.6,3.22,91,46,64,66,Low,Yes,No,Graduate,Low,6.2,4.6,High,Excellent,7,Pass,Average
1261,Female,15,10,91,6.9,3.95,100,83,96,100,High,Yes,No,Graduate,Medium,7.0,1.1,High,Average,8,Pass,Excellent
1262,Male,17,College-2,63,1.2,2.42,75,42,53,51,Low,No,No,Graduate,High,6.7,4.1,High,Good,15,Pass,Poor
1263,Female,15,12,99,1.6,3.02,100,60,82,81,Medium,Yes,No,High School,Medium,4.6,4.6,High,Average,6,Pass,Good
1264,Male,19,College-1,94,4.6,3.51,100,60,82,84,Low,Yes,Yes,Postgraduate,Medium,7.3,6.9,Low,Good,7,Pass,Good
1265,Female,18,10,91,7.0,2.16,100,84,84,94,Low,Yes,No,High School,High,6.4,5.9,High,Poor,8,Pass,Excellent
1266,Male,22,9,80,2.3,3.53,100,60,74,73,High,Yes,No,Postgraduate,Medium,8.1,5.1,Low,Average,10,Pass,Good
1267,Female,19,10,79,1.6,3.07,92,56,74,74,Low,Yes,Yes,High School,High,7.8,7.5,Low,Good,11,Pass,Good
1268,Male,21,College-1,69,5.8,2.23,90,71,85,81,Low,Yes,No,Postgraduate,Medium,7.4,5.8,Low,Poor,13,Pass,Good
1269,Male,15,College-2,73,2.8,4.0,100,57,86,79,Low,Yes,No,Postgraduate,High,7.2,2.1,Low,Excellent,12,Pass,Good
1270,Female,15,9,80,4.5,2.75,100,60,79,85,Medium,No,Yes,Postgraduate,High,8.7,3.7,Low,Good,10,Pass,Excellent
1271,Male,22,9,50,2.4,2.95,96,35,70,64,Low,Yes,Yes,Postgraduate,High,6.5,1.3,Low,Excellent,18,Pass,Average
1272,Female,15,College-2,60,3.8,2.83,87,59,74,72,Low,No,Yes,Postgraduate,High,6.9,5.2,High,Good,15,Pass,Good
1273,Male,21,9,86,2.3,2.18,81,61,63,67,Low,No,No,Graduate,Low,7.4,5.4,Low,Poor,9,Pass,Average
1274,Female,19,11,83,1.9,2.91,100,46,78,75,Low,No,No,Postgraduate,High,4.6,5.4,Low,Good,10,Pass,Good
1275,Male,19,10,71,8.0,3.8,100,70,77,90,High,No,Yes,Graduate,High,7.6,7.1,Low,Poor,13,Pass,Excellent
1276,Male,18,College-1,59,7.7,2.37,95,76,91,88,Medium,No,Yes,High School,Medium,6.6,2.7,Low,Excellent,16,Pass,Excellent
1277,Male,22,11,70,1.9,2.08,71,41,61,57,Medium,Yes,Yes,Graduate,High,7.9,5.8,Medium,Average,13,Pass,Average
1278,Female,17,10,57,3.5,3.0,100,47,73,70,Low,Yes,No,High School,Medium,7.7,4.2,Medium,Excellent,16,Pass,Good
1279,Male,17,College-2,88,6.4,3.17,100,77,89,91,Low,No,Yes,Postgraduate,High,8.9,3.9,Medium,Average,8,Pass,Excellent
1280,Male,18,11,60,7.7,2.77,100,60,86,85,Medium,Yes,Yes,High School,Medium,7.0,1.9,High,Excellent,15,Pass,Excellent
1281,Male,18,11,75,4.9,3.22,100,65,74,83,High,Yes,Yes,Postgraduate,Medium,6.6,4.5,High,Average,12,Pass,Good
1282,Female,15,9,56,3.3,3.95,100,36,64,69,Low,Yes,No,Graduate,Low,7.2,6.2,High,Excellent,16,Pass,Average
1283,Female,16,10,75,2.0,2.13,72,57,63,67,Medium,Yes,Yes,High School,High,7.3,6.2,High,Excellent,12,Pass,Average
1284,Female,19,10,70,2.1,2.26,83,54,73,66,High,Yes,No,High School,Medium,7.4,4.8,High,Average,13,Pass,Average
1285,Female,21,10,53,4.6,2.06,81,52,71,71,High,Yes,No,Graduate,High,5.6,6.8,Low,Poor,17,Pass,Good
1286,Female,20,12,55,4.3,2.01,84,52,73,72,Low,No,Yes,Graduate,Low,6.1,5.4,Medium,Excellent,17,Pass,Good
1287,Male,15,9,66,1.8,2.15,67,47,59,54,Medium,No,No,High School,High,5.2,2.6,Low,Poor,14,Pass,Poor
1288,Female,16,College-1,81,7.9,2.17,100,75,80,95,Low,No,Yes,High School,Medium,6.1,2.6,Low,Average,10,Pass,Excellent
1289,Female,21,9,69,6.1,2.62,100,64,74,84,Medium,No,Yes,High School,Medium,8.1,7.0,Low,Poor,13,Pass,Good
1290,Female,16,12,94,6.9,3.51,100,86,86,93,High,Yes,Yes,Postgraduate,High,6.4,1.5,Medium,Poor,7,Pass,Excellent
1291,Male,20,11,67,3.5,3.21,93,58,78,71,High,Yes,Yes,Graduate,Medium,5.4,2.8,Medium,Good,14,Pass,Good
1292,Female,15,9,95,6.6,3.2,100,82,84,92,Medium,Yes,Yes,High School,High,6.3,3.6,Medium,Good,7,Pass,Excellent
1293,Male,15,College-2,69,1.8,3.52,100,50,71,73,Low,No,No,High School,High,5.7,1.1,High,Poor,13,Pass,Good
1294,Male,17,12,65,4.6,2.8,94,65,71,75,Medium,Yes,No,High School,Medium,8.6,4.8,Medium,Excellent,14,Pass,Good
1295,Male,22,11,95,5.2,2.69,100,67,81,92,Medium,Yes,Yes,Graduate,Medium,8.4,6.1,Low,Excellent,7,Pass,Excellent
1296,Male,16,10,52,5.2,2.23,91,44,68,71,High,Yes,No,Graduate,Low,4.7,5.8,Low,Good,17,Pass,Good
1297,Male,21,9,84,2.9,2.33,85,53,66,73,Medium,No,Yes,High School,Low,6.0,1.3,Medium,Average,9,Pass,Good
1298,Male,17,College-2,88,7.3,3.9,100,78,90,93,Low,Yes,No,High School,Medium,7.6,4.3,Medium,Poor,8,Pass,Excellent
1299,Female,17,10,89,5.0,2.84,100,71,90,92,Medium,No,Yes,Graduate,Low,7.8,5.0,Low,Average,8,Pass,Excellent
1300,Male,21,College-1,97,3.7,2.26,93,74,89,90,Medium,Yes,No,High School,Medium,7.8,3.1,Low,Poor,6,Pass,Excellent
1301,Female,15,College-1,75,3.8,2.09,85,66,69,72,High,Yes,Yes,High School,High,6.5,1.1,Low,Poor,12,Pass,Good
1302,Male,18,12,60,1.4,2.29,64,35,49,47,Medium,No,No,High School,Low,7.8,5.5,High,Average,15,Fail,Poor
1303,Female,19,11,75,1.3,2.09,73,45,66,59,High,Yes,Yes,Graduate,Medium,7.3,4.7,High,Good,12,Pass,Average
1304,Female,20,College-2,94,3.0,2.25,75,72,68,69,Medium,Yes,No,Graduate,Medium,6.0,4.6,Medium,Excellent,7,Pass,Average
1305,Female,21,12,60,7.1,2.3,99,74,93,94,Low,Yes,No,High School,Medium,7.2,5.8,Low,Good,15,Pass,Excellent
1306,Male,18,11,84,4.0,3.73,100,65,86,89,Low,No,No,High School,Low,6.5,3.1,Medium,Average,9,Pass,Excellent
1307,Female,21,9,93,1.0,3.27,91,54,79,76,Medium,No,Yes,Graduate,Low,6.5,5.8,Low,Good,7,Pass,Good
1308,Female,18,9,69,1.5,2.88,84,35,63,60,High,No,No,Postgraduate,Low,5.6,3.3,Medium,Excellent,13,Pass,Average
1309,Female,21,College-1,57,5.0,3.86,100,61,84,79,Low,No,No,Graduate,Low,7.8,6.3,High,Average,16,Pass,Good
1310,Male,20,College-2,62,7.2,3.25,100,71,89,86,Medium,Yes,Yes,High School,High,7.7,4.5,High,Excellent,15,Pass,Excellent
1311,Male,20,12,80,6.6,3.71,100,66,80,90,Medium,Yes,Yes,High School,Low,4.9,2.9,High,Excellent,10,Pass,Excellent
1312,Male,20,10,63,6.5,3.72,100,62,74,85,Low,No,No,Graduate,High,5.1,5.0,High,Average,15,Pass,Excellent
1313,Male,17,10,66,2.2,3.87,100,41,72,71,High,Yes,Yes,Postgraduate,Low,6.6,2.7,Medium,Poor,14,Pass,Good
1314,Female,22,College-2,54,4.0,2.35,79,46,58,63,Low,Yes,Yes,Postgraduate,Medium,5.4,6.3,Medium,Good,17,Pass,Average
1315,Male,18,College-1,55,3.3,3.79,100,48,76,71,Low,Yes,Yes,High School,High,5.7,3.4,Medium,Good,17,Pass,Good
1316,Female,22,12,65,2.5,2.86,99,39,65,65,Low,Yes,Yes,Graduate,High,5.2,6.4,High,Poor,14,Pass,Average
1317,Female,15,10,75,3.8,3.85,100,46,71,71,Medium,Yes,No,Postgraduate,Medium,5.8,4.3,Low,Good,12,Pass,Good
1318,Female,15,College-2,58,5.4,3.28,100,47,69,73,High,No,No,Graduate,High,4.9,6.8,Low,Excellent,16,Pass,Good
1319,Male,21,10,79,3.9,3.68,100,54,69,81,High,No,No,Graduate,Medium,6.2,7.5,High,Poor,11,Pass,Good
1320,Female,19,College-1,68,5.0,3.29,100,52,84,82,Low,No,No,High School,High,5.7,5.2,High,Good,13,Pass,Good
1321,Male,17,10,70,1.1,3.32,88,43,70,64,High,Yes,No,Graduate,Low,5.8,5.9,Low,Poor,13,Pass,Average
1322,Female,20,10,60,6.0,3.07,100,52,71,78,Medium,Yes,Yes,Postgraduate,Low,7.1,7.5,Low,Excellent,15,Pass,Good
1323,Female,19,10,77,6.2,2.27,89,77,91,88,High,Yes,No,Graduate,High,8.9,7.1,Medium,Excellent,11,Pass,Excellent
1324,Female,15,11,54,6.9,3.82,100,57,84,79,High,No,Yes,Graduate,High,8.0,4.7,Low,Excellent,17,Pass,Good
1325,Female,19,12,94,1.5,2.51,94,55,78,75,Low,No,No,Postgraduate,Medium,7.8,5.9,High,Good,7,Pass,Good
1326,Male,21,9,86,6.4,3.08,100,84,98,99,Low,Yes,Yes,Graduate,Low,6.2,7.2,Medium,Excellent,9,Pass,Excellent
1327,Female,22,College-2,58,1.1,2.64,80,40,65,57,High,No,No,Graduate,Medium,6.4,3.5,Medium,Good,16,Pass,Average
1328,Female,20,College-1,56,7.9,2.55,91,58,78,78,Medium,Yes,No,Postgraduate,Low,5.3,4.3,Medium,Poor,16,Pass,Good
1329,Female,19,9,76,3.7,2.35,83,55,69,74,Low,Yes,Yes,Postgraduate,Medium,5.6,1.7,High,Excellent,11,Pass,Good
1330,Male,21,10,51,4.6,2.94,86,40,69,70,Low,No,No,High School,Low,5.6,3.2,High,Excellent,18,Pass,Good
1331,Female,16,10,53,2.2,2.1,77,44,59,62,Medium,Yes,No,Postgraduate,Low,8.1,3.3,High,Excellent,17,Pass,Average
1332,Male,19,9,88,4.4,3.15,100,60,80,83,Low,No,No,Postgraduate,Medium,8.3,6.7,High,Poor,8,Pass,Good
1333,Male,20,12,69,3.2,3.51,100,55,78,73,High,Yes,No,Postgraduate,Low,4.7,2.4,Medium,Poor,13,Pass,Good
1334,Male,20,College-1,58,5.6,3.23,100,51,68,78,High,Yes,No,Postgraduate,Medium,6.4,2.2,High,Poor,16,Pass,Good
1335,Female,22,11,79,2.3,2.19,81,55,75,69,High,No,Yes,Postgraduate,Medium,5.9,1.3,Low,Excellent,11,Pass,Average
1336,Female,21,College-2,97,2.9,2.32,76,69,80,78,High,No,Yes,Postgraduate,Medium,8.6,4.7,Low,Average,6,Pass,Good
1337,Male,22,12,91,6.4,2.06,100,78,93,95,Medium,No,Yes,High School,Medium,5.3,7.2,Low,Poor,8,Pass,Excellent
1338,Male,22,College-1,74,3.8,3.93,100,57,72,74,High,Yes,No,High School,Medium,8.3,2.5,Medium,Good,12,Pass,Good
1339,Female,17,10,86,3.2,2.05,82,53,66,72,High,No,Yes,Graduate,High,7.3,5.2,High,Poor,9,Pass,Good
1340,Female,15,College-2,59,7.2,3.15,100,68,86,88,High,No,No,Graduate,High,5.5,5.8,Medium,Good,16,Pass,Excellent
1341,Male,22,College-2,54,5.4,2.63,100,60,74,75,Low,No,Yes,Graduate,High,6.5,4.5,Low,Good,17,Pass,Good
1342,Female,18,College-1,81,5.2,3.02,100,76,92,92,Medium,No,No,High School,High,7.0,3.1,Low,Average,10,Pass,Excellent
1343,Female,16,College-1,51,5.8,3.19,99,49,69,79,High,Yes,Yes,Postgraduate,High,6.3,2.1,High,Excellent,18,Pass,Good
1344,Female,21,College-2,91,6.5,3.63,100,88,100,100,High,Yes,Yes,High School,Medium,4.9,6.4,High,Average,8,Pass,Excellent
1345,Female,19,College-1,64,4.4,2.78,100,51,74,76,Medium,Yes,Yes,Postgraduate,Medium,5.2,4.9,Low,Excellent,14,Pass,Good
1346,Female,15,12,81,3.3,3.04,97,53,77,76,Medium,Yes,Yes,High School,High,6.8,3.9,Low,Poor,10,Pass,Good
1347,Male,22,College-1,70,3.3,3.54,100,42,74,75,High,Yes,No,Postgraduate,Medium,7.3,5.8,Medium,Poor,13,Pass,Good
1348,Male,16,10,69,3.6,3.94,100,44,73,71,Low,No,Yes,High School,Medium,6.8,2.5,High,Excellent,13,Pass,Good
1349,Female,22,College-1,57,3.3,3.55,100,37,61,64,Low,Yes,Yes,Postgraduate,Medium,7.9,6.7,High,Good,16,Pass,Average
1350,Female,19,9,72,4.0,2.95,97,46,70,72,Low,No,Yes,High School,High,5.8,3.9,Medium,Excellent,12,Pass,Good
1351,Male,17,College-2,63,6.3,2.24,98,68,86,83,Medium,Yes,Yes,Postgraduate,Medium,6.8,2.5,High,Average,15,Pass,Good
1352,Male,17,11,95,1.3,3.12,96,64,77,78,Low,No,No,High School,High,7.0,1.6,Medium,Good,7,Pass,Good
1353,Female,19,12,84,2.7,3.89,100,54,78,76,Low,Yes,No,Postgraduate,High,6.4,3.7,High,Good,9,Pass,Good
1354,Female,15,11,84,3.0,2.54,97,50,78,79,Low,Yes,Yes,High School,High,4.9,5.4,High,Poor,9,Pass,Good
1355,Female,21,College-2,75,5.0,2.57,88,59,74,77,Low,No,Yes,Postgraduate,Medium,4.8,6.8,Medium,Good,12,Pass,Good
1356,Male,15,10,51,6.2,3.72,100,58,80,82,Medium,No,Yes,Postgraduate,High,5.1,6.7,High,Excellent,18,Pass,Good
1357,Female,21,12,95,6.7,2.83,100,85,87,95,Low,Yes,Yes,Graduate,High,5.0,7.2,Medium,Average,7,Pass,Excellent
1358,Male,16,10,67,2.2,3.59,98,38,67,67,High,No,No,Postgraduate,Low,8.8,1.2,Medium,Excellent,14,Pass,Average
1359,Female,21,9,72,5.3,2.9,95,62,74,80,Medium,No,Yes,Postgraduate,Low,4.6,4.3,Low,Average,12,Pass,Good
1360,Female,15,9,99,7.0,2.79,100,87,94,100,High,No,Yes,Graduate,Low,4.8,3.1,Medium,Average,6,Pass,Excellent
1361,Male,17,12,54,5.0,3.81,100,61,82,79,High,No,No,Graduate,Low,8.0,3.5,Medium,Poor,17,Pass,Good
1362,Female,16,College-2,51,2.5,3.63,100,35,64,64,High,Yes,No,Graduate,High,8.4,6.5,Medium,Excellent,18,Pass,Average
1363,Male,19,11,80,2.0,3.15,96,55,74,75,Medium,No,Yes,Graduate,High,6.9,4.8,Medium,Good,10,Pass,Good
1364,Female,20,10,87,6.8,2.52,100,81,98,93,Low,Yes,Yes,Graduate,Low,5.2,1.6,High,Good,9,Pass,Excellent
1365,Male,15,9,68,2.7,2.19,71,38,62,57,High,No,Yes,High School,Medium,6.7,4.0,Low,Poor,13,Pass,Average
1366,Female,16,College-1,70,1.6,2.96,92,38,60,67,Medium,Yes,Yes,Postgraduate,High,4.8,2.6,Medium,Good,13,Pass,Average
1367,Female,18,10,77,3.1,2.11,88,61,66,75,High,Yes,No,Graduate,Low,6.0,4.2,High,Average,11,Pass,Good
1368,Male,20,10,50,3.8,2.37,85,47,68,65,Low,No,Yes,High School,Medium,4.7,2.4,Low,Poor,18,Pass,Average
1369,Male,21,12,75,3.9,2.51,97,65,77,84,Low,Yes,Yes,High School,Low,4.7,3.2,Low,Good,12,Pass,Good
1370,Female,17,College-2,52,1.2,3.17,82,35,51,52,Low,Yes,Yes,High School,Low,5.9,7.1,Low,Good,17,Pass,Poor
1371,Female,16,10,84,3.1,2.46,82,58,67,67,Low,Yes,No,Graduate,Medium,5.5,1.7,High,Good,9,Pass,Average
1372,Male,17,11,71,1.9,2.6,81,54,73,64,High,No,No,High School,Medium,5.9,4.5,Low,Poor,13,Pass,Average
1373,Female,17,College-1,96,6.7,3.5,100,86,92,98,Medium,Yes,No,Graduate,Low,8.8,2.7,Medium,Average,6,Pass,Excellent
1374,Male,20,10,74,7.9,3.13,100,74,94,93,High,Yes,No,Graduate,Medium,6.3,6.7,Low,Good,12,Pass,Excellent
1375,Female,21,12,80,6.5,3.7,100,67,84,86,High,No,Yes,Graduate,Low,6.2,2.7,High,Excellent,10,Pass,Excellent
1376,Female,22,College-1,58,6.3,3.78,100,54,78,82,Low,No,Yes,Graduate,Medium,8.5,5.0,Low,Average,16,Pass,Good
1377,Female,18,College-2,91,4.2,3.9,100,73,85,87,Medium,No,No,Postgraduate,High,7.4,7.5,Medium,Average,8,Pass,Excellent
1378,Male,21,9,92,5.0,3.46,100,70,92,91,Medium,Yes,Yes,High School,Medium,6.4,1.7,High,Average,7,Pass,Excellent
1379,Female,17,9,94,4.2,3.61,100,62,85,90,Low,No,No,Graduate,High,4.6,1.2,High,Poor,7,Pass,Excellent
1380,Male,19,12,85,7.3,2.42,97,72,85,90,Medium,Yes,No,Postgraduate,Medium,6.2,2.9,Low,Average,9,Pass,Excellent
1381,Male,19,9,74,6.9,2.41,95,80,82,87,Low,No,No,Postgraduate,High,5.8,6.3,Low,Poor,12,Pass,Excellent
1382,Male,21,College-2,61,5.5,2.58,98,50,79,75,High,Yes,Yes,Graduate,Low,7.7,3.7,High,Poor,15,Pass,Good
1383,Male,19,College-2,52,1.7,3.57,100,35,62,61,High,Yes,Yes,High School,Low,6.3,2.2,Low,Good,17,Pass,Average
1384,Male,19,9,67,2.5,2.96,87,44,60,64,High,Yes,Yes,Graduate,Medium,8.6,3.9,High,Average,14,Pass,Average
1385,Male,19,College-2,52,1.5,2.21,57,35,40,47,Low,Yes,Yes,Postgraduate,High,5.6,4.8,Medium,Excellent,17,Fail,Poor
1386,Female,17,9,57,3.8,3.93,100,56,71,76,Low,No,No,Graduate,High,6.9,1.2,Medium,Average,16,Pass,Good
1387,Male,21,9,53,2.5,3.39,100,35,74,70,Low,No,No,High School,High,5.4,4.0,Low,Excellent,17,Pass,Good
1388,Female,15,10,57,2.4,3.17,92,35,59,62,High,Yes,No,High School,Low,5.1,5.9,Low,Excellent,16,Pass,Average
1389,Female,22,12,90,3.1,3.39,100,56,83,78,Medium,No,Yes,Postgraduate,Low,5.1,4.4,Low,Poor,8,Pass,Good
1390,Male,17,9,52,7.4,2.22,93,56,75,82,Medium,No,Yes,High School,High,6.7,5.3,Low,Poor,17,Pass,Good
1391,Female,20,11,71,2.5,2.87,85,50,61,64,Low,No,Yes,Postgraduate,Medium,4.7,5.2,High,Good,13,Pass,Average
1392,Female,21,12,54,1.0,3.44,85,36,60,52,High,No,Yes,High School,Low,7.3,3.0,Medium,Poor,17,Pass,Poor
1393,Female,17,10,87,7.9,2.9,100,79,92,97,Medium,Yes,No,High School,Medium,7.7,3.4,Medium,Average,9,Pass,Excellent
1394,Male,19,College-2,98,5.6,2.77,97,82,81,96,Medium,Yes,Yes,High School,Medium,6.3,1.2,High,Excellent,6,Pass,Excellent
1395,Female,15,College-2,61,2.8,3.56,97,35,58,63,Medium,Yes,No,High School,High,8.0,4.6,Low,Poor,15,Pass,Average
1396,Male,17,10,80,3.9,2.24,79,53,65,71,High,Yes,No,High School,High,5.4,6.0,Medium,Excellent,10,Pass,Good
1397,Female,16,9,70,7.1,3.21,100,69,77,92,High,No,No,Postgraduate,Low,6.9,3.5,Low,Good,13,Pass,Excellent
1398,Male,17,College-2,100,1.7,3.33,100,54,79,75,High,Yes,Yes,Graduate,Medium,5.0,2.7,Low,Good,5,Pass,Good
1399,Male,19,9,81,4.9,3.05,96,59,69,83,High,No,No,High School,Medium,4.7,6.3,Low,Good,10,Pass,Good
1400,Female,22,11,98,1.9,2.19,90,56,74,71,High,Yes,Yes,High School,Low,7.9,6.3,High,Average,6,Pass,Good
1401,Male,17,9,51,3.7,3.83,100,35,66,65,Low,No,No,High School,High,7.9,4.5,Medium,Poor,18,Pass,Average
1402,Female,17,College-1,70,6.7,3.83,100,76,89,95,High,Yes,No,Postgraduate,Medium,7.0,7.7,High,Poor,13,Pass,Excellent
1403,Male,21,11,94,3.1,3.6,100,52,80,83,Medium,No,Yes,High School,Medium,8.5,4.6,Medium,Good,7,Pass,Good
1404,Male,19,College-1,78,7.3,2.89,100,72,91,89,High,Yes,Yes,Graduate,Low,4.9,3.2,High,Poor,11,Pass,Excellent
1405,Female,19,12,82,3.0,3.23,100,65,86,82,Medium,Yes,No,High School,High,6.7,3.8,Medium,Average,10,Pass,Good
1406,Female,17,11,65,6.2,2.6,88,54,71,79,Low,No,No,High School,Medium,8.6,2.2,High,Poor,14,Pass,Good
1407,Female,15,10,70,4.7,3.91,100,60,77,78,Medium,Yes,No,Graduate,Low,5.9,3.0,Low,Average,13,Pass,Good
1408,Female,17,College-1,64,5.6,3.2,100,55,76,83,Medium,Yes,Yes,Graduate,Low,7.3,3.4,Low,Excellent,14,Pass,Good
1409,Male,17,10,75,2.3,2.18,70,42,63,59,Low,No,Yes,Graduate,Medium,8.5,5.3,High,Average,12,Pass,Average
1410,Female,18,10,57,3.5,2.81,99,42,77,76,Medium,Yes,Yes,High School,Low,5.6,2.2,High,Average,16,Pass,Good
1411,Male,15,9,82,1.3,2.72,80,41,53,57,High,Yes,Yes,High School,Medium,6.9,7.6,High,Average,10,Pass,Average
1412,Male,21,10,81,5.2,2.12,77,61,71,72,Low,No,No,Postgraduate,High,4.9,1.4,High,Good,10,Pass,Good
1413,Male,15,11,94,4.4,3.94,100,59,85,87,Medium,Yes,Yes,Postgraduate,Low,6.8,3.6,Low,Excellent,7,Pass,Excellent
1414,Female,19,10,91,5.4,3.54,100,72,90,91,Medium,Yes,Yes,Postgraduate,Medium,6.6,6.5,Medium,Average,8,Pass,Excellent
1415,Female,15,11,93,5.3,3.34,100,76,93,91,Low,No,No,High School,Low,8.6,7.4,Low,Average,7,Pass,Excellent
1416,Male,18,9,85,1.6,3.09,98,42,63,71,High,Yes,No,Graduate,High,7.7,3.2,High,Excellent,9,Pass,Good
1417,Female,16,College-1,51,3.7,2.41,77,38,53,59,Medium,Yes,Yes,High School,Medium,8.2,5.4,High,Good,18,Pass,Average
1418,Male,15,9,91,4.6,2.17,87,62,75,80,High,Yes,No,Graduate,Low,6.4,7.4,High,Average,8,Pass,Good
1419,Female,18,10,65,5.9,2.87,100,72,94,87,Medium,No,Yes,Graduate,High,4.8,2.0,High,Average,14,Pass,Excellent
1420,Male,16,11,93,4.5,3.97,100,75,83,93,High,Yes,No,Graduate,Low,6.0,1.5,High,Excellent,7,Pass,Excellent
1421,Male,19,11,75,3.0,3.75,100,44,68,69,Medium,Yes,Yes,Graduate,Medium,6.4,7.1,High,Excellent,12,Pass,Average
1422,Female,17,10,70,7.5,2.82,100,76,96,94,Medium,No,No,High School,Low,6.2,4.3,Medium,Excellent,13,Pass,Excellent
1423,Female,16,10,90,2.0,2.26,88,58,75,71,High,Yes,No,High School,Medium,4.5,3.9,Medium,Excellent,8,Pass,Good
1424,Female,17,9,61,5.2,2.04,84,64,72,75,Low,Yes,No,Graduate,High,5.5,3.2,Medium,Poor,15,Pass,Good
1425,Female,17,11,61,2.0,2.92,77,39,61,55,Low,No,Yes,Graduate,Low,5.4,7.3,Low,Average,15,Pass,Average
1426,Male,15,College-1,91,5.3,3.11,100,69,82,85,High,No,No,High School,High,5.1,3.0,Medium,Excellent,8,Pass,Excellent
1427,Male,15,9,75,6.4,2.81,100,63,89,86,Low,Yes,Yes,High School,Low,6.5,3.8,High,Good,12,Pass,Excellent
1428,Female,22,College-2,82,7.4,3.55,100,74,85,94,High,No,Yes,Postgraduate,Low,5.1,6.7,High,Excellent,10,Pass,Excellent
1429,Female,17,9,81,6.1,2.76,100,81,90,93,High,No,No,Graduate,High,7.4,5.9,High,Poor,10,Pass,Excellent
1430,Male,15,9,57,7.1,3.53,100,72,84,87,Low,No,No,Graduate,Low,5.2,5.4,Medium,Good,16,Pass,Excellent
1431,Male,19,11,100,7.3,3.28,100,77,86,93,High,Yes,Yes,Graduate,Low,7.7,7.3,Medium,Average,5,Pass,Excellent
1432,Male,19,College-1,54,3.4,2.15,70,44,55,53,High,Yes,No,Graduate,Medium,6.2,4.6,Medium,Good,17,Pass,Poor
1433,Female,22,9,82,1.3,2.21,76,53,66,61,Medium,No,No,High School,Low,4.7,5.5,High,Poor,10,Pass,Average
1434,Male,21,9,59,7.2,2.81,100,71,83,85,Low,No,No,Graduate,High,8.1,5.6,Medium,Poor,16,Pass,Excellent
1435,Male,21,9,55,5.0,2.88,100,58,77,80,Medium,Yes,No,High School,Medium,6.6,6.8,High,Average,17,Pass,Good
1436,Female,18,11,73,2.3,3.18,100,48,80,76,Low,Yes,Yes,Graduate,Low,6.1,4.8,Medium,Excellent,12,Pass,Good
1437,Female,21,12,92,2.0,2.96,100,47,67,72,High,No,Yes,High School,Low,6.6,6.4,Low,Average,7,Pass,Good
1438,Male,19,11,100,4.6,2.92,100,75,92,88,Low,No,Yes,High School,Medium,5.4,7.3,Low,Good,5,Pass,Excellent
1439,Male,22,10,69,4.0,3.09,97,44,77,76,High,Yes,No,Graduate,Medium,8.9,1.0,Medium,Poor,13,Pass,Good
1440,Male,15,College-1,57,7.2,2.26,97,74,93,88,Low,Yes,No,High School,Low,6.8,2.0,Low,Poor,16,Pass,Excellent
1441,Female,22,12,59,6.0,3.35,100,55,70,78,Low,No,Yes,Postgraduate,High,5.8,2.4,High,Excellent,16,Pass,Good
1442,Male,21,College-1,56,3.6,3.54,100,50,80,75,Low,Yes,No,Graduate,Low,7.7,4.0,Low,Good,16,Pass,Good
1443,Male,17,10,59,2.1,2.28,75,41,56,53,Low,Yes,No,High School,High,8.2,3.0,High,Poor,16,Pass,Poor
1444,Male,16,11,79,1.1,2.49,69,38,55,51,Low,Yes,Yes,High School,Medium,7.6,4.3,High,Average,11,Pass,Poor
1445,Female,22,College-1,76,1.1,2.7,90,39,64,60,Low,Yes,No,Graduate,High,6.8,1.9,High,Average,11,Pass,Average
1446,Female,18,College-2,72,4.4,2.57,94,63,72,78,High,No,No,Graduate,High,4.9,2.3,Low,Average,12,Pass,Good
1447,Male,17,11,51,7.1,2.99,100,64,87,85,Medium,No,No,Postgraduate,Low,4.9,8.0,High,Excellent,18,Pass,Excellent
1448,Male,19,College-2,92,1.9,3.38,98,45,75,78,High,No,Yes,Graduate,Low,4.5,6.7,High,Poor,7,Pass,Good
1449,Male,18,11,85,6.4,2.99,100,76,86,96,Medium,Yes,No,Postgraduate,High,5.8,6.8,Low,Poor,9,Pass,Excellent
1450,Female,16,College-2,55,7.3,2.1,98,72,84,90,Low,No,Yes,High School,High,4.8,1.3,High,Average,17,Pass,Excellent
1451,Male,19,College-2,71,5.9,3.76,100,60,73,84,Low,No,No,Graduate,Low,5.8,3.3,Low,Excellent,13,Pass,Good
1452,Male,20,College-1,75,2.2,3.58,98,42,66,67,Medium,No,No,Graduate,Low,8.6,1.2,Medium,Average,12,Pass,Average
1453,Female,22,10,54,8.0,3.96,100,63,80,90,High,No,No,High School,Low,8.4,1.6,High,Poor,17,Pass,Excellent
1454,Female,22,12,97,3.2,2.95,100,65,74,86,Medium,Yes,No,Graduate,Medium,7.5,5.2,Low,Average,6,Pass,Excellent
1455,Male,22,12,76,7.5,3.33,100,65,76,86,Low,Yes,Yes,Graduate,Medium,6.4,4.7,Medium,Excellent,11,Pass,Excellent
1456,Female,20,10,82,6.8,3.38,100,85,96,100,Low,Yes,No,Graduate,High,6.8,5.0,High,Average,10,Pass,Excellent
1457,Female,22,12,70,5.0,3.24,100,64,78,81,Medium,Yes,Yes,Postgraduate,Medium,5.0,3.3,High,Poor,13,Pass,Good
1458,Female,22,College-1,70,1.2,3.87,100,45,67,66,High,Yes,Yes,High School,High,4.8,6.0,Medium,Excellent,13,Pass,Average
1459,Male,20,9,72,6.6,3.3,100,75,92,96,Low,Yes,No,Graduate,High,6.9,4.1,High,Average,12,Pass,Excellent
1460,Male,18,9,83,7.6,2.7,100,70,84,96,Low,Yes,Yes,Graduate,High,7.0,7.2,Low,Poor,10,Pass,Excellent
1461,Male,17,10,91,4.6,2.55,100,58,83,83,Low,Yes,No,Postgraduate,Low,8.3,1.3,Low,Poor,8,Pass,Good
1462,Male,21,College-2,74,2.2,3.0,89,38,59,63,High,No,Yes,Graduate,High,4.7,6.5,High,Excellent,12,Pass,Average
1463,Female,19,12,73,2.7,2.58,75,50,69,67,High,No,No,Postgraduate,Medium,8.8,6.1,Medium,Poor,12,Pass,Average
1464,Female,20,College-2,96,3.7,2.72,97,64,83,85,Low,No,No,Postgraduate,Medium,8.6,6.5,High,Excellent,6,Pass,Excellent
1465,Male,20,College-2,72,7.5,3.75,100,69,85,87,High,No,Yes,Graduate,Medium,6.8,5.7,Low,Excellent,12,Pass,Excellent
1466,Female,15,College-1,75,6.8,2.06,95,76,88,86,High,No,Yes,High School,High,6.8,2.7,Medium,Average,12,Pass,Excellent
1467,Male,20,9,92,6.8,3.95,100,89,96,95,High,No,No,High School,Medium,5.6,2.7,High,Poor,7,Pass,Excellent
1468,Female,17,College-1,88,2.2,3.47,97,46,77,75,Low,Yes,No,Graduate,Low,5.7,4.2,High,Excellent,8,Pass,Good
1469,Male,16,12,59,6.9,3.58,100,74,79,88,Low,No,No,High School,Medium,7.2,2.9,Low,Average,16,Pass,Excellent
1470,Male,20,10,94,5.9,2.05,87,83,80,89,Low,Yes,No,Postgraduate,Medium,4.5,7.9,High,Average,7,Pass,Excellent
1471,Male,20,College-1,64,6.3,2.66,91,56,68,79,Low,No,Yes,Graduate,Medium,7.3,6.8,Low,Excellent,14,Pass,Good
1472,Female,22,10,66,2.0,3.81,100,36,61,62,High,Yes,No,Graduate,Medium,6.5,5.7,Medium,Poor,14,Pass,Average
1473,Male,16,12,66,5.4,3.21,100,52,75,78,High,No,No,Graduate,Medium,6.4,1.3,High,Average,14,Pass,Good
1474,Female,18,10,94,4.2,2.27,85,75,75,80,Medium,No,No,High School,Low,4.6,6.4,Low,Good,7,Pass,Good
1475,Male,21,9,80,3.6,3.74,100,61,80,84,High,No,Yes,Postgraduate,High,6.4,6.1,Medium,Excellent,10,Pass,Good
1476,Male,18,College-1,60,1.1,3.14,80,44,67,60,High,No,Yes,Graduate,High,7.3,1.4,Medium,Poor,15,Pass,Average
1477,Female,18,College-2,69,3.3,3.64,100,45,68,70,Low,Yes,Yes,Graduate,Low,7.7,6.0,High,Poor,13,Pass,Good
1478,Male,21,11,69,4.5,2.58,86,48,63,69,Medium,Yes,Yes,Postgraduate,Low,8.3,1.6,High,Average,13,Pass,Average
1479,Male,20,11,56,2.7,2.74,87,45,63,67,High,Yes,No,Postgraduate,Medium,5.1,3.5,Low,Poor,16,Pass,Average
1480,Male,17,College-2,83,7.0,2.87,100,77,87,97,High,No,No,High School,High,5.4,3.1,High,Poor,10,Pass,Excellent
1481,Female,16,12,70,1.1,3.9,100,49,70,67,Low,Yes,Yes,Graduate,Low,5.2,5.1,High,Poor,13,Pass,Average
1482,Male,20,12,97,1.4,3.24,96,48,71,71,Low,No,No,Graduate,Low,6.8,2.6,Low,Good,6,Pass,Good
1483,Male,15,11,58,5.0,2.88,96,55,69,74,Medium,No,Yes,High School,Low,7.6,4.4,Low,Average,16,Pass,Good
1484,Female,20,9,99,5.5,3.12,100,86,86,96,Low,No,No,Graduate,Medium,7.8,4.6,Low,Average,6,Pass,Excellent
1485,Female,19,College-2,91,6.5,3.44,100,76,93,92,Low,Yes,Yes,Graduate,High,5.7,5.2,High,Poor,8,Pass,Excellent
1486,Male,18,10,52,1.5,2.26,63,35,42,44,Medium,No,Yes,High School,High,5.6,4.8,Medium,Average,17,Fail,Poor
1487,Male,16,College-2,59,1.0,2.34,67,35,44,43,Medium,Yes,No,High School,Medium,5.6,5.6,Low,Average,16,Fail,Poor
1488,Female,19,College-2,84,5.0,3.88,100,64,86,90,Medium,No,No,High School,Low,7.5,1.6,Low,Poor,9,Pass,Excellent
1489,Female,18,11,72,1.9,3.56,100,35,73,71,High,No,Yes,Postgraduate,High,5.7,6.0,High,Good,12,Pass,Good
1490,Female,20,11,56,2.3,2.16,63,47,49,52,Medium,No,No,High School,High,6.6,4.7,Medium,Good,16,Pass,Poor
1491,Male,21,10,71,3.7,2.86,87,51,75,69,Medium,Yes,No,Graduate,Low,5.0,2.3,Low,Excellent,13,Pass,Average
1492,Male,22,9,98,6.8,2.44,95,84,92,93,Low,No,No,High School,Low,8.7,4.1,High,Average,6,Pass,Excellent
1493,Female,21,10,63,5.8,2.58,97,52,75,78,Medium,No,Yes,Postgraduate,Low,8.7,6.3,Low,Good,15,Pass,Good
1494,Male,19,College-1,93,1.8,2.19,77,50,58,63,Low,Yes,No,Postgraduate,High,8.1,3.9,Medium,Average,7,Pass,Average
1495,Female,15,10,76,2.8,2.63,95,60,81,73,Medium,Yes,Yes,High School,Medium,4.6,2.8,High,Average,11,Pass,Good
1496,Male,17,12,81,5.8,3.46,100,70,82,90,Low,No,No,Postgraduate,Low,8.6,2.6,Medium,Poor,10,Pass,Excellent
1497,Female,17,10,52,7.4,3.37,100,56,72,78,High,Yes,No,Graduate,Low,4.7,6.2,High,Average,17,Pass,Good
1498,Female,22,College-1,51,1.6,3.55,99,43,64,62,High,No,No,Graduate,High,5.0,5.9,High,Excellent,18,Pass,Average
1499,Female,20,12,89,5.2,2.27,97,63,75,84,Medium,Yes,Yes,High School,Medium,5.9,7.5,Low,Excellent,8,Pass,Good
1500,Male,16,10,63,5.4,3.41,100,55,72,77,High,No,No,Graduate,Medium,7.6,7.7,Low,Excellent,15,Pass,Good
1501,Male,15,12,56,3.9,2.98,100,53,70,77,High,Yes,Yes,High School,Low,5.9,3.9,High,Poor,16,Pass,Good
1502,Male,21,9,81,1.5,3.59,100,41,74,72,Low,Yes,No,Postgraduate,High,9.0,3.4,Medium,Good,10,Pass,Good
1503,Female,19,11,87,1.3,3.2,88,47,74,70,High,No,Yes,Graduate,High,8.3,3.2,Medium,Average,9,Pass,Good
1504,Male,20,11,93,5.2,2.25,98,70,82,90,Low,No,No,High School,High,7.1,6.3,High,Average,7,Pass,Excellent
1505,Male,17,College-2,70,4.9,3.69,100,64,87,86,Low,No,Yes,High School,High,8.5,5.4,High,Excellent,13,Pass,Excellent
1506,Male,20,12,64,5.0,3.65,100,55,79,81,Low,Yes,Yes,High School,Medium,5.7,2.8,High,Excellent,14,Pass,Good
1507,Female,17,College-2,83,5.6,2.09,97,72,85,87,Medium,Yes,Yes,Postgraduate,Low,6.0,7.7,Medium,Excellent,10,Pass,Excellent
1508,Male,16,10,90,6.4,3.52,100,80,94,92,Low,No,Yes,Graduate,Medium,5.3,5.6,Low,Excellent,8,Pass,Excellent
1509,Male,17,College-2,94,2.0,2.59,78,52,66,69,Medium,Yes,Yes,High School,Medium,6.7,2.6,High,Average,7,Pass,Average
1510,Female,17,11,61,6.1,2.03,91,54,73,77,High,No,Yes,Postgraduate,High,6.5,3.2,Low,Average,15,Pass,Good
1511,Female,16,9,94,3.0,2.01,88,61,80,76,High,No,Yes,Graduate,Medium,8.1,6.3,Medium,Poor,7,Pass,Good
1512,Female,15,11,89,6.6,2.7,100,84,86,96,Medium,Yes,No,Graduate,Low,5.8,3.2,High,Poor,8,Pass,Excellent
1513,Female,20,College-1,82,7.4,3.33,100,68,82,90,Medium,Yes,Yes,High School,High,5.3,7.0,Low,Average,10,Pass,Excellent
1514,Female,18,10,80,3.7,3.87,100,67,80,85,High,No,Yes,Postgraduate,Medium,6.2,5.1,Low,Poor,10,Pass,Excellent
1515,Female,17,11,90,6.8,3.35,100,76,89,96,Low,No,No,Postgraduate,Low,8.0,2.3,High,Average,8,Pass,Excellent
1516,Male,22,11,67,3.9,3.03,100,50,74,76,Low,No,No,Postgraduate,Medium,5.4,3.1,High,Poor,14,Pass,Good
1517,Male,20,11,82,4.0,2.35,85,68,73,75,Low,No,No,High School,Medium,8.1,6.7,Low,Good,10,Pass,Good
1518,Male,18,College-1,60,7.8,3.87,100,70,85,87,Medium,No,No,Graduate,Low,8.3,5.4,Medium,Poor,15,Pass,Excellent
1519,Female,19,10,80,3.8,3.61,100,55,69,82,High,No,Yes,Graduate,Medium,4.7,4.2,High,Excellent,10,Pass,Good
1520,Male,21,College-2,92,3.6,3.18,100,72,86,84,Low,No,Yes,Graduate,High,8.8,4.0,Low,Poor,7,Pass,Good
1521,Male,20,12,66,5.3,3.93,100,65,82,81,Medium,No,No,Graduate,High,8.6,1.6,Medium,Poor,14,Pass,Good
1522,Female,17,10,91,3.4,3.89,100,64,89,85,Medium,Yes,No,Postgraduate,High,6.9,4.5,Medium,Good,8,Pass,Excellent
1523,Female,18,12,51,7.2,3.52,100,71,87,86,Medium,No,Yes,High School,High,9.0,2.9,High,Good,18,Pass,Excellent
1524,Male,19,9,61,6.6,3.41,100,58,81,81,Low,No,Yes,Postgraduate,Low,6.5,4.3,High,Good,15,Pass,Good
1525,Male,19,College-1,95,8.0,2.75,100,93,90,100,Low,No,Yes,Postgraduate,Medium,6.4,2.2,Low,Good,7,Pass,Excellent
1526,Female,20,9,82,3.5,2.04,71,52,67,62,High,Yes,Yes,Graduate,High,4.6,6.9,High,Good,10,Pass,Average
1527,Female,20,12,59,7.3,2.7,100,71,78,88,Low,Yes,Yes,Postgraduate,Medium,8.6,4.4,Low,Good,16,Pass,Excellent
1528,Male,16,College-2,69,5.8,2.81,100,65,81,86,Low,Yes,Yes,Graduate,Medium,5.5,5.2,High,Excellent,13,Pass,Excellent
1529,Female,20,12,55,4.3,2.9,91,42,72,69,Medium,No,Yes,Postgraduate,Medium,8.3,7.3,Low,Excellent,17,Pass,Average
1530,Female,22,11,65,7.6,2.08,100,77,95,91,High,No,No,Postgraduate,Low,6.5,3.2,Medium,Good,14,Pass,Excellent
1531,Female,22,12,58,5.1,2.92,97,44,69,70,High,No,No,High School,Medium,8.3,4.1,Low,Poor,16,Pass,Good
1532,Female,22,10,80,3.9,2.89,95,58,70,80,High,Yes,Yes,Postgraduate,High,6.1,3.2,Low,Poor,10,Pass,Good
1533,Male,18,College-2,91,6.0,2.07,95,76,89,90,Medium,No,No,High School,High,7.1,2.9,Medium,Excellent,8,Pass,Excellent
1534,Male,15,11,73,2.7,3.73,100,53,81,80,Medium,Yes,Yes,High School,Low,8.8,7.4,High,Average,12,Pass,Good
1535,Female,16,9,69,5.1,2.84,92,69,88,81,High,Yes,No,Postgraduate,Low,7.9,3.5,High,Excellent,13,Pass,Good
1536,Female,22,College-2,100,7.5,3.46,100,91,100,100,Low,No,No,Postgraduate,High,6.3,1.5,Medium,Excellent,5,Pass,Excellent
1537,Female,21,11,92,5.6,3.77,100,64,85,91,High,No,Yes,Postgraduate,High,8.0,3.7,High,Poor,7,Pass,Excellent
1538,Female,19,9,67,6.0,2.01,79,71,72,74,Medium,No,No,Postgraduate,Low,7.7,5.8,High,Excellent,14,Pass,Good
1539,Male,19,12,61,7.4,2.13,83,74,82,81,Medium,No,Yes,High School,High,4.8,1.4,High,Poor,15,Pass,Good
1540,Male,20,College-1,66,4.2,2.52,87,53,66,75,Medium,No,Yes,High School,High,7.8,3.4,High,Average,14,Pass,Good
1541,Female,22,12,96,2.6,3.68,100,68,89,83,Medium,Yes,Yes,High School,Low,6.8,5.5,Medium,Poor,6,Pass,Good
1542,Male,20,10,82,5.7,2.75,100,72,88,86,High,No,Yes,Postgraduate,Low,4.5,3.5,Medium,Good,10,Pass,Excellent
1543,Female,20,11,71,7.1,3.15,100,63,78,83,High,Yes,No,Graduate,Medium,8.1,1.4,High,Average,13,Pass,Good
1544,Male,15,10,63,4.8,2.44,95,63,73,74,High,Yes,No,Graduate,Low,8.7,1.7,Medium,Average,15,Pass,Good
1545,Male,16,10,95,5.2,2.31,100,74,93,93,Low,No,Yes,Graduate,Low,8.2,3.2,Medium,Poor,7,Pass,Excellent
1546,Male,16,11,55,3.1,2.17,83,44,66,64,Low,Yes,Yes,High School,Medium,6.3,2.4,Medium,Poor,17,Pass,Average
1547,Female,20,11,78,4.1,3.79,100,62,84,79,Medium,No,No,High School,High,4.9,6.0,Medium,Good,11,Pass,Good
1548,Female,17,9,69,1.8,3.2,87,37,67,63,Medium,No,Yes,Postgraduate,High,7.0,7.8,Low,Poor,13,Pass,Average
1549,Male,17,10,76,7.8,3.96,100,86,87,100,High,No,Yes,Postgraduate,Low,8.6,6.2,Medium,Average,11,Pass,Excellent
1550,Female,21,10,76,6.8,2.17,98,73,89,93,Low,Yes,No,Graduate,High,8.7,2.1,High,Poor,11,Pass,Excellent
1551,Male,17,College-1,97,1.0,3.32,100,63,84,77,High,No,Yes,Postgraduate,Low,6.1,2.6,Low,Average,6,Pass,Good
1552,Female,18,College-1,51,1.3,3.69,100,35,74,66,Medium,Yes,Yes,Postgraduate,Medium,7.4,4.2,Low,Good,18,Pass,Average
1553,Female,15,12,71,2.3,3.35,100,57,70,76,Low,No,Yes,High School,Low,7.7,1.3,Medium,Poor,13,Pass,Good
1554,Male,19,9,76,6.5,2.53,100,79,91,97,High,No,No,Graduate,High,8.3,7.2,Medium,Average,11,Pass,Excellent
1555,Female,22,College-2,52,1.7,2.71,73,35,62,49,Medium,No,No,Postgraduate,High,6.3,5.4,High,Average,17,Fail,Poor
1556,Male,18,College-1,54,2.4,3.29,89,47,60,66,Medium,Yes,No,Graduate,High,7.5,1.4,Medium,Excellent,17,Pass,Average
1557,Female,18,College-1,55,6.3,2.03,83,52,67,68,Low,No,No,High School,High,7.3,2.5,High,Poor,17,Pass,Average
1558,Male,20,9,66,4.2,2.72,92,58,71,71,High,No,No,High School,High,7.0,1.3,Low,Good,14,Pass,Good
1559,Female,21,11,96,2.5,2.02,85,58,79,71,Medium,Yes,Yes,Graduate,High,7.5,3.8,High,Average,6,Pass,Good
1560,Male,20,10,60,4.7,2.0,70,59,62,68,Low,No,No,Graduate,High,5.2,4.8,High,Good,15,Pass,Average
1561,Female,18,12,93,7.6,3.28,100,74,91,96,Medium,No,No,Postgraduate,Medium,6.4,7.3,Medium,Average,7,Pass,Excellent
1562,Female,19,College-1,55,2.6,2.96,90,40,62,59,High,No,No,High School,High,7.4,1.6,Low,Good,17,Pass,Average
1563,Female,19,11,83,3.7,2.86,98,53,70,74,Low,No,No,Graduate,Medium,8.5,7.5,Low,Good,10,Pass,Good
1564,Male,15,College-1,99,5.5,2.81,100,86,98,98,Low,No,Yes,High School,Low,5.9,1.8,Medium,Average,6,Pass,Excellent
1565,Male,19,College-1,52,1.6,3.3,86,35,60,59,High,Yes,No,Postgraduate,High,7.8,5.0,Low,Excellent,17,Pass,Average
1566,Male,19,9,74,3.9,3.53,100,66,76,84,Low,Yes,No,Postgraduate,Low,4.7,5.4,Low,Good,12,Pass,Good
1567,Female,19,11,64,4.1,3.05,100,57,73,76,Medium,Yes,No,High School,High,5.6,6.6,Low,Excellent,14,Pass,Good
1568,Male,15,College-2,52,5.3,3.86,100,62,77,77,Medium,Yes,No,Postgraduate,Medium,6.5,7.0,High,Poor,17,Pass,Good
1569,Female,15,10,56,5.2,3.96,100,58,75,75,Low,No,No,Postgraduate,High,5.2,4.7,High,Average,16,Pass,Good
1570,Male,21,10,85,2.7,2.68,91,63,73,79,Medium,No,Yes,Postgraduate,Medium,4.6,4.5,Medium,Excellent,9,Pass,Good
1571,Male,16,College-1,91,4.6,2.89,100,58,86,84,High,Yes,No,Graduate,Medium,5.8,3.8,Medium,Poor,8,Pass,Good
1572,Male,21,11,59,5.0,3.59,100,49,76,78,High,Yes,Yes,Postgraduate,High,7.6,3.1,Medium,Excellent,16,Pass,Good
1573,Female,19,College-2,67,4.1,2.64,82,59,62,69,High,No,Yes,Postgraduate,Medium,6.5,3.7,Low,Excellent,14,Pass,Average
1574,Female,15,12,84,4.3,2.82,100,58,75,85,Medium,Yes,No,High School,Medium,6.7,3.4,Low,Good,9,Pass,Excellent
1575,Female,18,11,87,4.2,2.1,77,64,70,71,High,No,Yes,Postgraduate,Low,5.1,1.4,High,Good,9,Pass,Good
1576,Male,18,11,94,4.8,2.73,100,71,89,90,Medium,No,No,High School,Medium,5.1,3.5,High,Good,7,Pass,Excellent
1577,Female,15,College-2,91,3.6,2.3,81,70,78,77,High,No,No,Postgraduate,High,5.5,5.7,Medium,Excellent,8,Pass,Good
1578,Female,17,10,73,7.5,2.09,100,72,81,92,Low,No,No,High School,Medium,4.9,3.9,Low,Excellent,12,Pass,Excellent
1579,Male,19,9,56,2.8,2.89,81,40,67,58,High,No,No,Postgraduate,Medium,8.1,8.0,Low,Average,16,Pass,Average
1580,Male,15,9,81,7.6,2.07,100,68,82,89,Medium,No,Yes,Postgraduate,Low,6.2,6.4,Low,Excellent,10,Pass,Excellent
1581,Female,17,College-1,97,1.2,3.29,100,45,79,71,Medium,No,Yes,Graduate,High,6.2,5.0,Low,Poor,6,Pass,Good
1582,Male,20,10,97,6.6,3.33,100,84,98,97,Medium,No,Yes,Graduate,High,7.1,6.5,Medium,Excellent,6,Pass,Excellent
1583,Female,16,10,52,4.4,3.08,96,40,66,70,High,Yes,Yes,Graduate,Low,6.5,1.9,Low,Excellent,17,Pass,Good
1584,Female,22,9,69,2.2,2.45,81,42,63,59,High,No,Yes,High School,High,7.4,7.8,High,Poor,13,Pass,Average
1585,Male,21,9,92,1.4,3.61,100,56,81,73,High,Yes,No,High School,High,6.6,6.0,Medium,Average,7,Pass,Good
1586,Female,21,College-1,96,4.3,3.56,100,63,89,83,Low,Yes,Yes,Postgraduate,Low,7.2,2.9,Low,Average,6,Pass,Good
1587,Male,20,College-1,54,2.8,2.32,77,35,51,52,Medium,No,No,Graduate,Medium,7.5,3.3,High,Good,17,Pass,Poor
1588,Male,16,College-2,74,7.4,3.37,100,72,87,95,High,No,Yes,High School,Medium,7.7,2.3,Medium,Average,12,Pass,Excellent
1589,Female,21,College-1,82,7.8,2.41,100,90,90,100,Medium,Yes,No,Graduate,Low,7.6,2.0,Medium,Excellent,10,Pass,Excellent
1590,Female,15,9,92,1.9,3.32,100,51,74,75,Low,Yes,No,High School,High,4.6,1.5,Low,Excellent,7,Pass,Good
1591,Male,21,College-2,50,2.4,2.79,82,41,68,64,High,No,No,High School,High,6.8,7.1,Low,Excellent,18,Pass,Average
1592,Male,22,10,74,2.0,2.84,93,39,71,69,Low,No,No,Postgraduate,Low,7.2,1.0,High,Good,12,Pass,Average
1593,Female,19,College-1,56,4.5,2.45,80,52,67,66,Medium,No,No,High School,High,8.2,2.6,High,Poor,16,Pass,Average
1594,Female,15,10,75,1.3,2.46,68,46,57,60,Medium,Yes,No,Postgraduate,Low,7.7,5.8,High,Excellent,12,Pass,Average
1595,Male,21,12,93,1.4,2.75,97,46,69,70,Low,No,No,High School,Low,7.0,6.2,Medium,Average,7,Pass,Good
1596,Male,17,9,54,5.2,2.28,84,48,70,73,Medium,Yes,No,Graduate,Medium,7.4,3.8,High,Poor,17,Pass,Good
1597,Female,18,College-2,59,7.1,3.55,100,72,85,85,High,Yes,Yes,Graduate,Medium,8.7,2.6,Medium,Average,16,Pass,Excellent
1598,Male,17,College-2,70,7.0,2.51,100,66,86,92,Low,No,Yes,High School,Low,6.7,3.4,High,Average,13,Pass,Excellent
1599,Female,22,9,62,1.6,3.27,98,47,64,68,Medium,No,Yes,Graduate,High,6.0,4.6,Low,Average,15,Pass,Average
1600,Female,15,11,52,3.4,3.79,100,35,63,66,Low,No,No,Postgraduate,Low,6.8,7.4,High,Good,17,Pass,Average
1601,Female,15,9,63,2.7,3.51,100,47,79,70,Medium,No,Yes,Graduate,Medium,6.2,2.8,High,Excellent,15,Pass,Good
1602,Male,17,11,93,5.4,3.28,100,70,78,89,High,No,No,Graduate,Medium,8.3,6.9,Medium,Good,7,Pass,Excellent
1603,Male,16,College-1,57,6.5,3.07,98,69,84,82,Low,No,No,High School,Medium,5.9,3.0,Medium,Average,16,Pass,Good
1604,Female,16,9,80,1.4,3.78,100,55,78,72,Low,Yes,No,Postgraduate,Medium,7.2,6.9,Medium,Good,10,Pass,Good
1605,Male,21,College-2,78,3.5,2.68,86,62,80,78,High,Yes,No,Postgraduate,Medium,7.5,3.5,Medium,Poor,11,Pass,Good
1606,Male,21,12,98,2.4,3.91,100,67,86,82,High,Yes,No,High School,Low,4.5,4.6,High,Average,6,Pass,Good
1607,Female,15,College-2,76,6.5,3.72,100,74,93,91,Low,No,Yes,Graduate,Low,6.6,5.4,Medium,Excellent,11,Pass,Excellent
1608,Female,16,10,87,2.3,2.89,86,46,72,70,High,No,Yes,High School,High,7.9,6.3,Low,Excellent,9,Pass,Good
1609,Male,18,College-1,84,7.8,2.4,100,77,87,99,High,Yes,No,Graduate,Medium,7.4,2.2,Low,Excellent,9,Pass,Excellent
1610,Female,17,10,95,7.2,2.76,100,80,82,94,Medium,No,No,Graduate,Low,8.3,7.7,High,Good,7,Pass,Excellent
1611,Female,19,College-1,55,2.0,3.67,93,39,66,63,Medium,No,Yes,High School,Low,6.0,4.4,High,Poor,17,Pass,Average
1612,Female,19,10,66,2.2,2.29,65,44,53,51,Medium,No,Yes,Graduate,High,6.1,3.2,Medium,Excellent,14,Pass,Poor
1613,Male,22,9,84,3.8,3.44,100,56,73,80,Low,No,No,Graduate,Low,7.6,1.3,High,Average,9,Pass,Good
1614,Female,17,11,84,6.7,2.32,100,80,88,97,High,No,No,High School,High,7.0,6.4,Low,Excellent,9,Pass,Excellent
1615,Female,15,9,92,5.0,2.02,83,66,82,85,Medium,Yes,Yes,High School,High,5.9,1.8,Medium,Good,7,Pass,Excellent
1616,Female,19,11,71,5.8,3.36,100,54,71,77,Medium,Yes,No,Graduate,High,5.2,1.1,Medium,Average,13,Pass,Good
1617,Male,16,11,92,7.1,2.54,100,75,93,95,Low,No,No,Graduate,Medium,4.8,7.1,Low,Poor,7,Pass,Excellent
1618,Male,20,College-1,64,7.1,3.82,100,66,81,88,Medium,Yes,Yes,Postgraduate,High,6.3,4.4,Low,Excellent,14,Pass,Excellent
1619,Male,17,12,84,6.0,2.18,90,72,87,89,Medium,Yes,No,Postgraduate,High,4.5,1.3,High,Good,9,Pass,Excellent
1620,Female,17,9,82,5.9,2.19,83,63,78,77,High,Yes,No,High School,High,7.3,4.2,Low,Poor,10,Pass,Good
1621,Male,19,College-1,57,6.9,2.71,98,60,75,79,High,Yes,No,Postgraduate,Medium,5.2,6.1,High,Average,16,Pass,Good
1622,Female,18,College-1,87,7.4,3.26,100,80,85,98,High,No,Yes,Graduate,High,6.0,7.8,Low,Poor,9,Pass,Excellent
1623,Female,18,College-1,100,4.3,3.39,100,70,82,88,Medium,Yes,No,High School,Medium,8.2,4.2,High,Poor,5,Pass,Excellent
1624,Female,22,12,83,7.5,2.6,100,84,98,100,Low,No,No,High School,High,5.6,1.5,Medium,Average,10,Pass,Excellent
1625,Female,16,11,90,7.2,2.92,100,76,92,95,Medium,No,Yes,Postgraduate,High,8.4,5.4,High,Poor,8,Pass,Excellent
1626,Male,19,12,60,5.3,2.45,97,66,73,80,High,No,Yes,Postgraduate,Low,7.1,6.3,High,Poor,15,Pass,Good
1627,Female,17,12,86,3.0,2.71,90,63,81,80,Medium,Yes,Yes,Graduate,Medium,7.2,3.9,High,Average,9,Pass,Good
1628,Female,17,12,52,2.5,3.19,85,36,53,61,Low,Yes,Yes,Graduate,Low,8.0,2.6,Low,Excellent,17,Pass,Average
1629,Female,17,College-1,69,7.4,2.66,100,61,72,88,Low,Yes,No,Postgraduate,High,5.7,7.7,High,Good,13,Pass,Excellent
1630,Female,22,9,78,6.6,3.27,100,72,91,90,Medium,Yes,Yes,High School,Low,5.2,5.0,Medium,Average,11,Pass,Excellent
1631,Male,15,12,97,3.1,2.65,85,60,68,79,Medium,No,No,High School,High,7.8,2.7,Medium,Good,6,Pass,Good
1632,Male,18,9,59,4.2,3.41,100,48,67,73,Medium,No,Yes,Postgraduate,High,6.7,6.9,High,Poor,16,Pass,Good
1633,Male,21,College-1,97,4.0,2.54,100,65,80,85,Low,No,No,High School,High,8.8,6.7,High,Average,6,Pass,Excellent
1634,Male,16,10,100,7.9,3.12,100,89,100,100,Low,Yes,No,High School,Medium,6.1,4.6,Medium,Average,5,Pass,Excellent
1635,Male,19,12,90,7.3,3.97,100,80,85,98,Medium,Yes,No,High School,High,7.6,1.4,Medium,Average,8,Pass,Excellent
1636,Female,16,9,53,2.7,2.15,62,35,47,51,Medium,Yes,No,Graduate,Medium,6.1,3.3,High,Excellent,17,Pass,Poor
1637,Female,20,12,53,6.6,4.0,100,57,74,83,Medium,Yes,Yes,Postgraduate,High,8.8,2.9,Low,Good,17,Pass,Good
1638,Male,18,College-2,73,7.0,3.6,100,76,96,97,Medium,Yes,No,Postgraduate,High,5.1,2.6,Low,Good,12,Pass,Excellent
1639,Female,20,12,89,7.7,3.23,100,76,90,93,Low,No,No,High School,Low,8.7,7.8,High,Average,8,Pass,Excellent
1640,Female,21,10,67,3.9,2.24,84,47,59,62,Medium,Yes,Yes,High School,Medium,4.6,6.5,Medium,Poor,14,Pass,Average
1641,Female,22,9,70,1.3,3.12,93,47,73,66,Medium,Yes,Yes,Postgraduate,Medium,5.2,3.2,Low,Poor,13,Pass,Average
1642,Male,22,College-1,97,6.4,3.83,100,73,79,93,High,Yes,Yes,High School,Medium,4.7,1.3,Medium,Poor,6,Pass,Excellent
1643,Female,21,College-1,74,7.6,3.93,100,82,94,99,Low,No,Yes,Postgraduate,High,7.0,1.8,Medium,Good,12,Pass,Excellent
1644,Male,22,10,75,6.3,2.96,100,60,72,81,Low,Yes,No,Graduate,Low,6.9,2.1,High,Average,12,Pass,Good
1645,Female,22,College-1,79,2.5,3.03,86,59,71,75,High,No,Yes,Postgraduate,Medium,6.4,1.1,Medium,Good,11,Pass,Good
1646,Female,21,12,88,4.8,2.52,100,66,76,83,Medium,Yes,No,Graduate,Low,6.4,7.2,Low,Excellent,8,Pass,Good
1647,Male,15,College-2,69,3.5,3.59,100,48,75,76,High,No,Yes,Postgraduate,Low,4.7,5.7,Low,Poor,13,Pass,Good
1648,Female,18,9,58,3.4,2.66,82,43,69,61,High,Yes,Yes,Graduate,Medium,8.3,3.4,High,Excellent,16,Pass,Average
1649,Male,17,11,56,5.1,2.74,100,58,75,83,High,Yes,Yes,Graduate,Medium,5.2,3.9,Medium,Good,16,Pass,Good
1650,Female,22,10,51,5.6,3.99,100,44,70,71,High,No,Yes,Graduate,Medium,9.0,3.1,Low,Excellent,18,Pass,Good
1651,Male,19,10,63,1.1,2.5,72,35,45,54,Medium,Yes,No,Postgraduate,Low,8.1,6.4,Low,Excellent,15,Pass,Poor
1652,Female,21,10,94,7.8,3.14,100,89,96,100,High,No,Yes,Graduate,Low,5.8,4.1,High,Excellent,7,Pass,Excellent
1653,Male,15,10,60,2.0,3.26,85,35,57,60,Low,No,Yes,Graduate,Medium,5.2,6.4,High,Excellent,15,Pass,Average
1654,Male,17,College-1,78,7.0,2.72,100,80,83,93,Low,No,Yes,Graduate,Medium,8.9,1.7,Medium,Poor,11,Pass,Excellent
1655,Female,15,College-1,95,4.8,3.16,100,77,89,91,High,No,Yes,Graduate,Low,5.0,2.3,Medium,Average,7,Pass,Excellent
1656,Male,17,10,80,3.7,3.62,100,57,79,82,Medium,Yes,No,Postgraduate,High,6.0,4.9,Medium,Average,10,Pass,Good
1657,Male,15,College-2,96,1.5,2.15,78,46,61,67,Low,No,No,Postgraduate,High,8.4,2.6,Low,Good,6,Pass,Average
1658,Female,16,College-1,100,1.9,2.82,96,51,65,74,High,Yes,Yes,Postgraduate,High,7.9,5.7,Low,Good,5,Pass,Good
1659,Male,15,10,74,7.7,2.61,100,78,87,94,Medium,Yes,No,High School,Low,7.5,2.0,Low,Poor,12,Pass,Excellent
1660,Male,20,College-2,57,7.6,2.21,83,66,68,79,Low,No,Yes,Graduate,Medium,9.0,4.9,Medium,Poor,16,Pass,Good
1661,Female,18,9,82,3.5,3.58,100,62,76,81,Low,Yes,Yes,Graduate,Medium,4.5,6.2,Medium,Good,10,Pass,Good
1662,Female,19,9,70,4.3,2.66,98,65,81,85,Low,Yes,No,Graduate,Medium,8.8,2.1,High,Excellent,13,Pass,Excellent
1663,Male,21,11,50,5.2,3.42,100,60,81,83,Low,Yes,No,High School,Low,5.5,5.3,Low,Excellent,18,Pass,Good
1664,Female,18,9,98,6.7,3.41,100,73,89,92,High,Yes,Yes,High School,High,6.1,7.6,High,Excellent,6,Pass,Excellent
1665,Male,15,11,91,3.3,2.64,96,53,78,78,Medium,No,No,Graduate,High,6.3,1.7,Medium,Excellent,8,Pass,Good
1666,Male,18,12,99,5.4,2.54,100,82,85,91,Low,Yes,Yes,Graduate,Medium,7.1,4.6,Low,Poor,6,Pass,Excellent
1667,Male,15,12,78,4.4,3.31,100,69,85,86,High,Yes,Yes,High School,Medium,8.8,7.0,Low,Excellent,11,Pass,Excellent
1668,Female,20,College-1,53,7.9,3.84,100,65,83,90,Medium,No,No,High School,Low,5.8,1.2,Low,Good,17,Pass,Excellent
1669,Male,18,College-2,92,5.0,2.68,96,68,77,82,Low,No,Yes,High School,Low,6.3,5.9,Medium,Average,7,Pass,Good
1670,Male,16,12,74,5.4,2.77,94,73,90,84,Low,No,No,Postgraduate,Low,8.9,2.5,Medium,Excellent,12,Pass,Good
1671,Female,18,College-1,95,6.1,3.49,100,79,97,94,Low,No,No,Postgraduate,Medium,8.7,2.4,High,Poor,7,Pass,Excellent
1672,Female,15,12,66,5.9,2.55,92,55,80,77,Low,No,No,Postgraduate,High,9.0,7.7,Low,Excellent,14,Pass,Good
1673,Male,21,College-2,64,6.8,3.76,100,68,80,86,High,Yes,No,Graduate,Medium,6.6,1.9,Medium,Excellent,14,Pass,Excellent
1674,Female,15,10,63,6.7,2.03,86,75,82,83,High,Yes,No,Postgraduate,Low,6.9,5.2,Medium,Poor,15,Pass,Good
1675,Male,20,9,96,4.8,3.17,100,73,88,92,High,Yes,No,High School,Low,6.3,7.7,Low,Poor,6,Pass,Excellent
1676,Female,16,College-1,100,7.7,3.5,100,88,99,100,Medium,Yes,No,Graduate,High,8.2,5.7,High,Poor,5,Pass,Excellent
1677,Female,21,College-1,58,7.6,3.35,100,73,82,90,High,Yes,No,Graduate,Low,8.3,1.0,Low,Average,16,Pass,Excellent
1678,Female,20,College-2,54,1.4,2.99,88,44,65,59,Medium,Yes,Yes,High School,Low,7.5,4.7,High,Average,17,Pass,Average
1679,Female,16,College-2,58,1.1,3.45,96,35,60,58,High,Yes,Yes,High School,Low,5.5,1.6,Medium,Good,16,Pass,Average
1680,Female,21,11,98,1.8,2.85,90,58,68,71,Low,Yes,Yes,High School,High,7.3,5.3,High,Poor,6,Pass,Good
1681,Male,17,12,95,5.0,2.69,100,66,87,86,High,Yes,No,Postgraduate,Medium,5.5,2.3,High,Good,7,Pass,Excellent
1682,Female,18,College-2,60,7.6,2.83,100,66,84,84,High,No,No,Postgraduate,Low,5.9,7.3,Low,Poor,15,Pass,Good
1683,Female,22,9,69,6.5,2.52,100,73,78,87,Medium,No,No,Postgraduate,High,5.5,1.3,High,Poor,13,Pass,Excellent
1684,Female,16,College-2,99,5.5,3.56,100,82,84,96,Low,Yes,No,Graduate,Low,6.2,7.2,Medium,Average,6,Pass,Excellent
1685,Female,19,9,57,3.9,2.79,81,44,58,64,High,Yes,Yes,Postgraduate,Medium,8.5,7.8,Medium,Excellent,16,Pass,Average
1686,Female,20,9,79,6.4,3.59,100,80,93,91,High,Yes,No,Postgraduate,Medium,7.7,7.8,Medium,Poor,11,Pass,Excellent
1687,Female,17,11,54,1.5,3.93,100,35,65,59,Medium,No,No,High School,Low,7.5,7.9,Low,Good,17,Pass,Average
1688,Female,18,9,85,3.0,2.06,68,64,59,65,High,Yes,Yes,Postgraduate,Medium,8.3,2.4,High,Average,9,Pass,Average
1689,Male,16,10,82,4.3,2.34,82,53,74,69,High,No,Yes,Postgraduate,Medium,8.8,6.9,Medium,Good,10,Pass,Average
1690,Female,17,College-1,84,3.4,2.01,87,63,67,71,Medium,No,Yes,Graduate,High,5.3,4.3,High,Average,9,Pass,Good
1691,Female,20,9,81,5.3,3.26,100,59,76,82,High,Yes,Yes,Graduate,Low,6.4,7.2,Low,Poor,10,Pass,Good
1692,Male,18,12,89,3.1,2.26,87,55,69,77,Low,No,Yes,High School,Low,6.9,2.8,Medium,Poor,8,Pass,Good
1693,Female,20,10,59,6.2,3.81,100,54,77,82,High,Yes,No,Postgraduate,Low,6.9,1.0,High,Poor,16,Pass,Good
1694,Female,19,9,88,1.8,2.25,81,62,75,67,Low,Yes,Yes,Graduate,Medium,6.4,3.8,Medium,Good,8,Pass,Average
1695,Female,19,College-2,54,7.6,2.53,100,55,69,77,Medium,Yes,Yes,Graduate,High,6.3,4.1,High,Poor,17,Pass,Good
1696,Female,16,9,81,3.9,3.66,100,66,75,84,Medium,Yes,No,High School,High,5.1,7.6,High,Excellent,10,Pass,Good
1697,Female,20,10,89,5.0,3.44,100,62,83,88,High,Yes,Yes,High School,High,7.7,1.7,High,Poor,8,Pass,Excellent
1698,Female,15,College-2,70,4.5,3.3,100,56,77,78,High,No,No,Graduate,Low,7.0,7.9,Medium,Average,13,Pass,Good
1699,Female,17,12,88,3.5,3.83,100,61,82,78,Medium,Yes,No,High School,Low,8.0,1.6,Low,Excellent,8,Pass,Good
1700,Female,16,College-1,67,4.7,2.51,91,64,85,84,Medium,Yes,No,High School,Low,4.6,2.7,High,Average,14,Pass,Good
1701,Female,20,College-1,73,7.7,2.59,100,84,89,100,Medium,No,No,Graduate,Medium,6.0,5.8,High,Poor,12,Pass,Excellent
1702,Female,21,10,56,5.8,3.59,100,47,74,76,Medium,No,No,Postgraduate,Low,8.0,7.9,Low,Excellent,16,Pass,Good
1703,Female,17,10,50,4.8,3.94,100,53,69,78,Low,Yes,Yes,Graduate,High,8.9,6.9,High,Excellent,18,Pass,Good
1704,Male,15,College-2,53,1.1,2.87,72,35,61,48,Medium,No,No,High School,High,6.8,2.9,Low,Average,17,Fail,Poor
1705,Female,21,9,96,6.9,3.15,100,76,94,99,Low,Yes,No,Postgraduate,High,7.2,5.5,High,Good,6,Pass,Excellent
1706,Male,19,10,59,4.6,3.12,100,58,83,76,High,No,No,Postgraduate,Low,7.8,7.7,Low,Poor,16,Pass,Good
1707,Female,22,College-2,91,1.0,3.23,100,60,81,77,High,No,No,Graduate,Low,5.6,5.1,Low,Excellent,8,Pass,Good
1708,Female,22,11,75,5.1,2.27,99,63,82,85,High,Yes,No,High School,High,8.2,6.2,Medium,Average,12,Pass,Excellent
1709,Female,20,College-1,71,5.1,3.22,100,71,78,82,Medium,No,Yes,Postgraduate,Medium,8.6,2.5,Medium,Excellent,13,Pass,Good
1710,Male,15,12,92,7.9,3.05,100,84,85,95,High,Yes,No,Graduate,Medium,7.0,3.6,Low,Average,7,Pass,Excellent
1711,Male,18,College-2,70,5.6,3.02,100,65,79,86,High,No,No,High School,Low,7.4,1.0,Low,Excellent,13,Pass,Excellent
1712,Male,21,11,87,5.1,2.67,91,64,76,85,Low,Yes,No,High School,Medium,6.0,7.7,High,Good,9,Pass,Excellent
1713,Female,22,12,57,3.0,3.38,96,37,62,66,Low,No,No,Postgraduate,Medium,6.5,2.8,Low,Average,16,Pass,Average
1714,Female,16,12,95,3.5,3.97,100,59,72,85,Medium,Yes,Yes,Graduate,Medium,6.2,5.9,Medium,Good,7,Pass,Excellent
1715,Male,22,College-2,86,2.9,3.53,100,64,81,84,High,Yes,No,Graduate,Low,6.6,3.7,Medium,Excellent,9,Pass,Good
1716,Female,19,11,56,7.3,3.96,100,61,72,82,Medium,No,Yes,Postgraduate,Low,5.3,2.0,Medium,Good,16,Pass,Good
1717,Male,22,12,73,3.3,2.1,80,49,66,65,Medium,No,Yes,High School,High,8.7,5.1,Low,Excellent,12,Pass,Average
1718,Male,18,12,76,7.0,2.12,96,64,72,81,High,No,Yes,Graduate,High,5.4,6.1,Low,Average,11,Pass,Good
1719,Male,21,College-2,93,2.3,3.9,100,60,75,76,Medium,Yes,Yes,Graduate,High,4.8,4.1,Low,Average,7,Pass,Good
1720,Male,16,12,52,1.4,2.62,67,37,57,47,Low,Yes,Yes,Postgraduate,Low,7.1,2.5,High,Average,17,Fail,Poor
1721,Male,20,10,87,6.1,3.19,100,76,84,95,Low,No,Yes,High School,Low,8.3,1.5,Medium,Poor,9,Pass,Excellent
1722,Female,15,11,53,7.3,2.47,100,67,83,88,Medium,No,No,Postgraduate,High,5.1,2.0,High,Excellent,17,Pass,Excellent
1723,Male,17,12,100,2.2,2.8,89,56,80,80,High,Yes,No,Graduate,Medium,7.0,2.0,High,Excellent,5,Pass,Good
1724,Female,19,12,73,4.5,2.54,95,49,77,80,Low,No,No,High School,Medium,6.0,6.2,Medium,Average,12,Pass,Good
1725,Male,19,12,78,4.9,3.09,100,61,72,79,Medium,No,No,Graduate,Low,7.6,4.3,Medium,Poor,11,Pass,Good
1726,Female,15,College-1,59,7.3,3.91,100,73,87,92,Low,Yes,No,Postgraduate,High,6.8,5.2,Low,Excellent,16,Pass,Excellent
1727,Male,20,12,66,1.8,3.73,97,52,82,70,High,No,Yes,High School,Low,4.6,3.4,High,Excellent,14,Pass,Good
1728,Male,16,10,74,3.1,3.68,100,44,68,69,Medium,Yes,No,High School,Medium,6.6,7.1,High,Good,12,Pass,Average
1729,Male,22,9,55,6.9,3.21,100,69,84,83,High,Yes,No,High School,High,8.1,1.6,High,Excellent,17,Pass,Good
1730,Female,15,11,81,7.1,2.96,100,69,77,87,Low,Yes,No,Postgraduate,High,5.0,2.2,Medium,Excellent,10,Pass,Excellent
1731,Male,15,College-1,88,3.7,2.59,85,53,71,76,Low,Yes,No,High School,Low,7.6,5.5,Medium,Good,8,Pass,Good
1732,Male,17,9,51,6.1,2.7,95,64,86,84,Low,Yes,Yes,Postgraduate,Medium,4.6,1.3,Medium,Excellent,18,Pass,Good
1733,Female,22,College-2,67,5.5,3.72,100,71,84,84,Medium,No,Yes,Graduate,Low,7.5,5.6,Medium,Good,14,Pass,Good
1734,Male,20,9,92,5.5,2.57,100,69,90,91,Low,Yes,No,Postgraduate,Low,4.8,1.6,Medium,Excellent,7,Pass,Excellent
1735,Male,20,11,100,6.3,3.37,100,83,86,94,Medium,Yes,No,Graduate,High,7.8,6.4,High,Poor,5,Pass,Excellent
1736,Male,18,11,73,4.6,3.02,100,57,71,75,High,No,Yes,Graduate,High,7.3,3.7,Low,Good,12,Pass,Good
1737,Female,18,11,78,2.8,3.16,100,49,71,74,Low,No,Yes,High School,Low,6.0,5.0,Low,Poor,11,Pass,Good
1738,Female,18,10,94,4.6,3.92,100,73,91,86,Low,Yes,No,Postgraduate,Medium,8.1,7.0,Low,Average,7,Pass,Excellent
1739,Male,21,11,53,6.7,3.3,100,50,68,80,Low,No,No,Postgraduate,Low,6.5,5.9,Low,Good,17,Pass,Good
1740,Male,19,12,71,3.1,3.03,100,58,74,79,High,No,No,Graduate,Medium,8.2,6.8,Medium,Poor,13,Pass,Good
1741,Male,19,12,68,2.2,2.21,81,43,69,65,Low,No,Yes,Graduate,Medium,5.6,4.2,High,Poor,13,Pass,Average
1742,Female,22,12,67,3.4,2.36,86,53,77,67,Medium,No,No,Graduate,High,5.1,6.8,Medium,Excellent,14,Pass,Average
1743,Male,20,College-1,98,3.1,2.23,94,58,74,77,Medium,Yes,No,Graduate,High,4.8,2.9,Low,Average,6,Pass,Good
1744,Female,18,12,66,3.6,2.22,77,57,68,67,High,No,No,High School,Low,5.6,5.2,Medium,Excellent,14,Pass,Average
1745,Female,19,College-1,85,6.6,3.84,100,79,81,90,Low,No,Yes,High School,Medium,5.1,1.9,Low,Average,9,Pass,Excellent
1746,Male,21,College-2,95,1.9,2.5,82,61,68,68,High,Yes,No,Graduate,Medium,7.4,3.1,Medium,Excellent,7,Pass,Average
1747,Male,22,College-1,62,7.0,3.25,100,73,78,85,Low,No,No,High School,Medium,8.1,1.7,High,Good,15,Pass,Excellent
1748,Male,15,10,72,5.4,2.75,100,66,85,86,High,Yes,No,High School,Low,6.8,4.6,Low,Excellent,12,Pass,Excellent
1749,Male,17,College-2,77,5.1,3.9,100,66,91,87,High,No,No,High School,Medium,8.6,3.2,Low,Poor,11,Pass,Excellent
1750,Male,18,College-2,65,1.6,3.63,100,47,79,74,Low,Yes,Yes,Graduate,Medium,5.5,5.7,High,Excellent,14,Pass,Good
1751,Female,17,12,68,1.9,2.96,91,37,69,60,Low,No,No,High School,High,6.5,7.1,Low,Average,13,Pass,Average
1752,Female,17,College-2,50,4.5,2.45,82,51,60,69,High,Yes,Yes,Graduate,High,8.6,4.1,High,Good,18,Pass,Average
1753,Male,22,12,98,6.3,2.96,100,83,88,97,High,Yes,Yes,Graduate,Medium,8.8,5.9,Low,Good,6,Pass,Excellent
1754,Female,22,9,83,3.5,3.88,100,56,74,81,Medium,Yes,No,High School,High,7.1,2.5,Low,Good,10,Pass,Good
1755,Male,19,9,71,3.4,3.45,100,60,86,77,Low,No,No,Postgraduate,High,8.6,4.6,Low,Good,13,Pass,Good
1756,Female,20,12,100,5.1,2.8,100,79,88,89,High,Yes,No,Graduate,High,7.4,7.0,High,Good,5,Pass,Excellent
1757,Female,20,11,97,5.7,2.37,94,86,84,95,High,No,No,High School,Low,6.7,2.6,High,Excellent,6,Pass,Excellent
1758,Female,15,12,60,2.7,3.17,100,41,67,67,Medium,Yes,No,High School,Low,7.3,7.6,Low,Average,15,Pass,Average
1759,Male,21,10,95,1.3,3.02,88,51,77,68,High,Yes,Yes,Graduate,Medium,8.4,2.7,High,Poor,7,Pass,Average
1760,Male,22,11,70,7.2,2.08,82,64,76,81,Low,No,No,Graduate,Low,7.0,8.0,Low,Excellent,13,Pass,Good
1761,Female,19,11,81,2.2,2.64,89,52,75,70,Medium,No,No,Postgraduate,High,8.0,1.5,Medium,Good,10,Pass,Good
1762,Male,19,College-1,51,7.2,3.38,100,55,71,78,Medium,No,Yes,Postgraduate,Low,6.0,5.5,High,Good,18,Pass,Good
1763,Male,16,12,60,5.8,3.79,100,50,81,76,High,No,Yes,High School,High,5.1,7.0,High,Average,15,Pass,Good
1764,Male,17,12,55,3.1,3.42,100,37,61,67,High,No,No,Graduate,Low,8.6,4.4,Low,Average,17,Pass,Average
1765,Female,19,9,69,7.7,3.37,100,68,78,91,High,Yes,Yes,Graduate,Low,5.3,6.1,Medium,Poor,13,Pass,Excellent
1766,Female,20,College-1,86,2.8,3.65,100,58,76,78,High,Yes,Yes,Graduate,Medium,5.3,6.0,High,Good,9,Pass,Good
1767,Male,16,10,55,2.0,2.31,71,40,47,55,Medium,Yes,No,Postgraduate,High,8.6,2.7,Medium,Excellent,17,Pass,Average
1768,Female,16,10,54,2.4,2.86,81,43,67,57,Medium,Yes,No,High School,Low,7.2,5.8,Low,Average,17,Pass,Average
1769,Male,19,College-1,51,6.4,3.42,100,49,73,82,Medium,Yes,Yes,Postgraduate,High,7.3,7.2,High,Poor,18,Pass,Good
1770,Male,16,College-1,85,4.8,2.76,100,65,85,88,Low,Yes,Yes,High School,High,6.9,1.5,Low,Average,9,Pass,Excellent
1771,Female,22,9,70,3.7,2.41,89,47,67,68,Medium,Yes,No,High School,Low,7.0,6.7,High,Average,13,Pass,Average
1772,Male,16,10,94,4.8,3.78,100,70,78,86,High,Yes,Yes,High School,Low,7.0,5.3,Medium,Good,7,Pass,Excellent
1773,Male,22,12,87,3.6,2.51,97,66,85,82,Medium,Yes,No,Postgraduate,High,4.6,4.5,Medium,Average,9,Pass,Good
1774,Male,16,College-2,64,1.5,2.24,61,35,55,45,High,Yes,No,Postgraduate,Medium,6.2,6.2,Low,Average,14,Fail,Poor
1775,Male,20,College-1,98,7.0,2.41,100,86,99,100,High,No,No,Postgraduate,Medium,7.3,7.0,Medium,Average,6,Pass,Excellent
1776,Male,15,College-1,95,2.0,2.92,85,62,68,72,Medium,Yes,No,Postgraduate,Low,7.9,2.5,High,Excellent,7,Pass,Good
1777,Female,18,College-1,62,2.7,2.06,73,44,65,60,High,Yes,Yes,Graduate,Medium,5.5,2.5,High,Poor,15,Pass,Average
1778,Female,19,11,86,4.5,2.65,100,59,82,80,Medium,Yes,Yes,Postgraduate,Low,5.1,7.0,High,Excellent,9,Pass,Good
1779,Male,22,10,100,1.2,3.72,100,59,86,76,Medium,Yes,Yes,High School,High,5.5,3.2,Low,Poor,5,Pass,Good
1780,Female,22,College-2,66,5.9,3.04,100,65,82,81,Medium,Yes,No,High School,Medium,6.4,4.1,Low,Average,14,Pass,Good
1781,Male,16,11,52,3.8,3.78,100,49,81,72,Medium,No,Yes,Postgraduate,Low,5.0,3.3,Low,Good,17,Pass,Good
1782,Male,21,College-1,66,6.6,2.23,90,62,80,85,Medium,Yes,Yes,Graduate,Medium,6.2,2.2,Low,Average,14,Pass,Excellent
1783,Female,21,11,74,1.5,3.5,91,44,69,65,Medium,Yes,No,Postgraduate,Low,6.8,2.2,Medium,Good,12,Pass,Average
1784,Female,20,11,99,7.8,2.18,100,78,87,98,Medium,No,No,Graduate,Low,9.0,4.5,Low,Average,6,Pass,Excellent
1785,Male,21,College-1,50,7.0,3.29,100,54,84,84,Medium,No,Yes,Postgraduate,Low,4.9,7.7,High,Excellent,18,Pass,Good
1786,Male,18,11,97,7.1,2.46,100,75,89,93,Low,Yes,No,Postgraduate,Medium,5.4,6.6,Low,Poor,6,Pass,Excellent
1787,Female,19,10,54,2.3,3.71,94,35,64,59,High,No,No,High School,Low,8.1,6.5,High,Excellent,17,Pass,Average
1788,Female,19,11,61,6.7,3.32,100,57,79,85,High,No,No,Postgraduate,Medium,8.7,3.3,Medium,Average,15,Pass,Excellent
1789,Female,17,College-1,55,7.9,3.39,100,70,81,85,Low,Yes,Yes,Graduate,High,7.9,4.3,High,Poor,17,Pass,Excellent
1790,Female,16,12,91,7.9,3.16,100,85,89,100,High,Yes,Yes,High School,Medium,5.4,3.1,Medium,Excellent,8,Pass,Excellent
1791,Male,17,College-2,95,1.6,2.11,80,45,68,62,High,No,No,Graduate,Medium,8.8,7.0,Low,Average,7,Pass,Average
1792,Female,17,College-2,52,7.0,3.88,100,68,85,89,High,Yes,No,Postgraduate,Medium,8.4,6.4,Low,Average,17,Pass,Excellent
1793,Male,18,9,90,2.5,2.94,98,59,85,76,Low,No,No,Graduate,Medium,5.3,4.7,High,Excellent,8,Pass,Good
1794,Female,16,College-2,95,4.3,3.12,100,75,93,95,Low,No,Yes,High School,Medium,8.2,3.4,Low,Poor,7,Pass,Excellent
1795,Male,22,11,69,7.5,3.3,100,80,98,96,Medium,Yes,No,Graduate,Low,5.7,3.7,High,Good,13,Pass,Excellent
1796,Male,15,12,95,2.3,2.97,97,66,88,79,High,Yes,Yes,Graduate,Low,6.7,6.1,Low,Good,7,Pass,Good
1797,Female,22,College-1,56,2.1,3.11,80,45,59,61,High,Yes,No,Postgraduate,Medium,7.9,6.1,Medium,Poor,16,Pass,Average
1798,Male,21,11,59,4.8,2.41,82,61,74,70,Medium,Yes,Yes,Postgraduate,Low,6.1,6.0,Low,Average,16,Pass,Good
1799,Female,15,College-1,93,8.0,3.5,100,90,88,100,High,No,No,Postgraduate,Low,6.6,6.8,Low,Poor,7,Pass,Excellent
1800,Female,17,College-2,81,6.6,3.14,100,70,85,86,High,No,No,Postgraduate,Medium,8.1,5.9,High,Excellent,10,Pass,Excellent
1801,Female,20,12,76,7.5,2.12,100,74,87,92,Low,No,No,Graduate,Medium,5.3,3.9,High,Good,11,Pass,Excellent
1802,Female,15,9,55,6.4,2.89,100,57,85,80,Low,No,No,High School,Low,6.8,4.5,Low,Average,17,Pass,Good
1803,Female,17,11,77,7.8,2.45,100,71,89,93,Medium,Yes,Yes,High School,High,6.3,7.9,High,Poor,11,Pass,Excellent
1804,Female,20,10,79,6.3,2.08,92,68,82,89,High,Yes,No,Graduate,Medium,8.2,6.4,High,Excellent,11,Pass,Excellent
1805,Female,18,12,73,1.9,2.96,100,54,69,77,High,No,Yes,High School,Low,6.0,4.9,Medium,Excellent,12,Pass,Good
1806,Female,17,10,64,2.5,3.89,100,39,77,71,Medium,Yes,Yes,Graduate,High,5.7,2.0,Low,Poor,14,Pass,Good
1807,Male,19,9,52,2.6,3.53,92,35,64,64,Low,No,Yes,Graduate,Low,5.5,4.3,Low,Average,17,Pass,Average
1808,Female,16,10,98,2.4,3.77,100,57,78,79,Medium,No,Yes,Graduate,Medium,5.1,5.4,Low,Excellent,6,Pass,Good
1809,Male,21,11,56,5.1,2.74,87,58,77,72,Medium,No,No,Graduate,High,8.1,5.5,High,Average,16,Pass,Good
1810,Male,20,10,56,3.6,2.44,91,41,71,67,High,Yes,No,High School,High,7.5,4.8,High,Excellent,16,Pass,Average
1811,Male,22,College-1,83,4.7,3.92,100,72,84,91,High,No,Yes,Postgraduate,Low,7.3,2.8,Low,Good,10,Pass,Excellent
1812,Male,17,11,51,2.7,3.52,100,40,73,71,Low,No,No,Graduate,High,4.9,4.6,High,Excellent,18,Pass,Good
1813,Male,19,College-1,90,5.7,2.45,98,78,93,90,High,No,Yes,High School,High,4.7,5.5,High,Good,8,Pass,Excellent
1814,Female,17,10,96,5.3,3.06,100,73,82,87,Low,No,No,Postgraduate,Medium,8.5,1.0,Low,Excellent,6,Pass,Excellent
1815,Male,18,College-1,68,2.4,3.19,94,55,76,72,High,No,No,Postgraduate,Medium,7.5,3.9,Medium,Good,13,Pass,Good
1816,Male,17,College-2,77,6.5,2.94,100,76,86,95,Low,Yes,Yes,Postgraduate,Medium,7.4,2.4,Low,Excellent,11,Pass,Excellent
1817,Male,18,11,92,3.6,2.7,98,68,81,86,High,No,No,Postgraduate,Low,7.6,7.8,High,Poor,7,Pass,Excellent
1818,Female,21,College-2,77,5.7,2.25,100,57,79,80,High,Yes,No,High School,High,4.5,1.7,Low,Excellent,11,Pass,Good
1819,Female,20,College-2,69,3.1,3.12,100,60,78,75,Medium,Yes,No,Graduate,Low,7.9,6.4,High,Poor,13,Pass,Good
1820,Female,20,12,88,2.4,3.83,100,66,78,85,Low,No,No,Graduate,High,4.9,3.9,Medium,Good,8,Pass,Excellent
1821,Male,20,12,81,6.5,3.08,100,64,84,90,Medium,No,Yes,Postgraduate,Low,7.6,7.8,Medium,Good,10,Pass,Excellent
1822,Male,19,11,97,4.1,3.51,100,66,89,88,Low,No,No,Postgraduate,Low,4.9,4.7,High,Poor,6,Pass,Excellent
1823,Female,17,11,75,2.1,2.09,81,58,73,68,Low,No,Yes,Graduate,Medium,6.0,2.0,High,Excellent,12,Pass,Average
1824,Female,16,9,88,3.3,2.2,84,62,66,74,High,Yes,Yes,Graduate,Medium,9.0,2.3,Medium,Good,8,Pass,Good
1825,Female,22,12,74,4.0,2.12,86,59,72,71,High,Yes,Yes,Graduate,Low,8.6,5.1,Low,Average,12,Pass,Good
1826,Female,16,College-2,57,6.7,3.45,100,62,84,81,High,Yes,Yes,Graduate,Low,4.7,6.3,Medium,Average,16,Pass,Good
1827,Female,20,College-2,63,2.5,3.43,100,35,62,67,Low,Yes,Yes,Postgraduate,Medium,5.1,4.8,Medium,Average,15,Pass,Average
1828,Male,16,11,100,4.6,2.06,83,72,80,80,High,Yes,No,Postgraduate,High,5.0,7.1,Low,Good,5,Pass,Good
1829,Male,16,College-2,88,5.0,2.8,100,60,83,84,High,Yes,No,Postgraduate,Medium,7.1,2.3,Low,Excellent,8,Pass,Good
1830,Male,20,9,100,5.6,2.02,90,87,84,93,Medium,Yes,No,High School,Low,4.8,1.1,High,Average,5,Pass,Excellent
1831,Male,15,10,63,6.7,3.15,100,59,72,83,Medium,Yes,No,Graduate,Medium,4.8,2.4,High,Good,15,Pass,Good
1832,Male,15,College-2,74,2.1,2.78,81,39,57,58,Low,Yes,No,Postgraduate,Medium,6.5,4.8,Low,Excellent,12,Pass,Average
1833,Male,16,College-2,70,4.4,3.11,94,67,74,75,High,Yes,Yes,Postgraduate,High,4.9,1.8,High,Average,13,Pass,Good
1834,Female,17,10,62,1.4,3.49,100,46,69,72,Low,No,No,Postgraduate,Medium,6.0,5.1,High,Poor,15,Pass,Good
1835,Female,15,11,51,7.2,3.14,100,68,77,85,Low,Yes,Yes,High School,Low,7.7,5.4,Low,Excellent,18,Pass,Excellent
1836,Female,15,College-1,50,4.6,2.21,86,38,62,64,High,Yes,No,High School,Medium,6.3,2.9,Low,Average,18,Pass,Average
1837,Male,21,10,67,4.0,3.75,100,55,69,75,High,No,No,Graduate,Medium,6.0,3.0,Medium,Average,14,Pass,Good
1838,Female,16,11,93,5.3,3.14,100,78,89,94,Low,Yes,No,Postgraduate,Medium,7.0,6.8,Medium,Excellent,7,Pass,Excellent
1839,Male,20,10,77,2.3,3.25,98,54,80,73,Low,Yes,No,Graduate,Medium,8.3,5.7,Low,Excellent,11,Pass,Good
1840,Female,17,College-1,57,4.3,3.78,100,58,71,78,Medium,No,Yes,High School,Medium,5.8,6.0,Medium,Average,16,Pass,Good
1841,Female,21,12,99,6.0,2.38,100,85,88,96,High,Yes,Yes,Graduate,Medium,6.3,1.1,Medium,Average,6,Pass,Excellent
1842,Male,17,11,81,6.2,2.32,97,76,82,90,Low,No,Yes,High School,Medium,8.2,3.1,Low,Good,10,Pass,Excellent
1843,Male,22,10,97,3.7,3.49,100,76,89,87,Low,No,Yes,Graduate,Low,4.7,4.6,Low,Good,6,Pass,Excellent
1844,Female,15,11,96,7.3,2.38,98,90,94,99,High,Yes,No,Postgraduate,Low,6.0,6.4,Low,Average,6,Pass,Excellent
1845,Male,16,11,58,6.1,2.17,80,67,73,76,High,Yes,No,High School,High,7.7,1.0,Medium,Average,16,Pass,Good
1846,Male,17,9,66,5.9,3.69,100,67,79,85,Low,No,Yes,High School,Low,8.1,2.4,Low,Excellent,14,Pass,Excellent
1847,Female,17,11,89,7.6,3.03,100,75,79,98,Low,No,No,Graduate,High,8.4,7.3,High,Excellent,8,Pass,Excellent
1848,Female,17,10,63,5.8,3.94,100,54,82,82,High,No,Yes,Graduate,Medium,6.1,4.3,Medium,Average,15,Pass,Good
1849,Male,20,9,58,5.5,3.8,100,63,78,78,Low,No,No,Graduate,Low,5.4,1.8,High,Average,16,Pass,Good
1850,Male,17,College-1,82,7.7,2.88,100,82,95,96,High,No,No,Graduate,High,5.2,7.9,High,Excellent,10,Pass,Excellent
1851,Female,18,9,55,6.1,2.63,88,54,75,71,Medium,Yes,No,High School,Low,5.1,5.4,High,Poor,17,Pass,Good
1852,Male,21,9,80,6.9,2.51,100,71,77,92,Medium,No,No,High School,High,7.7,7.6,High,Excellent,10,Pass,Excellent
1853,Male,20,10,69,3.5,2.41,76,61,75,73,Low,Yes,No,Postgraduate,Medium,6.6,2.9,Low,Excellent,13,Pass,Good
1854,Female,22,11,89,4.3,3.49,100,65,81,85,High,No,No,Postgraduate,Low,4.9,6.3,High,Poor,8,Pass,Excellent
1855,Female,19,10,80,4.6,3.86,100,56,81,84,Medium,No,Yes,Postgraduate,Low,4.7,6.0,Medium,Good,10,Pass,Good
1856,Female,15,12,87,7.1,2.24,94,74,83,90,Low,No,No,High School,High,8.8,2.5,Low,Good,9,Pass,Excellent
1857,Female,22,College-2,96,7.6,2.44,100,93,100,100,Medium,No,Yes,Graduate,Low,7.8,7.3,Low,Excellent,6,Pass,Excellent
1858,Male,17,9,74,3.9,2.8,85,60,76,76,Low,Yes,Yes,Postgraduate,Low,9.0,6.3,High,Excellent,12,Pass,Good
1859,Male,15,11,84,2.2,2.88,96,51,71,74,High,No,No,Postgraduate,Low,7.0,2.8,High,Poor,9,Pass,Good
1860,Male,19,College-2,75,3.8,2.55,91,53,67,75,Medium,Yes,No,Postgraduate,High,8.8,1.2,Medium,Poor,12,Pass,Good
1861,Male,16,9,57,7.8,3.6,100,60,76,85,Medium,Yes,No,Postgraduate,High,7.5,7.9,Low,Excellent,16,Pass,Excellent
1862,Male,21,College-2,98,6.0,3.88,100,77,96,99,Medium,No,No,Postgraduate,High,5.9,6.0,High,Good,6,Pass,Excellent
1863,Male,21,11,86,7.5,3.0,100,73,84,91,High,No,Yes,Graduate,Medium,5.3,5.4,Medium,Excellent,9,Pass,Excellent
1864,Female,16,12,83,4.4,2.72,100,66,77,85,Medium,Yes,No,High School,High,6.7,5.0,Low,Good,10,Pass,Excellent
1865,Male,20,9,61,4.0,2.4,93,40,73,68,Low,Yes,Yes,High School,Low,6.7,1.9,High,Poor,15,Pass,Average
1866,Male,16,11,71,3.2,2.37,78,54,66,64,High,Yes,Yes,High School,High,8.9,3.2,High,Excellent,13,Pass,Average
1867,Male,20,12,56,6.6,3.65,100,70,77,85,Low,Yes,No,Graduate,High,6.2,6.7,High,Excellent,16,Pass,Excellent
1868,Male,22,10,79,5.7,2.07,90,61,68,81,Medium,No,Yes,Postgraduate,Low,6.2,2.3,Low,Good,11,Pass,Good
1869,Female,20,College-2,82,6.6,2.32,95,75,92,94,Medium,Yes,Yes,Graduate,Medium,7.1,4.1,Low,Poor,10,Pass,Excellent
1870,Female,15,College-1,57,5.8,3.67,100,62,79,84,Medium,No,No,Postgraduate,High,5.9,5.3,High,Excellent,16,Pass,Good
1871,Female,22,College-1,98,1.4,3.35,100,52,79,73,Medium,Yes,Yes,Graduate,Medium,8.7,4.7,Medium,Excellent,6,Pass,Good
1872,Female,22,College-2,53,2.2,3.68,100,38,73,67,High,No,No,Postgraduate,Medium,5.4,4.4,High,Good,17,Pass,Average
1873,Female,15,College-2,78,6.2,3.62,100,68,90,90,High,Yes,No,High School,Medium,6.1,6.9,Low,Excellent,11,Pass,Excellent
1874,Male,19,11,81,2.2,2.55,91,60,79,74,Low,Yes,No,Graduate,Medium,7.4,4.9,High,Poor,10,Pass,Good
1875,Male,17,College-2,99,7.8,3.06,100,95,100,100,High,Yes,Yes,Graduate,High,6.9,3.6,Medium,Good,6,Pass,Excellent
1876,Male,19,9,97,4.7,3.56,100,69,90,91,Medium,Yes,No,High School,Low,7.6,2.9,High,Good,6,Pass,Excellent
1877,Female,21,10,51,3.2,2.28,76,47,60,56,Low,No,No,Graduate,Medium,4.7,6.2,High,Excellent,18,Pass,Average
1878,Male,22,10,67,5.8,2.79,100,53,75,81,High,No,No,High School,Medium,9.0,7.7,High,Average,14,Pass,Good
1879,Male,22,12,100,1.4,3.64,100,48,68,78,Low,No,Yes,Postgraduate,High,8.8,5.0,Medium,Poor,5,Pass,Good
1880,Male,18,9,75,3.1,2.92,100,63,88,82,Medium,Yes,No,Graduate,Low,6.8,5.1,Medium,Excellent,12,Pass,Good
1881,Female,15,10,91,3.6,3.18,100,53,79,82,Medium,Yes,No,Postgraduate,Medium,7.7,4.3,Medium,Excellent,8,Pass,Good
1882,Male,21,9,98,4.3,3.83,100,63,78,87,Low,Yes,Yes,High School,Medium,6.7,5.5,Medium,Good,6,Pass,Excellent
1883,Female,22,9,73,5.2,3.92,100,58,78,79,Medium,Yes,No,Postgraduate,Low,7.1,7.8,Low,Excellent,12,Pass,Good
1884,Male,19,12,91,3.5,2.53,97,54,81,76,High,No,Yes,High School,Low,8.5,6.7,Medium,Good,8,Pass,Good
1885,Female,17,College-1,79,2.5,2.57,76,51,63,66,Low,Yes,Yes,High School,Medium,8.7,3.3,High,Average,11,Pass,Average
1886,Female,19,11,100,5.6,2.49,94,81,94,90,Medium,Yes,No,Postgraduate,High,6.3,7.9,Low,Poor,5,Pass,Excellent
1887,Male,21,College-1,62,8.0,3.25,100,74,79,89,High,Yes,Yes,Postgraduate,Medium,8.9,1.2,Low,Average,15,Pass,Excellent
1888,Male,17,10,91,1.3,3.32,100,54,75,76,Medium,No,No,Graduate,Low,5.1,7.6,Low,Poor,8,Pass,Good
1889,Male,15,9,78,5.2,2.55,87,60,79,80,Low,No,Yes,High School,High,7.2,6.6,Medium,Poor,11,Pass,Good
1890,Male,19,College-1,51,3.0,3.06,83,42,70,65,Low,Yes,Yes,High School,Medium,5.4,5.7,Medium,Good,18,Pass,Average
1891,Male,19,College-2,95,4.1,3.51,100,77,94,92,Medium,No,Yes,Postgraduate,Low,8.6,3.5,Medium,Poor,7,Pass,Excellent
1892,Female,16,College-1,84,2.1,3.53,100,55,77,78,Medium,Yes,No,Graduate,High,5.2,5.7,Medium,Excellent,9,Pass,Good
1893,Male,16,College-1,99,4.7,2.67,100,81,83,93,Medium,No,No,Graduate,High,6.9,6.1,High,Excellent,6,Pass,Excellent
1894,Female,15,College-1,74,1.7,3.42,99,51,76,76,High,Yes,No,Graduate,Medium,8.1,1.1,High,Good,12,Pass,Good
1895,Male,20,11,52,2.7,3.7,100,40,73,67,High,Yes,Yes,Postgraduate,High,6.0,4.1,Low,Average,17,Pass,Average
1896,Female,17,11,78,4.1,3.67,100,64,89,84,Medium,Yes,Yes,High School,High,6.0,4.1,Medium,Average,11,Pass,Good
1897,Male,19,11,68,6.2,3.19,100,56,70,78,Medium,No,No,Postgraduate,High,8.2,2.7,High,Excellent,13,Pass,Good
1898,Female,22,9,79,7.3,2.21,100,70,83,90,Low,No,No,Postgraduate,Low,8.6,6.9,Medium,Poor,11,Pass,Excellent
1899,Male,17,12,60,6.4,3.47,100,64,83,88,Low,No,No,Graduate,Low,6.4,2.8,Low,Good,15,Pass,Excellent
1900,Female,20,11,73,7.6,2.21,100,65,75,87,High,Yes,No,Graduate,Medium,7.6,2.4,High,Good,12,Pass,Excellent
1901,Female,21,12,73,7.5,2.85,100,70,83,90,High,Yes,No,High School,Medium,8.1,7.7,High,Poor,12,Pass,Excellent
1902,Female,20,10,51,4.5,2.4,88,40,67,65,Low,No,Yes,High School,Medium,7.9,1.4,High,Excellent,18,Pass,Average
1903,Female,15,9,52,6.4,3.74,100,49,82,76,Low,No,No,Postgraduate,Low,7.3,7.8,High,Poor,17,Pass,Good
1904,Male,18,College-1,55,1.8,2.32,70,35,45,51,Medium,Yes,No,Postgraduate,Low,8.3,2.2,Low,Poor,17,Pass,Poor
1905,Male,19,11,92,5.7,2.9,100,84,86,90,Medium,Yes,No,Graduate,Medium,5.6,4.9,Medium,Average,7,Pass,Excellent
1906,Male,17,11,97,7.2,3.48,100,81,91,94,Low,No,No,Graduate,Medium,8.5,6.6,Medium,Average,6,Pass,Excellent
1907,Female,21,12,96,6.7,2.52,100,88,92,100,Low,No,No,Postgraduate,Low,5.9,6.9,High,Excellent,6,Pass,Excellent
1908,Female,19,12,78,6.8,2.34,100,79,95,98,High,Yes,No,High School,Low,5.9,5.3,Medium,Good,11,Pass,Excellent
1909,Female,19,College-1,77,3.8,2.56,84,67,79,81,Medium,No,No,Postgraduate,High,7.4,2.4,Low,Poor,11,Pass,Good
1910,Female,22,10,92,7.9,3.56,100,82,87,98,Low,Yes,Yes,Graduate,Low,5.3,2.0,Low,Excellent,7,Pass,Excellent
1911,Female,19,College-2,95,4.9,3.35,100,68,92,88,High,No,No,Postgraduate,Low,5.7,7.9,Low,Good,7,Pass,Excellent
1912,Female,21,College-1,100,3.3,3.83,100,70,89,86,High,Yes,Yes,Graduate,Medium,7.1,5.8,Low,Average,5,Pass,Excellent
1913,Male,17,12,75,5.5,3.28,100,63,79,82,Low,No,No,High School,Medium,6.7,4.0,Medium,Good,12,Pass,Good
1914,Female,19,12,62,7.2,2.12,84,59,79,77,High,Yes,No,High School,Low,8.1,2.2,Low,Good,15,Pass,Good
1915,Male,18,10,55,5.4,2.7,84,54,74,71,Medium,No,Yes,Postgraduate,Low,4.9,7.8,High,Good,17,Pass,Good
1916,Male,22,College-2,62,7.4,3.0,100,71,90,91,High,Yes,No,High School,Low,8.2,6.0,Low,Poor,15,Pass,Excellent
1917,Female,17,10,50,3.8,3.01,85,49,60,69,High,Yes,No,Graduate,Medium,8.6,6.2,High,Good,18,Pass,Average
1918,Female,21,9,87,6.8,2.04,87,82,76,90,Low,No,Yes,Graduate,High,6.3,5.3,Low,Poor,9,Pass,Excellent
1919,Female,16,9,69,7.6,3.46,100,65,81,93,High,Yes,Yes,High School,Medium,4.5,4.4,High,Excellent,13,Pass,Excellent
1920,Female,18,9,68,3.4,2.22,83,48,61,70,High,Yes,No,Graduate,Low,8.7,6.8,Low,Average,13,Pass,Good
1921,Female,20,College-1,76,4.0,2.35,82,60,65,70,Low,No,Yes,Graduate,Medium,6.1,7.0,Medium,Good,11,Pass,Good
1922,Male,22,College-2,71,2.0,2.11,69,47,65,63,Medium,Yes,Yes,High School,Medium,6.6,2.0,High,Excellent,13,Pass,Average
1923,Male,21,12,85,4.4,2.92,95,56,72,82,High,Yes,Yes,High School,Medium,6.4,1.0,Low,Average,9,Pass,Good
1924,Female,20,12,98,5.9,2.74,100,77,90,97,Low,No,No,High School,Low,5.5,5.4,Low,Average,6,Pass,Excellent
1925,Male,17,College-2,52,2.0,2.82,89,36,64,63,Low,No,Yes,Postgraduate,Low,5.3,5.8,Medium,Good,17,Pass,Average
1926,Male,18,12,84,4.5,3.21,100,63,85,84,Low,Yes,Yes,Graduate,Medium,8.0,1.7,High,Good,9,Pass,Good
1927,Female,18,12,94,3.1,2.01,87,61,69,73,Medium,Yes,Yes,High School,Medium,6.6,7.1,Low,Good,7,Pass,Good
1928,Female,16,12,78,1.4,3.4,100,41,69,70,High,No,No,Postgraduate,Low,8.2,3.4,Medium,Excellent,11,Pass,Good
1929,Male,15,College-2,88,4.1,2.99,100,72,85,91,Medium,No,Yes,Graduate,High,4.7,5.2,High,Average,8,Pass,Excellent
1930,Female,19,9,65,6.0,3.99,100,61,87,89,Medium,No,No,Graduate,Low,4.8,5.1,High,Good,14,Pass,Excellent
1931,Female,17,9,86,2.4,3.33,100,56,70,76,Medium,No,No,High School,High,8.3,4.3,High,Average,9,Pass,Good
1932,Male,21,College-1,78,1.8,2.05,65,58,65,64,Low,Yes,Yes,Postgraduate,Low,7.5,2.1,Medium,Poor,11,Pass,Average
1933,Male,18,10,87,5.5,2.01,94,63,84,89,Medium,No,Yes,Postgraduate,Low,7.2,6.9,Medium,Excellent,9,Pass,Excellent
1934,Male,16,9,79,6.8,2.17,100,77,84,90,High,No,No,Postgraduate,High,8.3,6.5,High,Excellent,11,Pass,Excellent
1935,Male,17,9,69,4.0,3.27,100,55,81,82,Medium,Yes,Yes,Graduate,Medium,8.8,4.1,Low,Excellent,13,Pass,Good
1936,Female,22,College-2,68,6.1,2.7,91,69,83,87,Medium,No,No,High School,Medium,8.0,5.3,High,Poor,13,Pass,Excellent
1937,Male,20,College-1,85,1.9,2.52,88,51,76,68,High,No,No,High School,High,5.0,6.1,Low,Good,9,Pass,Average
1938,Male,21,11,74,5.2,2.35,85,54,63,74,Medium,Yes,Yes,Graduate,Medium,7.2,6.3,Low,Poor,12,Pass,Good
1939,Female,18,9,86,3.9,2.74,88,58,67,76,Medium,No,Yes,Postgraduate,High,7.1,2.3,High,Excellent,9,Pass,Good
1940,Female,19,12,73,2.6,2.85,86,40,59,64,High,Yes,Yes,High School,High,6.0,3.3,Low,Excellent,12,Pass,Average
1941,Male,18,9,87,7.0,2.74,100,75,84,95,Medium,No,No,Graduate,Low,7.2,3.0,Low,Good,9,Pass,Excellent
1942,Female,22,College-2,93,6.0,3.52,100,67,85,89,Medium,Yes,No,Graduate,Low,8.3,3.6,Low,Average,7,Pass,Excellent
1943,Female,20,9,92,3.1,2.7,100,53,70,77,High,Yes,No,High School,Low,5.9,3.2,High,Good,7,Pass,Good
1944,Male,19,10,82,1.2,3.4,100,51,78,72,Low,Yes,No,Postgraduate,Medium,8.0,3.7,Medium,Poor,10,Pass,Good
1945,Male,15,College-2,83,4.8,3.52,100,73,86,88,Low,Yes,No,High School,Medium,6.0,3.8,High,Excellent,10,Pass,Excellent
1946,Female,16,10,66,5.4,2.3,78,53,73,74,Low,Yes,No,Graduate,Medium,6.1,6.9,Low,Good,14,Pass,Good
1947,Female,20,12,100,4.5,2.65,100,63,79,86,Low,Yes,No,Graduate,High,7.4,1.7,Low,Excellent,5,Pass,Excellent
1948,Male,20,College-2,61,3.1,2.57,79,36,54,61,Medium,No,Yes,High School,High,8.7,7.4,Low,Good,15,Pass,Average
1949,Female,15,College-1,50,4.4,2.49,83,44,63,62,Medium,No,No,Postgraduate,Low,8.4,6.3,High,Poor,18,Pass,Average
1950,Male,21,10,76,1.4,3.05,83,36,65,60,Medium,Yes,Yes,Graduate,High,8.1,7.5,High,Poor,11,Pass,Average
1951,Female,15,College-1,97,2.2,3.27,100,59,83,84,Medium,No,No,Postgraduate,Low,8.6,2.2,High,Good,6,Pass,Good
1952,Male,20,12,67,1.9,2.78,75,37,64,57,High,No,Yes,Graduate,High,5.5,2.4,High,Poor,14,Pass,Average
1953,Male,16,College-1,92,3.6,2.12,84,59,72,77,Low,Yes,No,High School,High,6.6,2.2,High,Good,7,Pass,Good
1954,Male,19,10,82,1.8,2.17,81,51,70,67,Medium,No,Yes,High School,Low,5.0,1.0,Low,Poor,10,Pass,Average
1955,Female,21,12,56,4.2,3.24,100,59,80,78,Medium,No,Yes,Postgraduate,High,8.5,2.1,Low,Excellent,16,Pass,Good
1956,Female,19,College-2,61,7.6,2.77,100,77,83,89,High,Yes,No,High School,Low,7.2,2.7,High,Poor,15,Pass,Excellent
1957,Female,21,College-1,85,5.6,2.12,90,64,75,85,Low,Yes,No,High School,High,8.5,1.7,Medium,Poor,9,Pass,Excellent
1958,Male,18,10,96,1.9,3.84,100,52,80,75,Low,Yes,No,High School,Medium,8.5,7.1,Low,Average,6,Pass,Good
1959,Female,21,College-2,84,4.0,2.95,91,61,72,79,Medium,No,No,High School,High,8.1,6.7,High,Excellent,9,Pass,Good
1960,Male,15,11,81,7.0,2.68,100,66,75,89,Low,Yes,No,High School,Medium,4.8,4.1,Medium,Average,10,Pass,Excellent
1961,Female,21,College-2,72,2.9,2.13,83,58,68,71,High,Yes,No,Postgraduate,Low,6.4,3.0,Low,Poor,12,Pass,Good
1962,Female,15,12,85,2.2,3.82,100,49,71,71,High,Yes,No,High School,High,8.7,5.0,Low,Good,9,Pass,Good
1963,Female,17,College-2,79,6.4,3.2,100,68,78,91,Low,Yes,No,High School,Medium,5.5,4.6,High,Excellent,11,Pass,Excellent
1964,Female,15,College-2,96,1.4,3.71,100,45,79,72,High,No,No,Postgraduate,High,4.5,4.3,High,Excellent,6,Pass,Good
1965,Male,20,College-1,62,6.5,3.41,100,57,72,82,Medium,Yes,No,Postgraduate,Medium,6.6,4.5,High,Good,15,Pass,Good
1966,Female,16,11,67,6.2,2.67,93,60,74,84,Medium,Yes,No,High School,High,5.2,3.6,High,Good,14,Pass,Good
1967,Male,18,12,57,7.4,2.05,91,70,81,83,Low,No,No,Postgraduate,High,7.7,7.4,Low,Good,16,Pass,Good
1968,Male,21,College-2,96,1.2,3.77,100,48,73,74,Medium,No,Yes,Postgraduate,Low,4.8,2.7,High,Average,6,Pass,Good
1969,Female,22,College-2,63,5.4,2.16,76,64,69,71,High,No,Yes,High School,Low,7.0,2.0,Low,Excellent,15,Pass,Good
1970,Male,18,9,97,3.2,3.71,100,56,72,80,Low,No,Yes,High School,Low,7.1,2.7,Medium,Good,6,Pass,Good
1971,Male,18,College-2,100,7.8,2.05,98,96,92,99,Medium,No,No,Postgraduate,Low,8.5,5.7,High,Poor,5,Pass,Excellent
1972,Male,17,College-1,52,1.9,3.41,85,42,57,56,Medium,No,Yes,Graduate,High,6.8,3.1,High,Excellent,17,Pass,Average
1973,Male,17,9,84,4.1,3.52,100,70,92,91,Medium,Yes,No,Postgraduate,Medium,8.1,2.3,Medium,Average,9,Pass,Excellent
1974,Female,15,9,96,2.4,2.82,87,51,61,70,Low,No,Yes,High School,Low,5.9,1.7,Low,Good,6,Pass,Good
1975,Female,21,College-2,73,3.3,2.27,86,47,62,68,Medium,Yes,Yes,Graduate,Medium,7.9,5.0,Low,Excellent,12,Pass,Average
1976,Female,22,College-2,95,4.9,2.85,100,73,80,90,Low,Yes,Yes,Postgraduate,High,8.3,4.2,Low,Average,7,Pass,Excellent
1977,Female,16,College-1,89,4.2,2.56,100,62,74,83,Medium,No,No,Postgraduate,High,7.4,2.1,Medium,Poor,8,Pass,Good
1978,Female,19,College-2,91,6.2,2.56,100,83,83,91,High,Yes,Yes,Postgraduate,High,6.6,6.1,Low,Good,8,Pass,Excellent
1979,Female,17,9,81,6.6,3.81,100,80,92,95,Medium,No,No,Postgraduate,Low,6.8,5.3,Low,Average,10,Pass,Excellent
1980,Female,15,10,78,1.6,3.89,100,53,78,72,Low,No,Yes,Graduate,Low,7.0,2.8,Medium,Good,11,Pass,Good
1981,Female,15,12,61,1.4,3.3,93,35,66,62,High,No,No,Graduate,High,8.5,3.5,High,Average,15,Pass,Average
1982,Male,19,9,91,6.0,3.6,100,66,89,92,High,No,No,High School,Low,7.8,7.8,Low,Good,8,Pass,Excellent
1983,Female,21,12,75,1.7,3.07,83,44,58,66,Medium,Yes,No,Graduate,Medium,6.5,5.7,Low,Excellent,12,Pass,Average
1984,Male,16,9,58,6.4,3.0,100,69,89,84,Low,No,No,High School,Low,5.9,7.6,Low,Average,16,Pass,Good
1985,Female,21,College-2,70,4.2,2.59,81,60,69,74,Medium,No,No,Postgraduate,High,4.7,3.0,Low,Average,13,Pass,Good
1986,Male,19,12,90,6.4,3.03,100,81,96,92,High,Yes,No,Graduate,Low,5.7,7.7,Medium,Poor,8,Pass,Excellent
1987,Male,19,11,56,7.5,3.02,100,62,77,86,High,No,No,High School,High,7.6,1.4,Low,Average,16,Pass,Excellent
1988,Female,18,College-2,79,3.6,2.11,77,55,65,65,Low,No,No,Postgraduate,Medium,4.9,6.7,Medium,Poor,11,Pass,Average
1989,Male,16,11,100,7.8,2.28,98,99,94,100,Medium,Yes,Yes,High School,High,7.6,2.5,Low,Average,5,Pass,Excellent
1990,Female,17,10,51,3.7,2.8,97,40,61,71,Low,No,No,High School,High,6.7,2.7,Medium,Excellent,18,Pass,Good
1991,Female,16,9,91,7.9,3.63,100,83,87,97,Medium,Yes,No,Postgraduate,High,5.6,6.3,High,Good,8,Pass,Excellent
1992,Female,17,12,67,6.1,3.07,100,64,80,82,High,Yes,No,High School,High,6.4,5.9,Low,Good,14,Pass,Good
1993,Female,18,11,89,5.1,2.06,83,64,71,77,High,Yes,Yes,Postgraduate,High,8.3,3.2,High,Good,8,Pass,Good
1994,Male,22,10,91,2.2,3.85,100,56,71,74,Medium,No,No,High School,Medium,6.8,3.4,Low,Good,8,Pass,Good
1995,Male,15,11,95,5.9,2.57,100,85,96,97,Medium,No,Yes,High School,Medium,6.7,4.4,Low,Excellent,7,Pass,Excellent
1996,Female,18,12,86,4.7,2.6,100,60,86,84,Medium,Yes,No,Postgraduate,Medium,6.8,2.0,High,Excellent,9,Pass,Good
1997,Female,20,College-2,51,5.1,3.69,100,55,74,76,Low,No,Yes,High School,Medium,5.1,1.2,Low,Average,18,Pass,Good
1998,Male,22,11,59,6.9,2.88,99,66,78,84,Low,Yes,No,High School,Low,7.8,4.3,Low,Good,16,Pass,Good
1999,Female,19,10,53,5.5,3.39,100,53,75,74,Medium,No,Yes,Postgraduate,Low,5.5,5.8,Medium,Poor,17,Pass,Good
2000,Female,22,College-2,100,7.0,2.83,100,85,93,98,High,Yes,Yes,Graduate,High,7.2,2.9,Low,Poor,5,Pass,Excellent
2001,Male,17,10,81,6.0,3.32,100,74,82,86,High,No,Yes,High School,Low,5.8,6.1,High,Average,10,Pass,Excellent
2002,Male,19,College-2,75,7.0,2.2,98,70,76,88,Medium,No,No,High School,Low,8.6,4.3,Low,Excellent,12,Pass,Excellent
2003,Female,19,College-2,64,4.5,2.7,87,48,64,73,High,No,No,High School,High,8.8,7.8,High,Average,14,Pass,Good
2004,Female,18,10,78,6.5,3.59,100,67,81,87,High,No,Yes,Postgraduate,Low,8.5,4.4,High,Excellent,11,Pass,Excellent
2005,Male,17,12,83,7.7,3.16,100,81,85,100,Low,No,No,High School,Low,7.2,6.4,Medium,Average,10,Pass,Excellent
2006,Female,16,11,90,5.4,2.77,100,74,89,92,Medium,No,Yes,High School,Low,8.8,5.9,Medium,Average,8,Pass,Excellent
2007,Female,18,10,50,4.9,2.91,86,57,74,76,Medium,No,Yes,High School,Low,7.0,1.5,High,Excellent,18,Pass,Good
2008,Female,15,College-1,62,7.2,2.62,100,58,76,81,Low,No,Yes,High School,High,5.7,1.6,Low,Excellent,15,Pass,Good
2009,Female,17,10,59,2.2,2.17,66,35,58,52,High,No,No,High School,Low,7.0,5.4,Low,Average,16,Pass,Poor
2010,Female,20,12,54,6.7,3.79,100,64,85,88,High,Yes,Yes,High School,Low,8.1,7.3,Low,Poor,17,Pass,Excellent
2011,Female,16,10,100,4.0,3.88,100,70,77,88,Low,Yes,No,Postgraduate,High,4.5,5.2,High,Excellent,5,Pass,Excellent
2012,Male,19,11,81,5.5,2.65,100,68,76,85,Low,No,No,High School,Low,6.8,6.5,Medium,Excellent,10,Pass,Excellent
2013,Male,15,11,89,3.0,3.0,100,52,71,77,Low,No,No,High School,High,6.3,4.1,High,Good,8,Pass,Good
2014,Male,21,College-2,75,2.0,3.32,98,56,75,74,Medium,No,No,High School,Medium,6.7,3.7,High,Excellent,12,Pass,Good
2015,Female,16,9,86,4.6,3.8,100,73,88,85,Low,No,No,Graduate,High,8.3,7.6,Low,Excellent,9,Pass,Excellent
2016,Female,22,9,68,7.6,3.31,100,79,91,95,Low,Yes,No,Postgraduate,Low,6.8,5.4,Low,Excellent,13,Pass,Excellent
2017,Male,19,12,97,2.9,4.0,100,60,86,79,Low,No,Yes,Graduate,High,7.5,5.2,High,Average,6,Pass,Good
2018,Male,18,College-2,74,3.4,2.75,100,49,79,78,High,Yes,No,High School,Medium,8.1,6.9,Medium,Poor,12,Pass,Good
2019,Female,22,College-2,59,3.5,3.98,100,44,64,74,High,No,Yes,Graduate,Low,8.5,7.9,Low,Good,16,Pass,Good
2020,Male,21,College-2,61,3.4,3.16,88,47,74,65,High,Yes,Yes,High School,Low,6.2,1.1,Medium,Poor,15,Pass,Average
2021,Female,22,College-2,65,6.8,2.25,98,66,87,83,Medium,Yes,No,High School,Medium,6.3,5.6,Low,Poor,14,Pass,Good
2022,Female,16,College-2,81,2.9,3.57,100,59,72,82,High,No,No,Graduate,Low,6.2,6.8,Medium,Excellent,10,Pass,Good
2023,Male,20,12,55,5.6,2.76,100,59,84,84,High,No,No,High School,High,7.4,6.9,Medium,Good,17,Pass,Good
2024,Female,17,12,73,6.8,2.3,100,75,88,94,High,No,Yes,Postgraduate,Low,6.5,1.9,Medium,Poor,12,Pass,Excellent
2025,Male,17,10,96,6.1,2.84,100,86,90,100,High,Yes,Yes,High School,Medium,6.8,4.3,High,Poor,6,Pass,Excellent
2026,Female,20,12,50,4.2,3.94,100,45,72,68,Medium,No,Yes,Graduate,High,8.2,2.5,Medium,Poor,18,Pass,Average
2027,Male,21,College-2,96,7.7,2.01,99,89,93,100,High,No,No,Graduate,High,7.4,3.7,Medium,Excellent,6,Pass,Excellent
2028,Female,19,12,100,6.7,2.8,100,88,99,99,Medium,Yes,No,High School,Low,8.8,6.3,High,Good,5,Pass,Excellent
2029,Male,19,College-1,91,2.0,2.64,83,47,72,67,High,No,Yes,Postgraduate,High,6.5,3.3,High,Excellent,8,Pass,Average
2030,Female,17,College-1,59,4.3,2.33,86,43,67,71,High,No,Yes,Postgraduate,High,5.8,2.9,Medium,Good,16,Pass,Good
2031,Male,16,11,52,1.4,2.83,83,35,52,55,Low,Yes,Yes,High School,High,8.1,2.0,High,Average,17,Pass,Average
2032,Male,21,11,86,6.7,3.79,100,69,92,92,Medium,No,No,Postgraduate,Medium,5.6,6.7,Medium,Good,9,Pass,Excellent
2033,Female,19,11,58,5.9,2.21,78,56,65,68,Medium,Yes,No,High School,Medium,6.1,5.0,High,Average,16,Pass,Average
2034,Male,18,College-1,91,4.5,2.48,96,70,88,85,High,No,No,Postgraduate,Medium,7.7,1.6,Low,Excellent,8,Pass,Excellent
2035,Male,19,12,91,4.7,2.77,93,62,72,79,High,No,No,Graduate,High,5.1,7.6,Low,Average,8,Pass,Good
2036,Female,18,12,75,6.6,2.27,100,71,80,86,Medium,Yes,Yes,High School,Low,7.6,4.8,High,Excellent,12,Pass,Excellent
2037,Female,17,9,54,5.2,3.24,99,43,69,69,Low,Yes,No,Postgraduate,Low,4.8,6.5,High,Poor,17,Pass,Average
2038,Male,15,9,90,2.9,2.34,84,57,75,75,Medium,No,No,Graduate,Low,6.1,6.6,High,Average,8,Pass,Good
2039,Female,18,College-2,88,2.5,2.31,78,50,68,69,High,Yes,No,High School,Low,7.6,1.3,Low,Excellent,8,Pass,Average
2040,Male,19,College-1,70,3.2,3.68,100,49,71,78,Medium,Yes,No,High School,Medium,8.3,6.3,Medium,Good,13,Pass,Good
2041,Male,17,11,50,6.3,3.73,100,62,74,78,Medium,Yes,No,High School,Low,7.9,2.5,Low,Poor,18,Pass,Good
2042,Male,22,12,79,4.4,3.36,100,55,84,79,Medium,No,No,Graduate,Medium,7.5,2.2,Low,Excellent,11,Pass,Good
2043,Male,17,12,58,4.1,2.64,95,42,69,67,Medium,No,Yes,Graduate,High,6.6,2.6,Low,Average,16,Pass,Average
2044,Male,16,10,99,5.0,2.36,87,68,71,81,Medium,Yes,Yes,Postgraduate,Low,8.4,5.3,Medium,Average,6,Pass,Good
2045,Female,22,10,80,5.3,3.29,100,72,83,88,Low,Yes,Yes,Postgraduate,High,7.8,7.8,Low,Average,10,Pass,Excellent
2046,Female,22,College-2,78,7.4,3.97,100,85,91,95,Low,No,Yes,High School,High,7.6,1.8,Low,Excellent,11,Pass,Excellent
2047,Male,19,11,93,2.3,3.41,100,58,73,82,Low,No,No,High School,Medium,5.3,6.8,Medium,Good,7,Pass,Good
2048,Male,17,College-2,66,2.5,3.62,100,53,70,73,High,Yes,Yes,Graduate,High,5.2,6.4,Low,Average,14,Pass,Good
2049,Female,22,9,78,3.8,2.92,89,68,86,77,Low,Yes,Yes,Postgraduate,Medium,6.8,3.2,Low,Poor,11,Pass,Good
2050,Female,22,12,50,1.3,2.85,90,35,64,55,Medium,No,No,Graduate,High,4.7,1.4,Medium,Poor,18,Pass,Average
2051,Male,18,10,80,2.2,3.31,98,50,74,72,High,No,No,Graduate,High,7.5,7.7,High,Excellent,10,Pass,Good
2052,Female,20,12,83,3.0,2.59,92,52,74,77,Low,No,Yes,Postgraduate,Medium,8.2,1.5,Low,Excellent,10,Pass,Good
2053,Male,15,College-2,75,5.0,3.13,100,65,84,83,Low,Yes,No,Postgraduate,Medium,6.2,5.9,Low,Average,12,Pass,Good
2054,Male,20,9,86,6.9,3.27,100,67,80,92,High,No,No,Graduate,Medium,7.8,4.6,High,Good,9,Pass,Excellent
2055,Male,21,11,96,2.4,2.79,85,58,65,72,Low,Yes,Yes,Postgraduate,Medium,7.4,2.6,Low,Poor,6,Pass,Good
2056,Male,19,College-2,64,6.5,2.29,82,73,75,79,Low,Yes,Yes,Postgraduate,High,5.2,5.1,Medium,Poor,14,Pass,Good
2057,Female,21,College-2,55,6.0,2.61,97,51,74,81,High,No,Yes,Postgraduate,Low,7.5,7.6,High,Excellent,17,Pass,Good
2058,Female,17,11,84,7.5,3.5,100,83,83,99,Medium,No,No,Graduate,Medium,7.5,5.6,High,Good,9,Pass,Excellent
2059,Female,17,College-2,94,4.9,2.01,95,81,89,92,High,No,Yes,Postgraduate,Medium,6.4,5.8,Medium,Average,7,Pass,Excellent
2060,Male,20,12,71,6.5,3.59,100,70,81,89,High,Yes,No,High School,High,6.4,5.0,Medium,Excellent,13,Pass,Excellent
2061,Male,19,College-2,84,6.7,3.92,100,79,86,94,Medium,No,No,Graduate,Low,7.2,2.2,Low,Good,9,Pass,Excellent
2062,Female,17,College-1,56,7.6,2.77,100,57,82,81,High,No,No,Postgraduate,Low,5.8,6.1,Medium,Good,16,Pass,Good
2063,Female,20,12,88,7.3,2.49,100,89,97,100,Low,Yes,No,Graduate,Low,5.6,1.1,High,Average,8,Pass,Excellent
2064,Female,21,College-1,94,5.6,3.09,100,77,86,92,Low,Yes,Yes,Graduate,Medium,8.4,4.8,High,Average,7,Pass,Excellent
2065,Female,18,9,90,7.8,3.55,100,79,81,99,High,No,Yes,High School,Low,7.0,1.0,High,Average,8,Pass,Excellent
2066,Female,15,College-1,65,5.1,3.86,100,60,78,84,High,Yes,Yes,High School,Medium,6.1,2.5,Low,Average,14,Pass,Good
2067,Male,16,College-2,65,1.9,2.37,68,37,55,57,Medium,No,No,Graduate,High,7.2,4.0,High,Poor,14,Pass,Average
2068,Male,17,11,50,5.9,3.28,100,58,83,80,Medium,Yes,No,High School,High,7.6,5.6,Medium,Poor,18,Pass,Good
2069,Male,22,9,73,7.4,2.61,100,66,78,85,Low,No,Yes,Postgraduate,Low,5.9,6.0,Low,Good,12,Pass,Excellent
2070,Male,17,10,53,1.3,3.44,84,40,60,57,Low,Yes,No,Postgraduate,High,5.6,7.9,Low,Poor,17,Pass,Average
2071,Female,17,College-2,73,7.0,2.53,93,78,84,91,Medium,No,Yes,Graduate,Low,8.4,2.5,High,Poor,12,Pass,Excellent
2072,Male,21,12,60,1.6,3.13,89,35,70,63,High,Yes,Yes,Postgraduate,Low,5.0,4.1,Medium,Excellent,15,Pass,Average
2073,Male,20,9,82,1.8,2.94,99,53,72,78,Medium,Yes,No,Graduate,Low,8.1,7.9,Medium,Excellent,10,Pass,Good
2074,Male,19,College-2,64,6.5,3.15,100,69,86,89,Low,No,Yes,High School,High,5.3,1.3,High,Good,14,Pass,Excellent
2075,Female,17,College-1,99,1.5,2.64,88,47,75,71,Medium,No,No,Graduate,Low,7.5,1.2,Low,Excellent,6,Pass,Good
2076,Female,21,11,82,2.8,3.47,100,65,81,85,High,No,Yes,Graduate,High,6.5,4.4,Low,Good,10,Pass,Excellent
2077,Male,17,College-1,70,6.0,2.33,87,69,84,84,Low,Yes,Yes,High School,Low,4.5,4.5,Medium,Poor,13,Pass,Good
2078,Male,20,9,55,6.3,2.06,80,61,62,75,Low,No,Yes,Graduate,Medium,4.8,2.4,Low,Poor,17,Pass,Good
2079,Female,19,College-1,93,4.3,3.9,100,60,86,89,Medium,No,No,Postgraduate,High,7.7,2.9,Medium,Average,7,Pass,Excellent
2080,Female,16,10,90,5.6,3.59,100,77,80,90,High,Yes,Yes,High School,Low,5.2,7.7,Medium,Good,8,Pass,Excellent
2081,Female,21,College-2,94,3.8,2.88,94,74,86,88,Low,Yes,No,High School,High,8.1,3.8,Low,Poor,7,Pass,Excellent
2082,Male,15,11,78,4.0,2.97,100,50,71,79,High,No,Yes,Graduate,Medium,6.0,7.5,High,Average,11,Pass,Good
2083,Female,22,10,78,4.2,3.46,100,69,87,87,Medium,No,Yes,Graduate,Low,5.1,7.0,High,Average,11,Pass,Excellent
2084,Male,21,College-2,63,5.4,3.37,100,53,76,83,Medium,Yes,No,Graduate,Medium,6.0,4.3,High,Good,15,Pass,Good
2085,Male,21,College-2,67,1.9,2.47,80,44,58,61,Medium,No,Yes,High School,Medium,6.5,5.1,Low,Good,14,Pass,Average
2086,Female,21,10,64,6.8,3.88,100,61,73,87,Low,No,Yes,High School,Medium,8.4,7.3,High,Average,14,Pass,Excellent
2087,Female,17,College-1,55,3.6,3.38,100,40,75,72,High,No,Yes,High School,Low,7.6,2.8,Medium,Excellent,17,Pass,Good
2088,Female,17,9,52,3.0,3.43,100,40,68,68,Low,Yes,No,Graduate,Medium,5.7,3.5,High,Good,17,Pass,Average
2089,Female,21,10,68,7.9,2.33,91,83,88,94,High,Yes,No,High School,Low,6.0,5.5,High,Poor,13,Pass,Excellent
2090,Male,22,10,57,7.9,3.28,100,66,87,89,Medium,No,Yes,Graduate,Low,6.3,6.3,High,Excellent,16,Pass,Excellent
2091,Male,19,11,73,6.4,2.48,88,59,79,80,High,Yes,Yes,Graduate,Medium,7.1,1.8,High,Average,12,Pass,Good
2092,Male,16,9,93,7.3,3.63,100,78,89,95,High,Yes,Yes,Graduate,Medium,4.7,7.7,Medium,Average,7,Pass,Excellent
2093,Male,19,College-2,97,4.3,2.77,97,69,81,90,Medium,Yes,No,Graduate,High,7.4,6.8,High,Excellent,6,Pass,Excellent
2094,Male,16,College-1,57,6.1,3.25,100,63,82,86,Medium,Yes,No,Graduate,Low,6.2,7.1,Medium,Poor,16,Pass,Excellent
2095,Male,16,12,99,2.9,2.2,79,64,63,74,Low,Yes,No,High School,Low,4.9,5.1,Medium,Average,6,Pass,Good
2096,Male,15,College-1,85,7.5,3.99,100,77,84,97,Medium,Yes,No,Postgraduate,High,7.3,3.9,High,Good,9,Pass,Excellent
2097,Female,17,9,59,3.6,3.53,100,56,84,73,Low,Yes,No,High School,Medium,8.3,5.3,Medium,Average,16,Pass,Good
2098,Female,20,10,66,3.7,2.98,93,58,80,79,High,No,No,Graduate,Medium,7.4,2.6,High,Excellent,14,Pass,Good
2099,Male,20,11,94,4.1,3.4,100,73,83,89,Medium,No,No,Postgraduate,High,8.5,7.3,High,Average,7,Pass,Excellent
2100,Male,20,9,74,4.1,3.25,97,58,75,78,Medium,Yes,Yes,High School,Medium,4.6,3.2,Medium,Poor,12,Pass,Good
2101,Male,20,11,58,4.7,3.24,100,55,69,74,High,No,No,High School,Medium,8.0,5.4,Medium,Poor,16,Pass,Good
2102,Male,15,10,60,1.6,2.78,76,40,59,56,Medium,No,No,High School,High,4.9,3.0,Medium,Average,15,Pass,Average
2103,Male,22,College-2,70,3.8,2.55,85,59,78,73,Medium,No,No,Graduate,Low,5.6,2.1,Medium,Good,13,Pass,Good
2104,Male,20,College-2,85,6.7,3.84,100,76,82,94,High,No,No,Graduate,High,8.1,3.5,High,Poor,9,Pass,Excellent
2105,Female,20,10,55,5.6,3.7,100,63,78,81,Low,No,No,Graduate,High,8.1,6.4,High,Poor,17,Pass,Good
2106,Female,16,11,59,1.4,2.54,80,35,50,50,High,Yes,Yes,Graduate,Low,5.5,4.6,Medium,Good,16,Pass,Poor
2107,Male,20,10,80,7.2,2.68,100,85,99,96,High,No,No,High School,Medium,5.5,5.9,Low,Excellent,10,Pass,Excellent
2108,Female,16,9,97,2.2,2.28,85,56,68,72,High,No,No,High School,Medium,5.7,4.6,Low,Average,6,Pass,Good
2109,Male,16,12,91,3.7,3.66,100,70,78,85,Low,No,Yes,High School,Low,6.1,5.2,High,Average,8,Pass,Excellent
2110,Male,17,College-2,53,4.5,3.06,97,46,76,71,Low,Yes,Yes,High School,Medium,6.2,3.0,High,Poor,17,Pass,Good
2111,Female,22,12,96,2.1,2.48,89,63,81,74,Low,No,No,Graduate,Medium,8.6,1.2,Medium,Good,6,Pass,Good
2112,Male,20,College-2,72,3.1,2.5,91,44,69,69,High,Yes,Yes,High School,Low,7.3,1.4,Medium,Average,12,Pass,Average
2113,Male,18,11,86,3.2,3.07,95,55,74,78,High,Yes,No,Postgraduate,High,5.4,6.8,Medium,Good,9,Pass,Good
2114,Female,22,11,97,6.5,2.5,100,75,92,99,High,Yes,No,Postgraduate,Low,6.6,2.0,High,Good,6,Pass,Excellent
2115,Male,22,College-2,69,6.7,3.87,100,67,82,87,High,No,Yes,High School,Low,6.6,2.1,High,Good,13,Pass,Excellent
2116,Female,18,12,53,4.1,2.34,76,38,54,60,Medium,Yes,Yes,Graduate,High,6.0,4.3,Low,Good,17,Pass,Average
2117,Female,20,College-1,83,7.9,3.18,100,80,93,100,High,Yes,No,Graduate,Medium,7.0,7.3,High,Good,10,Pass,Excellent
2118,Female,17,11,69,4.0,3.65,100,44,72,77,Low,No,No,Postgraduate,Medium,8.0,2.0,Medium,Good,13,Pass,Good
2119,Male,19,12,81,7.2,2.94,100,85,95,100,Medium,Yes,Yes,Graduate,Medium,8.0,4.5,Low,Good,10,Pass,Excellent
2120,Male,22,10,52,6.2,2.11,83,49,72,68,Medium,No,Yes,Postgraduate,Low,8.6,5.9,Low,Excellent,17,Pass,Average
2121,Female,22,11,56,2.6,3.17,88,35,65,62,Low,No,No,Graduate,High,5.8,6.2,Low,Average,16,Pass,Average
2122,Female,21,College-1,58,6.3,3.8,100,52,79,85,High,Yes,No,Graduate,High,7.9,4.4,Medium,Poor,16,Pass,Excellent
2123,Male,21,College-2,94,3.3,2.16,87,66,77,83,Low,No,No,Graduate,High,8.3,5.7,Low,Good,7,Pass,Good
2124,Female,18,10,86,7.2,2.23,91,76,81,89,Low,No,No,High School,High,5.9,5.9,Low,Good,9,Pass,Excellent
2125,Female,22,College-1,75,5.2,3.9,100,66,89,86,Medium,No,No,Postgraduate,Low,4.8,1.9,Low,Excellent,12,Pass,Excellent
2126,Female,16,12,64,1.4,2.52,73,41,54,56,Medium,Yes,Yes,High School,Low,5.2,5.4,Low,Excellent,14,Pass,Average
2127,Female,18,12,68,3.8,2.22,83,49,61,70,High,Yes,No,Postgraduate,Medium,8.6,6.4,Low,Excellent,13,Pass,Good
2128,Female,22,12,50,3.9,2.83,91,47,76,71,Medium,No,No,High School,High,5.2,2.3,High,Good,18,Pass,Good
2129,Male,15,10,54,1.0,3.95,95,35,62,57,Low,No,Yes,Postgraduate,Medium,5.8,1.1,Medium,Excellent,17,Pass,Average
2130,Male,15,10,63,6.2,2.46,94,65,73,84,High,Yes,No,Postgraduate,High,6.0,5.8,High,Good,15,Pass,Good
2131,Male,17,College-1,82,5.7,2.13,90,65,71,84,Low,No,No,Postgraduate,Low,6.4,2.0,Low,Excellent,10,Pass,Good
2132,Male,18,10,77,3.7,3.88,100,62,78,77,Medium,No,No,Graduate,Low,5.5,5.6,Low,Average,11,Pass,Good
2133,Female,18,11,93,4.4,3.33,100,58,78,80,High,Yes,Yes,Postgraduate,Low,4.7,2.2,Low,Good,7,Pass,Good
2134,Male,18,9,97,3.4,3.38,100,69,79,84,Medium,No,No,Postgraduate,Low,8.3,4.1,Medium,Poor,6,Pass,Good
2135,Female,17,College-2,58,5.9,2.57,100,57,72,76,High,Yes,Yes,High School,High,8.0,3.3,Low,Good,16,Pass,Good
2136,Female,20,12,57,2.9,2.54,73,40,60,60,Medium,No,Yes,Postgraduate,Low,6.6,4.5,Low,Excellent,16,Pass,Average
2137,Female,19,10,56,6.9,3.42,100,52,72,80,High,No,No,Graduate,Medium,7.4,5.6,Medium,Excellent,16,Pass,Good
2138,Male,16,College-2,54,6.1,3.69,100,67,85,89,Medium,No,No,Postgraduate,Medium,5.6,4.8,High,Average,17,Pass,Excellent
2139,Male,16,College-1,59,7.6,3.48,100,75,85,88,Medium,Yes,Yes,Postgraduate,Medium,7.0,5.6,Low,Excellent,16,Pass,Excellent
2140,Male,15,College-2,74,1.7,2.82,93,50,64,65,Low,Yes,Yes,Postgraduate,High,8.0,5.7,Low,Poor,12,Pass,Average
2141,Male,15,10,54,2.1,2.85,89,40,63,59,High,No,Yes,Graduate,Medium,7.9,5.0,High,Average,17,Pass,Average
2142,Female,22,11,74,3.5,2.2,90,44,70,68,Low,No,No,Graduate,Low,6.7,4.2,Medium,Good,12,Pass,Average
2143,Female,22,College-2,75,6.7,2.78,100,61,82,87,Low,Yes,No,Postgraduate,High,5.4,2.7,Medium,Poor,12,Pass,Excellent
2144,Male,20,11,53,6.9,2.27,98,56,82,80,Medium,Yes,Yes,Postgraduate,Medium,6.0,7.9,High,Poor,17,Pass,Good
2145,Male,15,9,69,1.1,2.24,70,49,65,62,High,Yes,Yes,Graduate,Low,4.9,3.1,High,Good,13,Pass,Average
2146,Male,15,College-1,66,3.7,3.26,100,50,74,73,High,No,Yes,High School,Low,8.6,6.0,High,Good,14,Pass,Good
2147,Female,17,11,86,3.6,2.22,74,62,69,73,High,Yes,Yes,High School,High,4.8,2.5,High,Poor,9,Pass,Good
2148,Male,20,College-1,62,6.3,2.03,84,57,71,78,Medium,Yes,Yes,High School,Low,7.2,7.0,High,Excellent,15,Pass,Good
2149,Female,16,10,93,3.9,2.07,94,68,78,79,Medium,Yes,Yes,Postgraduate,High,6.6,7.0,Medium,Average,7,Pass,Good
2150,Female,18,10,84,4.2,2.39,96,56,84,82,High,Yes,No,Postgraduate,Low,5.8,5.9,Low,Excellent,9,Pass,Good
2151,Female,16,10,98,3.7,2.94,100,66,77,81,Low,Yes,Yes,Graduate,High,6.8,7.1,Medium,Poor,6,Pass,Good
2152,Male,15,10,71,4.1,2.99,100,50,71,80,High,No,No,Graduate,Medium,6.5,6.9,Low,Good,13,Pass,Good
2153,Female,22,College-1,82,5.4,3.67,100,71,77,85,Medium,Yes,Yes,Graduate,High,8.6,2.7,Medium,Average,10,Pass,Excellent
2154,Female,20,9,74,3.3,2.38,86,52,74,68,High,No,No,High School,Medium,7.9,4.3,Medium,Average,12,Pass,Average
2155,Male,21,College-2,72,4.1,3.36,100,63,77,80,High,Yes,Yes,Postgraduate,Medium,5.9,6.6,Low,Poor,12,Pass,Good
2156,Female,21,11,57,3.2,3.57,100,45,66,69,High,No,No,High School,High,6.4,7.3,Medium,Poor,16,Pass,Average
2157,Male,16,College-1,92,3.9,2.02,92,72,80,79,Low,No,No,Graduate,High,8.4,7.9,Low,Average,7,Pass,Good
2158,Male,18,10,98,4.4,2.5,100,70,88,87,High,Yes,Yes,Graduate,High,6.8,4.0,Medium,Average,6,Pass,Excellent
2159,Female,18,College-1,67,6.4,2.63,100,70,93,91,High,Yes,Yes,High School,Medium,6.5,3.4,High,Average,14,Pass,Excellent
2160,Female,22,12,79,1.6,3.34,94,53,77,69,High,Yes,Yes,Postgraduate,Medium,5.0,4.7,Low,Average,11,Pass,Average
2161,Male,18,9,93,4.9,3.12,100,66,88,84,High,Yes,Yes,Postgraduate,High,7.4,3.0,Medium,Poor,7,Pass,Good
2162,Male,20,10,99,6.6,3.4,100,88,86,96,High,No,Yes,Postgraduate,Medium,8.8,7.5,Medium,Good,6,Pass,Excellent
2163,Male,15,10,73,2.9,2.64,93,48,64,70,Medium,No,Yes,High School,Low,8.3,5.3,Low,Average,12,Pass,Good
2164,Female,16,12,77,4.3,3.22,100,64,86,83,High,No,Yes,High School,Low,6.0,3.1,Low,Good,11,Pass,Good
2165,Female,22,12,53,4.7,3.81,100,52,77,77,Low,Yes,Yes,High School,High,5.3,4.8,Low,Good,17,Pass,Good
2166,Male,16,12,84,4.1,3.28,100,66,81,82,Low,Yes,Yes,Postgraduate,Medium,6.8,6.5,Medium,Poor,9,Pass,Good
2167,Female,15,College-1,56,4.3,2.3,71,46,56,58,Medium,No,No,Postgraduate,Low,7.8,7.8,High,Poor,16,Pass,Average
2168,Male,21,12,77,6.6,3.41,100,68,79,92,Low,No,No,High School,Low,5.6,7.0,High,Good,11,Pass,Excellent
2169,Male,17,College-1,73,6.9,2.01,100,71,91,89,Medium,Yes,Yes,Postgraduate,Low,5.9,3.0,High,Good,12,Pass,Excellent
2170,Male,19,12,83,4.0,3.55,100,52,73,77,High,Yes,Yes,Graduate,Medium,4.7,6.1,High,Good,10,Pass,Good
2171,Male,15,12,62,4.6,3.65,100,48,75,76,Medium,No,No,Graduate,Medium,7.4,1.7,Low,Average,15,Pass,Good
2172,Female,19,College-2,54,4.0,3.37,97,43,78,73,Medium,Yes,No,High School,Low,4.8,2.2,High,Poor,17,Pass,Good
2173,Female,21,12,93,4.2,2.05,82,57,72,79,Low,No,No,High School,Low,5.3,4.6,High,Average,7,Pass,Good
2174,Male,17,11,99,1.9,3.15,100,60,80,83,High,Yes,Yes,High School,Low,7.9,2.8,High,Poor,6,Pass,Good
2175,Female,15,9,72,6.5,3.72,100,62,76,82,Low,No,No,High School,Medium,5.3,4.6,Low,Good,12,Pass,Good
2176,Male,15,10,98,1.4,2.27,89,48,67,70,High,Yes,No,High School,High,7.8,7.9,Low,Excellent,6,Pass,Good
2177,Male,18,12,66,5.2,2.48,88,65,77,78,High,No,No,Graduate,Low,8.2,6.5,High,Good,14,Pass,Good
2178,Female,19,9,59,6.9,3.05,100,61,72,79,Medium,No,Yes,High School,High,7.0,3.5,High,Poor,16,Pass,Good
2179,Female,15,11,82,3.2,3.51,100,63,88,86,Low,Yes,Yes,Graduate,Medium,4.6,7.8,Low,Poor,10,Pass,Excellent
2180,Female,16,12,53,5.3,2.94,96,61,73,80,Medium,Yes,Yes,High School,High,6.7,3.0,Medium,Good,17,Pass,Good
2181,Male,22,11,75,4.7,3.83,100,63,83,81,Medium,No,No,Graduate,Low,8.5,5.8,Medium,Average,12,Pass,Good
2182,Male,16,College-1,64,3.8,3.7,100,49,69,76,Low,Yes,No,Postgraduate,High,7.8,6.4,Low,Average,14,Pass,Good
2183,Male,18,11,72,6.9,3.89,100,69,76,88,Low,No,Yes,High School,Medium,5.1,4.7,High,Good,12,Pass,Excellent
2184,Male,21,10,80,7.8,2.86,100,78,82,95,Medium,No,Yes,Graduate,Medium,6.2,5.8,Low,Good,10,Pass,Excellent
2185,Male,15,10,91,4.9,2.77,100,65,90,89,High,No,Yes,Postgraduate,Medium,5.6,2.7,Low,Excellent,8,Pass,Excellent
2186,Male,16,9,52,4.7,2.36,90,53,70,71,Medium,No,No,Graduate,Medium,6.9,3.4,Medium,Excellent,17,Pass,Good
2187,Female,16,College-1,62,5.7,2.07,91,68,72,77,Medium,No,No,Graduate,High,7.4,7.0,Medium,Excellent,15,Pass,Good
2188,Male,21,College-1,64,5.3,3.33,100,48,76,75,High,Yes,Yes,Postgraduate,High,4.9,7.5,Low,Good,14,Pass,Good
2189,Female,17,9,57,5.9,2.86,100,56,76,84,High,No,No,High School,High,6.7,7.2,High,Excellent,16,Pass,Good
2190,Male,15,11,86,5.1,2.36,96,65,81,88,High,No,No,Postgraduate,High,6.2,4.5,Medium,Excellent,9,Pass,Excellent
2191,Male,22,College-1,57,7.6,3.39,100,58,75,87,High,No,Yes,Graduate,High,6.2,6.7,High,Poor,16,Pass,Excellent
2192,Male,22,College-2,89,7.2,2.2,100,87,95,98,Low,Yes,No,High School,Medium,4.6,4.7,Medium,Average,8,Pass,Excellent
2193,Female,16,11,57,4.7,2.99,100,45,77,75,High,No,Yes,High School,Low,6.2,3.8,High,Good,16,Pass,Good
2194,Male,22,College-1,52,6.5,2.48,86,49,72,73,Medium,Yes,No,Postgraduate,High,6.2,1.3,Low,Average,17,Pass,Good
2195,Female,22,College-1,96,4.9,3.58,100,76,86,91,High,Yes,No,High School,High,7.5,3.3,High,Excellent,6,Pass,Excellent
2196,Female,18,College-2,94,2.4,3.75,100,63,84,78,Medium,Yes,Yes,Postgraduate,Medium,6.3,5.4,Low,Average,7,Pass,Good
2197,Female,18,College-2,72,5.5,3.39,100,67,78,81,Medium,Yes,Yes,Graduate,Medium,7.2,6.6,Low,Poor,12,Pass,Good
2198,Male,16,12,66,1.4,3.91,99,35,68,68,High,No,No,Graduate,Medium,8.7,3.5,Low,Excellent,14,Pass,Average
2199,Female,18,College-2,99,8.0,3.76,100,93,91,100,Medium,Yes,No,Graduate,Low,6.5,7.9,High,Excellent,6,Pass,Excellent
2200,Female,22,12,60,5.0,2.59,97,62,74,76,Low,Yes,No,High School,Low,7.2,1.2,High,Good,15,Pass,Good
2201,Female,21,11,69,2.7,3.98,100,40,72,67,Medium,Yes,No,Graduate,Low,4.8,5.5,Medium,Excellent,13,Pass,Average
2202,Male,20,College-2,79,7.9,2.09,93,82,79,90,High,No,Yes,Postgraduate,Low,6.8,7.9,Medium,Poor,11,Pass,Excellent
2203,Female,21,12,65,2.8,2.94,84,40,58,66,Medium,No,No,Graduate,High,7.7,7.1,Low,Good,14,Pass,Average
2204,Female,18,College-2,64,6.2,3.94,100,66,83,87,Low,No,Yes,Graduate,High,5.3,2.1,High,Poor,14,Pass,Excellent
2205,Male,18,12,73,4.9,3.04,100,65,81,86,Medium,No,No,Graduate,Medium,4.8,7.8,Medium,Average,12,Pass,Excellent
2206,Female,17,College-1,76,1.8,3.99,100,48,81,78,Medium,Yes,No,Postgraduate,Medium,5.0,4.1,Medium,Good,11,Pass,Good
2207,Female,21,College-1,55,1.9,3.17,98,45,76,70,Low,No,Yes,Graduate,Medium,5.4,7.5,Low,Poor,17,Pass,Good
2208,Male,18,12,74,5.5,2.73,100,72,92,88,High,No,No,High School,Low,6.0,3.4,Low,Excellent,12,Pass,Excellent
2209,Female,17,9,62,2.9,2.67,95,35,59,61,Low,No,No,High School,Medium,8.4,6.7,Medium,Excellent,15,Pass,Average
2210,Male,19,12,54,3.2,2.86,89,40,60,65,Low,Yes,Yes,High School,Medium,8.7,6.6,High,Poor,17,Pass,Average
2211,Female,19,College-1,60,5.1,3.07,93,62,77,79,High,Yes,Yes,Graduate,High,6.5,5.3,Low,Excellent,15,Pass,Good
2212,Male,20,College-2,98,7.5,3.04,100,86,100,98,High,Yes,Yes,Graduate,Low,5.6,6.1,Low,Average,6,Pass,Excellent
2213,Male,20,College-2,68,6.0,3.11,100,55,79,80,High,No,Yes,Postgraduate,Low,4.6,8.0,Low,Average,13,Pass,Good
2214,Female,21,12,54,1.7,2.84,76,45,54,58,Medium,No,Yes,Postgraduate,Low,7.7,5.0,Low,Good,17,Pass,Average
2215,Female,20,College-1,86,4.7,2.1,84,75,87,79,Low,Yes,No,High School,High,5.4,6.4,Low,Poor,9,Pass,Good
2216,Female,21,11,65,2.6,2.87,92,46,76,72,Medium,Yes,Yes,High School,Medium,7.8,2.8,High,Good,14,Pass,Good
2217,Female,20,9,53,3.1,3.51,100,52,71,70,High,No,Yes,Postgraduate,High,8.7,5.0,High,Good,17,Pass,Good
2218,Female,21,11,62,6.6,2.45,100,58,79,79,Low,Yes,No,High School,Low,5.1,1.9,High,Good,15,Pass,Good
2219,Male,19,9,99,3.5,2.24,78,67,80,78,High,Yes,No,Graduate,High,5.6,4.8,Medium,Average,6,Pass,Good
2220,Female,21,11,93,5.5,3.09,100,67,80,92,Medium,Yes,Yes,Graduate,High,6.8,3.5,High,Excellent,7,Pass,Excellent
2221,Female,20,10,59,7.7,2.48,100,65,76,88,Medium,Yes,Yes,Postgraduate,High,6.5,2.1,High,Good,16,Pass,Excellent
2222,Male,16,12,71,5.4,3.5,100,57,74,77,Medium,Yes,Yes,Graduate,Low,6.6,4.9,High,Good,13,Pass,Good
2223,Male,20,College-2,73,7.1,3.32,100,71,85,87,Low,No,Yes,Postgraduate,Medium,4.6,6.2,High,Average,12,Pass,Excellent
2224,Female,15,12,89,1.5,2.48,75,58,71,65,Medium,No,No,Graduate,Medium,7.8,2.3,High,Average,8,Pass,Average
2225,Female,18,College-2,98,1.4,3.74,100,46,72,70,Medium,Yes,No,High School,Low,8.7,1.6,High,Excellent,6,Pass,Good
2226,Female,18,College-1,80,6.0,3.29,100,69,80,90,Low,Yes,Yes,Graduate,Low,8.0,6.3,Medium,Excellent,10,Pass,Excellent
2227,Female,17,9,80,4.2,2.72,96,52,71,80,Low,No,No,Graduate,Low,5.3,4.2,Low,Excellent,10,Pass,Good
2228,Male,15,College-2,62,4.7,3.53,100,61,88,82,High,No,No,Graduate,High,7.1,3.8,High,Average,15,Pass,Good
2229,Female,18,10,73,5.6,3.51,100,66,82,88,High,Yes,Yes,Graduate,Medium,8.1,3.2,Medium,Poor,12,Pass,Excellent
2230,Male,21,10,76,6.0,3.9,100,72,92,86,High,No,Yes,High School,High,7.7,4.3,Medium,Good,11,Pass,Excellent
2231,Male,18,College-2,99,5.5,3.41,100,70,87,88,Medium,Yes,Yes,Postgraduate,Medium,8.9,5.1,Medium,Average,6,Pass,Excellent
2232,Female,22,College-1,81,4.4,2.39,98,64,84,84,Low,No,Yes,High School,Low,6.4,3.8,Low,Poor,10,Pass,Good
2233,Male,20,9,51,6.5,3.01,100,61,73,79,Medium,No,No,Postgraduate,Medium,4.9,2.8,Low,Good,18,Pass,Good
2234,Male,15,College-2,87,6.4,2.8,100,85,84,90,Medium,No,No,High School,Medium,7.9,5.0,Low,Average,9,Pass,Excellent
2235,Male,19,College-1,80,7.0,3.95,100,77,93,93,Low,Yes,No,High School,Medium,8.5,3.1,Low,Excellent,10,Pass,Excellent
2236,Male,21,12,59,6.2,3.73,100,56,77,80,Medium,No,No,Graduate,Medium,4.8,5.6,Low,Good,16,Pass,Good
2237,Male,16,9,96,6.5,3.54,100,85,94,100,Medium,No,Yes,Graduate,Low,5.1,6.6,Medium,Excellent,6,Pass,Excellent
2238,Female,21,12,54,5.4,3.02,100,46,66,71,High,No,No,Postgraduate,Medium,7.6,2.3,Medium,Average,17,Pass,Good
2239,Female,21,College-1,100,6.9,2.24,96,83,88,95,High,Yes,Yes,High School,Low,8.6,1.6,Medium,Average,5,Pass,Excellent
2240,Female,18,11,74,7.5,3.43,100,74,93,92,High,Yes,No,Postgraduate,Low,8.3,5.0,High,Poor,12,Pass,Excellent
2241,Male,17,College-2,92,4.5,3.19,100,70,85,86,Medium,Yes,No,Postgraduate,High,6.9,2.6,High,Average,7,Pass,Excellent
2242,Female,19,10,92,3.8,3.15,100,69,86,84,High,Yes,No,High School,High,8.7,1.8,High,Good,7,Pass,Good
2243,Male,15,11,75,7.2,2.12,96,69,86,91,High,Yes,No,Graduate,Low,6.3,8.0,Medium,Excellent,12,Pass,Excellent
2244,Male,20,10,97,7.8,2.11,100,93,91,100,High,No,Yes,Postgraduate,Medium,8.1,6.9,Medium,Average,6,Pass,Excellent
2245,Female,22,College-2,80,7.5,3.19,100,84,96,95,Low,No,No,Graduate,High,8.5,6.4,High,Poor,10,Pass,Excellent
2246,Female,17,12,80,1.6,3.21,100,57,73,74,Low,Yes,Yes,Postgraduate,Low,5.3,5.1,Low,Poor,10,Pass,Good
2247,Male,18,12,63,7.9,2.94,100,74,79,92,High,No,Yes,Graduate,Medium,6.3,5.0,Medium,Poor,15,Pass,Excellent
2248,Female,21,9,94,1.9,2.53,96,66,84,83,Medium,No,No,Graduate,High,7.2,1.5,High,Average,7,Pass,Good
2249,Female,18,9,59,2.5,3.38,99,49,81,76,High,Yes,Yes,Postgraduate,High,6.2,7.2,Low,Average,16,Pass,Good
2250,Female,21,11,65,3.5,3.05,100,43,74,74,Medium,Yes,No,Postgraduate,High,5.1,7.0,Medium,Excellent,14,Pass,Good
2251,Male,16,College-1,67,3.9,2.91,90,59,73,77,Medium,Yes,Yes,Postgraduate,Medium,7.5,3.2,Medium,Excellent,14,Pass,Good
2252,Female,15,9,97,3.2,2.05,82,71,71,81,Low,No,No,Postgraduate,Medium,8.7,3.5,Medium,Good,6,Pass,Good
2253,Female,19,12,81,4.0,3.62,100,63,85,84,Medium,Yes,Yes,High School,Medium,7.1,4.1,Medium,Excellent,10,Pass,Good
2254,Male,16,College-1,67,6.2,3.91,100,58,75,80,Low,No,Yes,High School,Low,6.3,2.6,Medium,Good,14,Pass,Good
2255,Female,15,11,63,4.8,3.97,100,55,74,81,High,Yes,No,Graduate,Low,7.4,2.7,Medium,Poor,15,Pass,Good
2256,Female,18,12,89,4.3,2.33,82,64,76,74,Medium,Yes,No,Postgraduate,Low,8.6,4.9,High,Poor,8,Pass,Good
2257,Female,22,11,78,6.3,2.78,100,66,89,85,High,No,No,Graduate,Low,6.7,6.0,Low,Poor,11,Pass,Excellent
2258,Male,20,10,90,5.3,3.92,100,73,80,87,Medium,No,No,Graduate,Medium,5.6,2.8,Medium,Good,8,Pass,Excellent
2259,Female,16,College-1,65,4.1,3.02,100,57,84,79,Low,No,No,Graduate,Medium,5.2,2.0,High,Average,14,Pass,Good
2260,Female,20,College-2,58,6.1,3.56,100,59,71,79,Low,No,Yes,Graduate,Medium,8.2,1.3,High,Good,16,Pass,Good
2261,Male,22,9,68,1.2,2.45,74,35,55,52,Low,Yes,Yes,High School,Low,7.8,1.5,Medium,Good,13,Pass,Poor
2262,Male,21,10,65,2.4,3.43,100,49,76,69,High,Yes,Yes,Postgraduate,Medium,8.4,2.4,Low,Excellent,14,Pass,Average
2263,Female,21,10,85,4.4,3.01,100,58,86,85,Low,No,No,High School,High,7.3,5.4,High,Average,9,Pass,Excellent
2264,Male,15,College-2,77,6.9,3.31,100,79,91,93,High,No,No,Graduate,High,6.4,5.0,Low,Excellent,11,Pass,Excellent
2265,Male,17,College-2,95,2.0,3.79,100,49,66,71,Low,No,No,High School,Medium,6.3,7.6,High,Average,7,Pass,Good
2266,Male,16,12,72,3.0,2.61,79,52,70,64,Medium,No,Yes,Postgraduate,High,5.6,3.3,High,Excellent,12,Pass,Average
2267,Female,15,12,60,2.9,3.43,100,51,81,78,Medium,No,Yes,Postgraduate,High,7.4,4.9,Low,Good,15,Pass,Good
2268,Female,15,11,62,6.2,2.28,96,58,80,85,Low,Yes,Yes,Graduate,High,6.0,5.4,Medium,Excellent,15,Pass,Excellent
2269,Male,22,College-1,61,1.5,2.78,79,45,68,64,Medium,Yes,No,Postgraduate,High,5.1,1.7,Low,Poor,15,Pass,Average
2270,Male,21,College-2,68,7.8,2.17,100,66,90,92,Low,Yes,No,Postgraduate,Low,7.8,2.2,Low,Excellent,13,Pass,Excellent
2271,Male,18,College-1,85,2.8,3.72,100,49,79,74,Medium,No,No,Postgraduate,Medium,8.6,2.4,Low,Excellent,9,Pass,Good
2272,Male,20,College-2,80,4.4,2.71,94,62,79,84,High,No,No,Postgraduate,Low,9.0,3.4,Medium,Poor,10,Pass,Good
2273,Male,15,College-2,68,1.3,3.5,100,49,82,68,High,No,No,Postgraduate,Medium,6.0,6.8,Low,Average,13,Pass,Average
2274,Male,19,9,71,4.4,2.95,94,48,79,80,Low,No,Yes,Graduate,Low,5.8,3.5,Medium,Good,13,Pass,Good
2275,Female,21,12,87,2.7,3.34,100,50,69,74,Low,Yes,No,High School,High,6.3,1.1,Medium,Excellent,9,Pass,Good
2276,Male,17,College-2,92,5.6,3.66,100,81,91,98,Medium,Yes,No,Postgraduate,High,4.7,1.3,High,Poor,7,Pass,Excellent
2277,Male,18,College-2,91,3.7,2.48,95,74,87,82,Medium,Yes,Yes,Graduate,Medium,7.2,3.2,Medium,Average,8,Pass,Good
2278,Male,20,9,60,3.1,3.49,100,36,76,71,Medium,Yes,No,Graduate,High,6.0,4.6,High,Excellent,15,Pass,Good
2279,Male,19,College-2,75,5.9,2.08,79,65,75,78,High,No,No,Postgraduate,Low,7.5,1.2,Medium,Poor,12,Pass,Good
2280,Male,16,12,69,1.1,2.88,93,48,78,65,Low,Yes,No,Graduate,High,7.1,1.8,High,Poor,13,Pass,Average
2281,Male,20,9,64,7.3,2.59,100,61,77,81,Low,No,No,Graduate,Medium,5.5,5.4,Medium,Excellent,14,Pass,Good
2282,Female,22,12,59,3.6,2.7,91,40,61,63,Low,Yes,No,Graduate,High,5.5,2.1,High,Good,16,Pass,Average
2283,Female,18,College-2,81,3.0,3.13,100,64,88,85,Low,Yes,No,Graduate,Low,4.7,1.4,Medium,Poor,10,Pass,Excellent
2284,Female,15,11,67,2.2,2.53,79,48,57,59,Medium,Yes,No,High School,Medium,8.7,6.8,Medium,Good,14,Pass,Average
2285,Female,16,College-2,72,5.8,3.2,100,74,88,88,High,Yes,Yes,Postgraduate,Medium,6.8,5.4,High,Poor,12,Pass,Excellent
2286,Male,21,11,66,5.2,2.04,78,66,70,71,High,Yes,No,High School,Medium,6.7,4.0,High,Excellent,14,Pass,Good
2287,Male,21,College-2,50,5.9,2.24,88,52,70,77,Low,Yes,No,High School,Medium,6.7,5.6,Low,Good,18,Pass,Good
2288,Female,16,College-2,72,3.4,3.63,100,47,67,74,Medium,No,Yes,High School,High,4.9,2.4,High,Good,12,Pass,Good
2289,Female,15,College-1,67,7.5,3.55,100,71,77,88,Medium,Yes,Yes,Graduate,Low,8.4,5.4,Medium,Poor,14,Pass,Excellent
2290,Male,18,10,59,3.7,3.33,100,44,79,70,Medium,No,Yes,Graduate,Low,5.4,1.2,Low,Average,16,Pass,Good
2291,Male,19,12,76,1.9,2.88,92,56,76,68,High,No,No,Graduate,High,6.5,6.0,High,Average,11,Pass,Average
2292,Male,21,12,86,3.0,2.15,83,63,76,71,High,No,Yes,Postgraduate,Medium,7.2,2.4,Low,Excellent,9,Pass,Good
2293,Male,18,9,91,4.0,3.53,100,61,74,80,Medium,No,Yes,Graduate,Low,6.5,4.5,Medium,Poor,8,Pass,Good
2294,Male,21,12,63,4.9,2.2,83,49,74,75,Medium,Yes,Yes,High School,Medium,6.9,2.3,Low,Poor,15,Pass,Good
2295,Male,16,11,57,7.1,3.39,100,74,90,91,Medium,Yes,No,Postgraduate,Low,5.5,4.7,Medium,Excellent,16,Pass,Excellent
2296,Female,17,10,65,2.8,3.61,96,48,77,76,High,No,No,High School,Medium,4.9,3.2,Medium,Poor,14,Pass,Good
2297,Female,16,College-2,59,3.9,2.29,85,56,66,71,High,Yes,No,Postgraduate,Low,8.9,2.2,Low,Good,16,Pass,Good
2298,Male,21,10,52,7.7,2.58,92,64,85,81,High,Yes,Yes,Postgraduate,High,5.1,1.4,Medium,Good,17,Pass,Good
2299,Male,21,College-1,61,7.1,3.87,100,73,84,87,High,Yes,Yes,Graduate,Low,6.4,3.8,Medium,Average,15,Pass,Excellent
2300,Male,17,9,80,7.9,2.91,100,75,79,94,Low,No,No,High School,Medium,4.7,5.8,Low,Excellent,10,Pass,Excellent
2301,Male,16,10,50,5.4,2.98,100,52,82,74,Low,No,Yes,Postgraduate,Low,8.9,7.6,Medium,Average,18,Pass,Good
2302,Male,19,College-1,59,5.2,3.15,99,55,77,83,High,Yes,No,Graduate,Medium,8.2,2.2,Medium,Average,16,Pass,Good
2303,Female,17,College-2,91,1.6,2.72,86,57,64,74,Medium,No,Yes,Graduate,Medium,6.9,6.5,High,Average,8,Pass,Good
2304,Male,22,11,80,6.9,2.73,97,72,86,86,Low,Yes,No,Postgraduate,Medium,6.1,5.5,Low,Poor,10,Pass,Excellent
2305,Male,19,10,96,2.3,3.26,96,56,79,74,Low,Yes,Yes,Graduate,High,6.5,2.0,Medium,Excellent,6,Pass,Good
2306,Male,15,12,66,1.1,2.06,75,35,53,52,Low,Yes,No,High School,High,4.7,3.2,High,Average,14,Pass,Poor
2307,Male,19,9,54,7.9,2.77,100,63,76,83,High,Yes,Yes,High School,Low,7.8,1.9,Low,Excellent,17,Pass,Good
2308,Male,20,9,55,5.8,2.59,97,54,68,75,High,Yes,Yes,High School,Medium,5.0,6.6,Medium,Excellent,17,Pass,Good
2309,Female,18,11,64,5.5,2.45,100,60,74,78,Low,No,Yes,High School,High,5.2,3.9,Low,Average,14,Pass,Good
2310,Female,20,College-2,95,2.3,3.51,100,52,69,74,Medium,Yes,Yes,Graduate,High,8.7,4.7,Low,Average,7,Pass,Good
2311,Male,22,11,73,7.2,3.33,100,63,84,85,Low,Yes,Yes,Postgraduate,Medium,6.5,3.0,High,Excellent,12,Pass,Excellent
2312,Male,21,College-2,94,6.5,3.97,100,85,98,94,High,Yes,Yes,Graduate,Low,8.0,2.1,Medium,Poor,7,Pass,Excellent
2313,Female,22,10,55,1.5,2.31,76,35,58,54,Low,Yes,No,High School,High,5.2,2.8,Medium,Good,17,Pass,Poor
2314,Female,22,College-2,55,5.0,2.8,95,51,75,79,Low,Yes,No,High School,Low,8.6,5.8,High,Poor,17,Pass,Good
2315,Male,17,12,81,3.8,2.77,92,69,73,82,Low,Yes,Yes,Postgraduate,High,8.6,4.2,High,Poor,10,Pass,Good
2316,Male,15,9,79,2.1,2.94,94,51,77,73,High,Yes,No,Graduate,Low,8.7,7.8,Medium,Poor,11,Pass,Good
2317,Female,18,11,95,7.3,2.3,100,76,83,93,High,Yes,No,Postgraduate,High,6.5,6.7,Low,Poor,7,Pass,Excellent
2318,Male,17,10,66,7.1,3.32,100,62,81,82,Low,No,No,High School,High,6.6,7.1,Low,Poor,14,Pass,Good
2319,Male,18,11,77,7.4,3.04,100,76,83,91,High,No,No,Graduate,Low,5.7,1.4,Low,Excellent,11,Pass,Excellent
2320,Female,15,11,68,4.0,2.47,90,52,73,77,High,No,Yes,High School,High,6.0,6.3,Low,Excellent,13,Pass,Good
2321,Female,15,College-2,91,1.7,3.28,98,64,76,82,Medium,No,No,Graduate,High,5.5,5.7,Medium,Poor,8,Pass,Good
2322,Female,19,12,57,4.9,2.03,71,53,62,64,Low,Yes,No,Postgraduate,Low,7.9,2.6,Medium,Excellent,16,Pass,Average
2323,Male,16,College-2,65,4.0,3.33,100,53,72,75,High,No,No,High School,Medium,7.2,1.2,Low,Average,14,Pass,Good
2324,Male,20,10,80,1.1,2.65,84,52,74,67,High,Yes,No,Postgraduate,High,8.6,1.8,Medium,Poor,10,Pass,Average
2325,Female,15,12,88,3.5,2.13,80,65,68,72,Low,Yes,No,High School,Medium,8.6,2.1,High,Poor,8,Pass,Good
2326,Male,15,12,55,5.2,3.38,100,55,74,75,High,Yes,Yes,High School,Low,8.4,1.2,High,Poor,17,Pass,Good
2327,Male,20,12,79,7.6,3.11,100,73,85,96,Medium,No,Yes,Graduate,Low,6.0,2.0,High,Average,11,Pass,Excellent
2328,Male,18,11,83,7.0,2.25,93,80,81,91,Low,No,No,High School,Low,8.7,7.2,Low,Good,10,Pass,Excellent
2329,Female,17,9,91,4.4,2.36,85,66,71,82,Medium,Yes,No,Graduate,Low,7.6,7.0,Medium,Excellent,8,Pass,Good
2330,Male,15,College-1,54,5.3,2.1,80,61,66,70,Medium,No,No,Graduate,High,7.3,2.0,High,Average,17,Pass,Good
2331,Male,21,College-2,75,3.1,2.92,96,57,72,76,Low,Yes,Yes,High School,Low,8.0,4.4,Medium,Poor,12,Pass,Good
2332,Male,20,College-2,56,5.6,2.41,82,46,71,69,Low,Yes,No,Graduate,High,7.4,2.7,Medium,Good,16,Pass,Average
2333,Male,22,10,95,6.1,3.65,100,73,85,94,High,No,No,High School,High,5.0,2.5,High,Good,7,Pass,Excellent
2334,Male,22,College-1,63,5.1,2.02,86,58,78,71,Low,Yes,Yes,High School,Medium,8.3,2.7,High,Average,15,Pass,Good
2335,Female,16,College-1,58,3.6,3.99,100,43,77,76,Low,Yes,No,Postgraduate,Medium,4.7,1.0,Medium,Average,16,Pass,Good
2336,Male,18,12,84,1.0,3.3,94,54,69,73,Low,No,No,Graduate,Low,6.5,2.9,Medium,Good,9,Pass,Good
2337,Female,17,10,70,3.2,3.97,100,51,74,74,Medium,Yes,Yes,Postgraduate,Low,6.5,4.4,High,Average,13,Pass,Good
2338,Female,17,11,86,5.6,2.12,84,78,81,82,High,No,No,High School,Medium,5.5,7.9,Low,Good,9,Pass,Good
2339,Male,21,12,77,6.4,3.61,100,66,76,84,Medium,No,Yes,Postgraduate,High,5.0,7.2,High,Excellent,11,Pass,Good
2340,Female,20,College-2,63,6.4,3.58,100,66,77,88,Low,Yes,Yes,Graduate,Low,5.5,1.7,High,Poor,15,Pass,Excellent
2341,Male,15,12,62,2.8,3.25,100,35,65,64,Low,Yes,Yes,High School,Medium,4.8,4.4,Medium,Average,15,Pass,Average
2342,Female,19,12,52,4.3,3.66,100,46,69,72,Low,Yes,No,Graduate,Low,8.1,3.7,Medium,Good,17,Pass,Good
2343,Male,22,10,58,5.0,3.78,100,58,74,81,High,Yes,No,Graduate,High,7.2,3.3,High,Poor,16,Pass,Good
2344,Female,19,11,64,3.2,3.84,100,41,75,68,Medium,No,No,Postgraduate,High,8.9,3.2,High,Poor,14,Pass,Average
2345,Female,20,12,96,4.1,3.94,100,59,82,87,Medium,No,Yes,Postgraduate,Low,5.8,2.3,Low,Poor,6,Pass,Excellent
2346,Male,19,College-2,96,3.8,3.47,100,58,71,84,Low,No,Yes,Graduate,High,6.7,3.2,High,Poor,6,Pass,Good
2347,Female,15,9,74,5.4,2.51,93,67,83,83,Low,Yes,No,High School,Low,4.6,1.5,Medium,Excellent,12,Pass,Good
2348,Male,20,12,66,6.9,3.06,100,66,89,88,Low,No,Yes,Graduate,Medium,5.6,4.2,Medium,Average,14,Pass,Excellent
2349,Male,16,10,70,4.1,3.06,100,64,84,85,High,Yes,No,Graduate,Low,4.8,7.8,High,Good,13,Pass,Excellent
2350,Male,22,9,53,4.9,3.2,100,48,69,73,Medium,No,Yes,Postgraduate,Medium,5.0,5.0,High,Good,17,Pass,Good
2351,Male,17,College-2,80,7.6,3.44,100,74,82,97,Low,Yes,No,Graduate,Medium,6.7,6.4,Low,Average,10,Pass,Excellent
2352,Female,20,College-2,73,3.2,2.51,85,50,71,67,High,Yes,No,Postgraduate,Medium,6.2,3.9,Low,Average,12,Pass,Average
2353,Female,22,College-2,61,4.6,3.71,100,57,74,78,High,Yes,No,Postgraduate,High,8.0,7.1,Medium,Poor,15,Pass,Good
2354,Female,21,11,95,7.0,3.06,100,81,82,99,High,No,No,High School,High,8.6,3.1,Low,Good,7,Pass,Excellent
2355,Female,21,11,85,6.2,2.04,95,70,89,87,High,No,Yes,Graduate,High,8.1,4.5,Low,Good,9,Pass,Excellent
2356,Male,22,11,65,2.9,2.2,83,51,62,63,Medium,No,No,Graduate,Medium,5.2,1.8,High,Excellent,14,Pass,Average
2357,Male,20,College-1,98,1.4,3.2,100,51,79,77,High,Yes,Yes,Graduate,Medium,7.2,5.1,High,Excellent,6,Pass,Good
2358,Female,18,College-2,50,4.7,2.89,100,41,62,69,High,No,No,High School,High,6.1,6.3,Medium,Good,18,Pass,Average
2359,Female,15,10,100,4.1,3.99,100,61,83,83,Medium,Yes,Yes,Graduate,Medium,8.8,7.4,Medium,Good,5,Pass,Good
2360,Male,20,12,89,3.0,3.38,100,59,85,81,High,Yes,No,Graduate,Medium,7.4,6.5,High,Good,8,Pass,Good
2361,Female,17,9,72,3.4,2.95,99,49,73,74,High,No,Yes,Postgraduate,Medium,6.0,5.7,Low,Poor,12,Pass,Good
2362,Female,22,9,93,4.1,2.26,99,61,87,83,High,No,Yes,Postgraduate,High,6.6,6.1,Medium,Excellent,7,Pass,Good
2363,Female,19,College-1,51,2.6,3.08,100,35,73,65,Low,No,Yes,Postgraduate,Medium,8.7,6.7,Low,Poor,18,Pass,Average
2364,Female,17,11,80,5.2,2.71,100,71,91,85,Medium,Yes,No,Graduate,High,6.3,1.7,Low,Poor,10,Pass,Excellent
2365,Female,15,9,74,2.4,2.04,77,44,62,64,Medium,Yes,No,Graduate,High,7.6,5.1,Medium,Poor,12,Pass,Average
2366,Male,19,College-2,80,5.4,3.34,100,73,80,89,High,Yes,Yes,High School,Medium,5.1,1.4,Medium,Average,10,Pass,Excellent
2367,Male,16,College-2,61,6.8,2.35,92,73,83,88,Medium,No,Yes,High School,High,6.4,7.0,High,Average,15,Pass,Excellent
2368,Female,16,11,86,6.9,2.49,96,84,86,90,Medium,No,No,High School,Low,6.4,2.8,High,Average,9,Pass,Excellent
2369,Female,19,10,51,6.7,3.81,100,60,84,81,Low,No,Yes,Postgraduate,High,8.2,4.9,Low,Excellent,18,Pass,Good
2370,Female,18,12,72,7.2,2.57,98,78,96,94,High,No,Yes,Graduate,High,7.5,7.2,High,Good,12,Pass,Excellent
2371,Female,18,9,53,6.1,2.36,93,62,73,81,Medium,Yes,No,High School,Medium,4.5,7.9,Medium,Average,17,Pass,Good
2372,Male,22,10,60,4.0,3.72,100,60,81,75,Medium,No,No,Postgraduate,Low,7.3,2.0,High,Good,15,Pass,Good
2373,Female,22,College-1,88,1.6,2.87,86,58,79,69,Medium,Yes,Yes,Graduate,Low,5.3,4.7,Medium,Excellent,8,Pass,Average
2374,Male,20,12,95,7.1,3.73,100,83,88,97,Low,Yes,Yes,High School,Low,8.0,5.2,Medium,Poor,7,Pass,Excellent
2375,Male,22,9,66,1.5,2.2,62,35,48,49,Low,No,No,Graduate,High,8.5,4.2,Low,Good,14,Fail,Poor
2376,Male,15,9,89,3.8,2.16,80,64,70,77,High,No,No,Graduate,Medium,8.1,3.2,Medium,Average,8,Pass,Good
2377,Male,22,11,55,6.7,3.45,100,65,82,86,Medium,Yes,No,High School,Low,6.6,5.9,Low,Poor,17,Pass,Excellent
2378,Male,16,9,95,7.5,2.89,100,81,89,95,Low,No,Yes,Graduate,Low,9.0,6.9,Low,Average,7,Pass,Excellent
2379,Female,20,11,60,7.6,3.97,100,60,78,81,High,No,No,High School,Low,7.5,2.8,High,Good,15,Pass,Good
2380,Male,15,11,55,7.8,3.44,100,71,79,91,Medium,Yes,Yes,Graduate,High,5.7,3.4,Low,Poor,17,Pass,Excellent
2381,Female,21,College-1,95,1.8,3.82,100,59,72,80,Low,No,No,Graduate,High,8.7,5.3,Medium,Excellent,7,Pass,Good
2382,Female,15,11,53,6.9,3.78,100,55,79,79,Low,Yes,No,Graduate,Medium,5.7,4.5,Low,Excellent,17,Pass,Good
2383,Male,17,12,87,7.1,2.83,100,84,94,98,Medium,Yes,Yes,Graduate,High,7.5,5.8,High,Poor,9,Pass,Excellent
2384,Male,17,12,74,1.4,2.15,76,44,63,57,Medium,No,No,High School,Medium,8.8,1.1,Medium,Good,12,Pass,Average
2385,Male,15,College-2,55,7.3,2.27,90,58,78,77,Medium,Yes,Yes,Graduate,Low,8.6,3.0,Low,Excellent,17,Pass,Good
2386,Female,17,11,92,4.6,2.35,99,67,89,92,Low,No,Yes,Graduate,Low,6.4,6.4,Low,Excellent,7,Pass,Excellent
2387,Female,20,College-1,74,5.6,2.09,93,57,75,81,Medium,Yes,Yes,Postgraduate,High,4.9,5.6,High,Excellent,12,Pass,Good
2388,Male,22,12,75,3.9,2.5,93,49,73,78,Low,Yes,No,Graduate,Low,5.0,1.3,High,Poor,12,Pass,Good
2389,Female,16,College-1,50,7.3,2.36,92,62,80,78,High,No,No,Graduate,Low,8.6,4.9,Medium,Excellent,18,Pass,Good
2390,Male,19,10,81,1.9,3.6,100,57,77,76,Low,Yes,Yes,Graduate,Low,4.9,6.1,Medium,Average,10,Pass,Good
2391,Male,17,College-2,97,3.5,2.85,100,64,75,79,Low,No,No,Graduate,High,6.7,2.6,Medium,Excellent,6,Pass,Good
2392,Male,15,College-1,87,6.1,2.06,86,69,79,82,Low,No,Yes,Postgraduate,Low,6.9,7.0,High,Poor,9,Pass,Good
2393,Female,18,12,59,3.5,2.14,77,57,64,69,Low,Yes,No,Graduate,High,8.2,1.3,Medium,Poor,16,Pass,Average
2394,Female,18,12,70,1.9,2.15,75,38,60,57,Low,Yes,No,High School,Medium,6.5,3.7,High,Excellent,13,Pass,Average
2395,Male,21,College-1,62,7.5,2.36,95,69,75,81,Medium,Yes,No,Postgraduate,Medium,8.1,5.3,Low,Excellent,15,Pass,Good
2396,Female,21,11,56,6.7,3.78,100,52,69,83,High,No,No,High School,High,6.9,2.4,High,Average,16,Pass,Good
2397,Female,15,12,51,6.3,3.4,100,67,88,89,Medium,Yes,No,Graduate,High,5.7,1.4,Low,Good,18,Pass,Excellent
2398,Female,22,9,68,4.3,3.66,100,62,80,85,Low,No,Yes,High School,Medium,7.2,1.4,Medium,Good,13,Pass,Excellent
2399,Female,22,11,73,1.8,3.54,100,55,70,76,Medium,No,Yes,Postgraduate,High,5.3,5.8,Low,Good,12,Pass,Good
2400,Female,20,10,61,4.4,2.33,84,42,69,69,Low,Yes,No,Postgraduate,Low,4.6,2.1,High,Good,15,Pass,Average
2401,Male,22,College-1,54,3.2,2.38,73,41,63,61,High,No,No,High School,High,6.2,1.4,Medium,Poor,17,Pass,Average
2402,Male,20,College-2,63,7.9,3.75,100,69,78,85,Low,No,Yes,High School,Low,7.3,5.8,High,Poor,15,Pass,Excellent
2403,Male,18,10,81,2.8,3.47,100,46,75,73,Medium,No,Yes,Graduate,High,8.7,7.8,High,Good,10,Pass,Good
2404,Male,21,9,78,2.6,2.08,69,53,58,62,Medium,No,Yes,Graduate,Low,6.6,5.3,Medium,Poor,11,Pass,Average
2405,Female,16,College-1,59,3.1,2.95,100,44,66,72,Low,No,No,Postgraduate,Medium,8.2,1.9,Low,Excellent,16,Pass,Good
2406,Female,16,11,69,2.5,2.39,78,47,62,61,Low,No,Yes,Graduate,Medium,6.4,5.7,High,Average,13,Pass,Average
2407,Male,15,10,100,5.6,3.23,100,83,96,98,Low,Yes,No,High School,Low,8.9,4.7,Low,Average,5,Pass,Excellent
2408,Male,17,12,94,4.6,3.32,100,60,76,83,Low,No,Yes,High School,Medium,7.3,2.7,Low,Excellent,7,Pass,Good
2409,Female,20,12,74,4.0,3.0,94,59,69,78,High,No,No,High School,Medium,5.9,1.3,High,Poor,12,Pass,Good
2410,Male,15,College-1,72,2.4,2.12,81,54,63,67,Medium,Yes,Yes,Postgraduate,High,9.0,2.4,High,Average,12,Pass,Average
2411,Male,21,10,68,4.2,2.72,99,57,74,81,Medium,No,Yes,Postgraduate,High,4.7,5.8,High,Poor,13,Pass,Good
2412,Male,22,College-1,77,4.8,2.76,100,68,92,90,Low,No,Yes,Graduate,Low,7.1,1.1,High,Good,11,Pass,Excellent
2413,Female,16,College-2,74,3.3,3.55,100,62,77,81,High,No,No,High School,Low,8.7,4.0,Low,Poor,12,Pass,Good
2414,Female,15,11,85,1.4,2.01,78,50,64,64,High,Yes,Yes,Graduate,Medium,5.5,4.9,Medium,Excellent,9,Pass,Average
2415,Male,21,College-2,94,4.2,2.12,79,64,65,71,Medium,No,No,High School,Medium,7.8,1.9,High,Excellent,7,Pass,Good
2416,Male,20,College-2,90,5.8,3.0,100,64,80,85,Low,No,Yes,High School,Medium,5.5,1.2,High,Excellent,8,Pass,Excellent
2417,Female,18,College-2,51,3.0,3.91,100,47,68,71,Low,No,Yes,High School,Medium,8.5,3.3,High,Good,18,Pass,Good
2418,Female,17,12,74,7.9,2.55,100,73,84,95,Low,Yes,No,Postgraduate,High,5.7,5.2,Medium,Excellent,12,Pass,Excellent
2419,Female,15,9,77,1.9,3.84,100,54,77,73,Medium,No,No,Graduate,Medium,6.9,6.8,Medium,Average,11,Pass,Good
2420,Female,19,10,57,5.2,2.63,95,54,70,74,Medium,No,No,Graduate,Medium,7.6,4.6,Low,Average,16,Pass,Good
2421,Female,15,9,86,5.2,3.97,100,74,87,94,Medium,No,Yes,High School,High,9.0,2.1,Low,Excellent,9,Pass,Excellent
2422,Female,17,10,95,7.5,3.08,100,82,87,99,Medium,No,No,Postgraduate,High,5.6,3.9,High,Excellent,7,Pass,Excellent
2423,Female,15,College-1,61,4.9,2.12,82,57,72,69,Medium,Yes,No,Postgraduate,Low,8.5,7.9,High,Good,15,Pass,Average
2424,Male,16,10,99,5.1,3.25,100,85,96,100,Medium,No,No,Graduate,High,6.3,4.4,Low,Excellent,6,Pass,Excellent
2425,Female,20,College-2,54,3.0,3.71,97,35,61,63,High,No,No,Graduate,Medium,8.0,5.0,High,Average,17,Pass,Average
2426,Male,15,College-2,52,1.4,2.54,76,35,62,54,Medium,Yes,Yes,Graduate,High,6.6,4.6,High,Excellent,17,Pass,Poor
2427,Female,21,College-1,93,7.5,3.92,100,77,93,95,Low,Yes,No,High School,High,5.4,4.5,High,Excellent,7,Pass,Excellent
2428,Male,15,12,98,7.4,2.19,100,76,84,95,Medium,Yes,Yes,Graduate,Medium,8.4,6.7,Medium,Average,6,Pass,Excellent
2429,Female,18,11,69,6.8,2.83,100,71,88,94,Medium,No,No,High School,Low,7.4,6.3,Medium,Poor,13,Pass,Excellent
2430,Female,22,11,60,4.6,2.38,92,60,83,77,High,Yes,Yes,Graduate,High,7.7,7.1,Low,Good,15,Pass,Good
2431,Female,19,College-2,70,2.1,3.57,99,42,63,71,Low,Yes,Yes,Postgraduate,Low,8.1,4.7,High,Excellent,13,Pass,Good
2432,Female,21,12,79,5.9,2.45,91,77,85,86,High,No,Yes,Graduate,Medium,5.8,6.4,Medium,Average,11,Pass,Excellent
2433,Female,16,College-1,66,5.5,3.83,100,54,85,83,Low,No,No,Postgraduate,High,7.9,6.0,Low,Poor,14,Pass,Good
2434,Male,21,College-2,52,5.2,3.97,100,58,76,79,Medium,Yes,Yes,High School,High,6.5,3.0,Low,Excellent,17,Pass,Good
2435,Male,20,College-2,72,4.5,3.55,100,57,86,85,Medium,No,Yes,Graduate,High,8.8,4.3,High,Good,12,Pass,Excellent
2436,Female,18,11,64,2.9,2.7,80,56,64,67,Medium,Yes,No,Postgraduate,Low,8.9,7.2,High,Poor,14,Pass,Average
2437,Female,22,College-1,76,7.0,2.48,100,82,92,96,High,No,No,Postgraduate,Low,5.5,7.6,High,Excellent,11,Pass,Excellent
2438,Male,21,11,63,8.0,3.05,100,81,85,96,High,Yes,Yes,Postgraduate,High,7.8,1.9,Low,Good,15,Pass,Excellent
2439,Female,15,11,66,2.8,3.17,100,57,84,81,Low,No,Yes,Postgraduate,Medium,6.7,4.9,High,Poor,14,Pass,Good
2440,Male,21,11,90,3.8,2.37,91,59,75,79,Medium,Yes,Yes,Graduate,High,5.1,5.7,High,Poor,8,Pass,Good
2441,Female,22,College-2,66,6.2,4.0,100,61,86,81,Medium,Yes,Yes,Postgraduate,High,4.7,4.6,High,Excellent,14,Pass,Good
2442,Male,20,12,62,3.7,2.6,85,47,61,62,High,Yes,Yes,Graduate,Low,8.1,6.7,High,Poor,15,Pass,Average
2443,Female,22,College-1,56,3.9,3.21,100,47,70,69,High,No,Yes,Graduate,High,8.6,1.7,Medium,Average,16,Pass,Average
2444,Female,20,12,62,7.7,3.15,100,61,78,86,Low,No,Yes,Graduate,Medium,4.8,5.5,Medium,Poor,15,Pass,Excellent
2445,Female,22,9,59,1.8,2.09,72,44,63,57,Low,No,Yes,Postgraduate,Low,4.6,1.1,Medium,Average,16,Pass,Average
2446,Male,22,12,82,7.3,2.84,100,86,85,95,High,Yes,Yes,Postgraduate,High,4.7,5.5,Medium,Average,10,Pass,Excellent
2447,Female,20,10,95,7.1,3.69,100,78,86,94,Low,Yes,No,High School,High,8.8,3.0,Medium,Average,7,Pass,Excellent
2448,Female,19,College-2,84,4.4,2.65,100,60,75,82,High,No,Yes,Postgraduate,High,8.4,1.2,High,Excellent,9,Pass,Good
2449,Male,19,9,92,2.9,3.94,100,62,78,81,High,Yes,No,Graduate,High,8.9,5.0,Low,Good,7,Pass,Good
2450,Female,16,College-1,78,7.0,3.06,100,84,98,100,Low,No,Yes,Postgraduate,Low,5.5,5.5,Low,Average,11,Pass,Excellent
2451,Female,20,12,55,5.6,2.04,82,63,67,73,Medium,Yes,No,Graduate,High,6.5,1.9,Medium,Excellent,17,Pass,Good
2452,Male,17,12,100,1.1,3.43,100,53,68,78,High,No,No,Graduate,Medium,4.9,3.3,High,Good,5,Pass,Good
2453,Male,22,12,79,3.6,3.68,100,58,85,82,Medium,Yes,Yes,Graduate,Low,8.3,6.9,Medium,Good,11,Pass,Good
2454,Male,16,11,89,1.1,2.48,72,59,66,62,High,No,Yes,Graduate,Low,7.9,6.1,Medium,Good,8,Pass,Average
2455,Male,15,12,64,6.9,3.67,100,66,81,87,High,Yes,No,High School,High,8.5,2.5,Low,Poor,14,Pass,Excellent
2456,Male,21,College-1,86,6.6,2.11,87,67,82,83,Low,Yes,No,Graduate,Low,6.2,3.5,Medium,Poor,9,Pass,Good
2457,Male,19,12,67,1.8,3.28,100,46,78,72,Medium,Yes,No,Postgraduate,Low,6.6,6.9,High,Excellent,14,Pass,Good
2458,Female,19,College-2,67,5.3,2.3,94,57,67,73,Medium,No,Yes,Graduate,Low,8.2,7.0,Medium,Good,14,Pass,Good
2459,Male,18,9,89,3.8,3.37,100,67,83,81,Low,No,Yes,Graduate,Medium,6.9,3.7,Medium,Good,8,Pass,Good
2460,Male,16,11,87,7.9,2.39,100,85,98,100,Medium,No,Yes,Graduate,Low,4.6,6.7,High,Average,9,Pass,Excellent
2461,Female,16,12,84,2.3,2.62,96,63,74,78,Medium,Yes,No,Postgraduate,High,5.8,6.8,Low,Average,9,Pass,Good
2462,Male,20,9,92,1.7,2.47,91,46,67,72,High,Yes,Yes,Graduate,High,8.6,3.9,Low,Poor,7,Pass,Good
2463,Female,16,11,67,7.3,3.47,100,79,89,97,Low,Yes,No,High School,Medium,7.2,3.1,High,Poor,14,Pass,Excellent
2464,Female,15,College-2,95,5.4,2.32,100,83,84,97,Medium,Yes,No,Graduate,Low,4.8,7.8,Medium,Excellent,7,Pass,Excellent
2465,Female,22,9,96,3.7,3.37,100,64,79,88,High,Yes,No,Postgraduate,High,5.0,6.3,High,Good,6,Pass,Excellent
2466,Male,19,9,85,2.1,3.25,100,58,81,75,Low,Yes,Yes,High School,Low,9.0,1.1,Medium,Poor,9,Pass,Good
2467,Male,19,College-1,97,6.5,2.7,100,90,100,100,Medium,No,No,Graduate,High,8.4,1.6,Low,Good,6,Pass,Excellent
2468,Male,17,12,87,7.8,2.42,100,74,80,97,Low,Yes,No,Postgraduate,Low,6.1,4.5,Low,Excellent,9,Pass,Excellent
2469,Male,18,College-1,98,4.4,2.65,99,66,87,84,High,No,No,Graduate,Low,7.9,1.4,High,Good,6,Pass,Good
2470,Female,21,College-1,66,4.8,3.27,100,50,77,77,Medium,Yes,No,High School,Low,5.3,2.7,High,Good,14,Pass,Good
2471,Female,18,9,73,6.6,2.41,98,59,86,87,Medium,No,Yes,Graduate,Low,5.6,7.3,High,Average,12,Pass,Excellent
2472,Female,21,10,59,3.0,3.48,100,45,79,70,High,Yes,No,High School,Low,5.6,2.0,Medium,Poor,16,Pass,Good
2473,Male,19,9,50,3.9,3.54,100,35,68,64,Medium,Yes,No,High School,Medium,5.7,5.8,High,Good,18,Pass,Average
2474,Female,22,College-2,83,4.1,3.47,100,52,81,82,Low,No,Yes,Postgraduate,Low,5.3,2.3,Medium,Good,10,Pass,Good
2475,Male,16,9,84,1.9,3.51,97,54,81,75,Medium,Yes,Yes,Postgraduate,Medium,7.5,3.9,High,Poor,9,Pass,Good
2476,Female,21,10,99,2.5,3.81,100,66,90,84,High,No,Yes,High School,Medium,5.9,1.7,High,Excellent,6,Pass,Good
2477,Male,17,College-2,50,4.7,3.7,100,54,74,72,Low,Yes,No,Graduate,Medium,8.4,5.8,High,Good,18,Pass,Good
2478,Female,21,10,62,6.3,2.54,95,62,73,83,Low,Yes,Yes,Postgraduate,High,6.7,6.3,Low,Good,15,Pass,Good
2479,Male,15,12,99,3.9,3.97,100,77,92,94,Low,No,Yes,Postgraduate,Medium,5.7,2.9,High,Average,6,Pass,Excellent
2480,Male,16,12,88,5.2,2.77,100,66,91,91,Low,No,Yes,Graduate,High,6.0,1.3,Low,Excellent,8,Pass,Excellent
2481,Female,21,College-1,82,3.6,3.5,100,62,79,85,Medium,No,Yes,Graduate,High,6.7,6.6,Low,Excellent,10,Pass,Excellent
2482,Female,15,College-1,89,3.1,3.09,100,69,76,79,Low,Yes,Yes,Graduate,Low,5.1,3.2,Medium,Average,8,Pass,Good
2483,Female,19,11,63,5.9,2.83,91,67,81,78,Low,No,Yes,High School,Low,4.6,6.5,Low,Excellent,15,Pass,Good
2484,Male,19,10,100,6.0,2.83,100,77,82,96,High,No,Yes,High School,High,6.7,4.5,Medium,Excellent,5,Pass,Excellent
2485,Male,16,College-1,71,7.7,2.52,96,81,83,88,High,No,No,Graduate,Low,6.2,6.0,High,Poor,13,Pass,Excellent
2486,Female,15,10,95,7.7,2.32,100,87,99,100,Low,Yes,Yes,High School,Low,8.5,1.7,Low,Excellent,7,Pass,Excellent
2487,Male,16,College-1,83,1.8,2.36,76,44,67,62,Medium,Yes,Yes,Graduate,Low,8.0,1.1,Low,Good,10,Pass,Average
2488,Female,18,9,57,3.7,3.75,100,54,72,78,Low,Yes,Yes,Graduate,High,5.1,4.2,High,Average,16,Pass,Good
2489,Male,22,9,98,3.3,2.34,85,72,70,82,Low,Yes,Yes,Postgraduate,Medium,5.5,7.1,Low,Poor,6,Pass,Good
2490,Male,22,10,98,2.9,3.41,100,54,83,78,Low,No,No,High School,High,7.3,1.6,High,Poor,6,Pass,Good
2491,Female,15,9,77,6.2,3.77,100,66,82,88,Medium,Yes,No,High School,Medium,8.5,5.8,Low,Poor,11,Pass,Excellent
2492,Female,16,10,69,6.9,2.24,91,60,78,85,Low,Yes,Yes,Postgraduate,Medium,7.1,3.6,Medium,Average,13,Pass,Excellent
2493,Female,16,College-2,53,7.1,3.65,100,61,72,79,Low,No,No,Graduate,Medium,8.7,6.8,Low,Average,17,Pass,Good
2494,Male,16,College-1,86,1.3,3.96,100,54,77,76,Medium,Yes,Yes,High School,High,8.1,2.6,Medium,Poor,9,Pass,Good
2495,Male,19,12,75,2.0,2.19,73,50,69,64,Medium,Yes,Yes,High School,High,6.2,3.5,Medium,Good,12,Pass,Average
2496,Male,16,College-2,73,4.6,2.58,92,69,77,85,High,Yes,Yes,High School,Low,7.5,6.0,Low,Poor,12,Pass,Excellent
2497,Female,20,9,74,7.8,3.86,100,78,81,96,Medium,No,Yes,Postgraduate,High,5.0,4.7,Low,Excellent,12,Pass,Excellent
2498,Female,18,College-2,79,4.3,2.8,100,71,82,87,High,No,No,Graduate,High,6.1,1.1,High,Excellent,11,Pass,Excellent
2499,Male,21,College-2,100,7.7,2.51,100,93,90,100,Medium,Yes,No,Graduate,Medium,4.5,7.2,Medium,Poor,5,Pass,Excellent
2500,Female,18,9,66,3.0,3.72,100,41,76,72,Medium,No,No,Graduate,Low,5.1,7.7,High,Poor,14,Pass,Good
2501,Male,20,12,53,2.0,2.85,91,37,65,59,Medium,Yes,No,Postgraduate,Low,7.3,1.1,High,Good,17,Pass,Average
2502,Female,15,College-2,63,3.9,3.22,100,57,75,77,High,Yes,No,Postgraduate,Medium,4.9,7.7,High,Good,15,Pass,Good
2503,Male,17,10,78,1.3,2.88,81,50,58,60,Medium,Yes,No,Graduate,Low,8.3,3.9,High,Poor,11,Pass,Average
2504,Male,22,11,62,2.8,3.99,100,35,70,68,Medium,Yes,Yes,Graduate,Low,4.9,3.9,Medium,Poor,15,Pass,Average
2505,Female,16,9,72,6.4,2.23,88,77,80,86,High,Yes,No,Postgraduate,High,5.7,2.2,Medium,Excellent,12,Pass,Excellent
2506,Female,19,12,56,2.0,2.77,84,36,65,56,High,No,No,High School,Medium,4.8,6.9,Low,Good,16,Pass,Average
2507,Female,15,College-1,72,1.4,4.0,100,40,66,66,High,Yes,No,High School,Low,7.6,5.5,Low,Good,12,Pass,Average
2508,Male,18,10,90,3.3,3.06,97,61,81,83,High,No,No,Postgraduate,Low,8.2,2.8,High,Poor,8,Pass,Good
2509,Male,15,12,86,6.5,2.37,95,84,82,91,Medium,Yes,Yes,Postgraduate,High,6.9,6.5,High,Average,9,Pass,Excellent
2510,Female,17,College-2,53,2.6,2.21,75,49,69,58,High,Yes,Yes,Postgraduate,Low,8.6,3.0,Medium,Poor,17,Pass,Average
2511,Female,15,12,81,7.2,2.71,100,75,88,92,High,Yes,No,High School,High,7.1,1.2,Medium,Excellent,10,Pass,Excellent
2512,Female,21,College-1,80,2.5,3.54,100,52,79,74,Medium,No,Yes,Postgraduate,Medium,7.4,2.7,Low,Excellent,10,Pass,Good
2513,Male,15,11,64,2.1,2.53,77,47,55,60,Medium,No,No,Postgraduate,Low,6.6,2.2,Medium,Poor,14,Pass,Average
2514,Female,21,College-2,93,2.6,2.79,100,56,74,74,High,Yes,No,High School,Medium,5.4,7.2,High,Poor,7,Pass,Good
2515,Female,18,12,87,1.7,2.54,81,55,67,64,Low,Yes,Yes,High School,Low,8.1,2.1,High,Good,9,Pass,Average
2516,Male,16,9,62,3.0,2.96,85,49,63,63,High,No,No,Graduate,Low,5.3,7.0,Low,Excellent,15,Pass,Average
2517,Female,20,12,63,2.8,3.5,100,44,67,70,Medium,No,Yes,High School,High,6.9,7.2,Low,Excellent,15,Pass,Good
2518,Female,18,College-1,82,4.7,2.46,100,54,69,76,Low,Yes,Yes,Graduate,High,7.2,3.8,High,Good,10,Pass,Good
2519,Male,19,9,80,4.5,2.75,100,52,84,77,High,Yes,Yes,Graduate,Medium,9.0,1.7,Medium,Average,10,Pass,Good
2520,Female,18,9,85,4.7,2.41,95,57,82,83,Medium,Yes,Yes,Postgraduate,Low,5.3,1.5,Low,Excellent,9,Pass,Good
2521,Male,15,College-2,58,6.3,3.49,100,59,81,87,High,Yes,No,Postgraduate,Low,7.2,2.4,High,Poor,16,Pass,Excellent
2522,Male,18,10,75,3.0,3.45,100,59,84,75,High,No,Yes,Postgraduate,Low,6.4,5.1,High,Excellent,12,Pass,Good
2523,Male,15,10,94,6.5,2.69,100,87,90,96,Low,Yes,No,Graduate,Low,5.0,1.5,Medium,Poor,7,Pass,Excellent
2524,Male,22,11,91,2.7,3.45,100,63,85,86,High,Yes,No,High School,Medium,6.8,1.5,High,Good,8,Pass,Excellent
2525,Male,17,College-1,83,4.6,2.5,86,67,83,77,High,Yes,No,Postgraduate,High,4.5,5.9,Low,Good,10,Pass,Good
2526,Male,19,12,90,5.0,3.55,100,65,88,84,High,No,Yes,Postgraduate,Medium,8.7,8.0,Low,Excellent,8,Pass,Good
2527,Female,16,College-2,87,4.6,3.55,100,70,82,87,Low,No,No,Postgraduate,Low,5.2,7.6,Low,Poor,9,Pass,Excellent
2528,Female,16,10,94,3.7,3.15,100,70,78,88,High,Yes,No,Graduate,Medium,7.0,1.5,Low,Average,7,Pass,Excellent
2529,Female,17,10,52,7.9,2.57,100,64,90,87,Medium,No,Yes,Graduate,Low,5.4,3.9,Low,Excellent,17,Pass,Excellent
2530,Male,21,College-1,79,7.8,3.52,100,88,96,100,High,Yes,No,Graduate,Medium,4.6,3.9,Medium,Poor,11,Pass,Excellent
2531,Female,20,12,94,3.9,3.92,100,68,83,87,Low,No,No,High School,Medium,7.0,5.5,Medium,Excellent,7,Pass,Excellent
2532,Male,21,9,80,6.0,2.28,100,68,86,85,High,Yes,No,Graduate,Medium,8.5,3.5,High,Average,10,Pass,Excellent
2533,Male,20,12,62,6.3,2.56,95,60,79,85,Medium,Yes,Yes,High School,Medium,8.5,3.6,High,Average,15,Pass,Excellent
2534,Female,21,10,89,3.3,3.83,100,54,69,79,Low,No,Yes,High School,High,8.8,4.9,High,Poor,8,Pass,Good
2535,Female,20,9,69,2.5,2.87,97,37,75,67,Low,No,Yes,Postgraduate,High,5.6,5.4,Medium,Poor,13,Pass,Average
2536,Male,17,College-2,81,6.9,3.58,100,72,82,91,Medium,No,No,High School,Medium,7.9,2.4,Low,Poor,10,Pass,Excellent
2537,Male,15,College-2,75,3.6,2.6,92,51,67,68,High,No,Yes,Graduate,Medium,6.1,3.2,Low,Good,12,Pass,Average
2538,Male,15,College-2,70,4.4,3.91,100,50,68,74,Medium,No,Yes,Graduate,High,6.9,5.4,Low,Good,13,Pass,Good
2539,Female,22,College-2,62,7.9,3.61,100,69,85,89,High,Yes,Yes,Graduate,Low,6.5,3.8,Low,Excellent,15,Pass,Excellent
2540,Male,19,10,89,7.8,3.58,100,85,84,95,Medium,Yes,No,High School,Low,6.0,3.3,High,Average,8,Pass,Excellent
2541,Female,20,College-1,90,3.2,3.18,100,52,71,74,High,Yes,No,High School,Medium,7.7,7.7,High,Poor,8,Pass,Good
2542,Male,18,12,62,3.9,2.89,94,43,64,67,High,Yes,Yes,High School,High,5.5,3.1,High,Average,15,Pass,Average
2543,Female,20,11,51,5.2,3.89,100,46,67,74,Medium,Yes,Yes,Graduate,Low,7.6,3.1,Medium,Excellent,18,Pass,Good
2544,Female,20,12,74,6.5,2.26,91,60,79,83,High,Yes,No,Postgraduate,Low,8.3,4.9,High,Good,12,Pass,Good
2545,Female,18,College-2,56,7.8,2.8,100,72,90,88,Low,Yes,No,Postgraduate,Medium,4.7,1.7,Medium,Average,16,Pass,Excellent
2546,Female,20,11,79,1.6,3.56,100,40,66,73,High,Yes,Yes,Postgraduate,High,6.4,3.2,High,Good,11,Pass,Good
2547,Male,18,College-2,69,2.4,2.75,95,50,76,72,Medium,No,No,Graduate,High,8.7,4.7,High,Excellent,13,Pass,Good
2548,Male,19,9,82,5.2,2.02,90,73,86,86,High,Yes,No,Postgraduate,Low,7.1,5.2,High,Good,10,Pass,Excellent
2549,Male,20,11,89,1.4,2.93,87,55,64,66,Medium,No,Yes,Graduate,High,5.8,3.0,Medium,Poor,8,Pass,Average
2550,Female,16,College-1,53,5.2,2.33,90,50,63,67,Low,Yes,No,Graduate,Low,5.6,6.8,Low,Excellent,17,Pass,Average
2551,Female,22,12,84,2.2,2.46,86,59,67,75,Medium,Yes,No,Graduate,Low,7.0,7.2,Low,Average,9,Pass,Good
2552,Female,19,College-2,86,5.6,3.2,100,71,89,87,Medium,Yes,Yes,Graduate,Medium,7.3,6.9,Low,Excellent,9,Pass,Excellent
2553,Male,21,10,61,3.8,3.7,100,41,74,73,High,Yes,Yes,High School,Low,7.8,6.1,Low,Excellent,15,Pass,Good
2554,Female,19,College-1,58,3.1,2.61,93,42,71,66,Medium,No,Yes,Graduate,Low,8.2,4.6,Medium,Good,16,Pass,Average
2555,Male,16,College-2,67,7.7,3.93,100,72,87,94,Medium,No,Yes,High School,High,8.1,6.7,High,Poor,14,Pass,Excellent
2556,Male,15,11,54,5.9,3.79,100,51,67,81,Low,No,No,High School,Medium,8.4,5.3,High,Good,17,Pass,Good
2557,Male,16,11,75,4.7,2.08,75,70,69,75,Low,No,Yes,Graduate,Low,7.3,5.2,Medium,Excellent,12,Pass,Good
2558,Female,22,College-2,70,4.6,2.92,100,61,74,82,High,Yes,Yes,High School,Low,5.7,6.6,Medium,Excellent,13,Pass,Good
2559,Male,21,College-2,89,3.2,2.54,90,64,81,77,High,Yes,No,High School,High,5.2,1.7,Medium,Good,8,Pass,Good
2560,Female,17,10,54,1.1,3.27,94,35,61,58,Medium,No,No,Postgraduate,Medium,4.9,3.1,Medium,Excellent,17,Pass,Average
2561,Male,21,11,97,1.4,2.44,90,53,76,70,Medium,Yes,Yes,Postgraduate,High,8.2,6.6,High,Average,6,Pass,Good
2562,Female,17,11,95,7.9,2.6,100,87,91,100,High,No,Yes,Postgraduate,High,8.5,1.8,Medium,Poor,7,Pass,Excellent
2563,Male,18,College-2,81,5.9,2.5,100,69,90,89,Medium,Yes,No,Postgraduate,Medium,6.8,6.8,High,Poor,10,Pass,Excellent
2564,Female,19,12,82,7.1,3.75,100,74,80,91,High,No,Yes,High School,Low,5.9,3.6,Medium,Poor,10,Pass,Excellent
2565,Female,17,11,92,5.4,3.89,100,81,96,96,Low,Yes,Yes,High School,Medium,6.4,1.7,High,Good,7,Pass,Excellent
2566,Female,15,9,74,3.2,2.5,80,60,62,67,High,Yes,Yes,High School,High,8.8,5.2,Medium,Poor,12,Pass,Average
2567,Male,19,College-2,80,4.9,2.68,94,72,75,87,High,Yes,Yes,Postgraduate,High,5.6,7.2,Low,Excellent,10,Pass,Excellent
2568,Female,22,11,59,1.2,3.42,95,37,62,58,Medium,No,No,Postgraduate,High,6.0,3.6,Low,Average,16,Pass,Average
2569,Female,22,College-1,88,2.7,2.14,87,58,66,68,Medium,Yes,Yes,Postgraduate,High,7.1,3.0,Medium,Excellent,8,Pass,Average
2570,Female,20,College-2,61,6.1,2.89,99,51,69,74,High,No,No,Postgraduate,High,8.2,2.7,High,Poor,15,Pass,Good
2571,Male,17,12,78,6.3,3.34,100,80,96,98,Low,No,No,Postgraduate,Medium,6.0,3.9,Medium,Poor,11,Pass,Excellent
2572,Female,15,12,100,5.1,2.07,90,69,72,84,Medium,Yes,Yes,Postgraduate,Medium,8.4,5.7,Medium,Good,5,Pass,Good
2573,Female,18,College-2,80,8.0,2.3,100,78,89,100,Low,No,Yes,Postgraduate,High,5.4,2.2,High,Poor,10,Pass,Excellent
2574,Female,17,12,57,1.5,2.8,76,45,54,54,Low,No,No,Postgraduate,Medium,4.8,2.4,Medium,Excellent,16,Pass,Poor
2575,Male,15,College-1,54,7.9,2.69,100,66,88,87,Low,Yes,Yes,High School,High,6.7,5.0,Low,Poor,17,Pass,Excellent
2576,Female,19,9,97,3.7,2.36,90,62,69,82,High,No,No,Postgraduate,High,7.4,4.7,Medium,Average,6,Pass,Good
2577,Male,18,10,52,4.8,3.11,97,43,74,69,Medium,No,No,Graduate,Medium,4.6,3.1,Low,Poor,17,Pass,Average
2578,Male,16,11,74,1.3,3.92,100,48,80,68,Low,Yes,Yes,High School,Medium,6.3,4.0,Low,Poor,12,Pass,Average
2579,Male,20,12,82,5.6,3.66,100,62,76,82,Medium,No,No,Postgraduate,Medium,6.6,6.7,High,Good,10,Pass,Good
2580,Female,22,College-1,79,6.3,2.45,95,73,90,88,Low,Yes,Yes,Postgraduate,Medium,6.5,1.1,High,Good,11,Pass,Excellent
2581,Male,18,11,84,6.0,3.54,100,62,82,86,Low,Yes,No,Postgraduate,High,6.3,2.1,Low,Poor,9,Pass,Excellent
2582,Female,20,10,100,4.2,2.79,100,72,88,90,High,No,No,Postgraduate,Low,4.6,1.2,Medium,Average,5,Pass,Excellent
2583,Female,17,9,83,2.0,3.64,100,47,66,73,Medium,Yes,No,High School,High,4.9,4.3,Low,Poor,10,Pass,Good
2584,Female,16,9,84,6.4,3.84,100,84,84,90,Low,No,Yes,Graduate,Medium,4.7,7.6,High,Average,9,Pass,Excellent
2585,Male,22,9,53,3.8,2.93,97,39,62,70,High,No,Yes,High School,High,5.9,6.8,High,Poor,17,Pass,Good
2586,Male,21,12,92,7.1,3.95,100,75,81,92,Low,No,Yes,High School,Low,9.0,7.3,Medium,Poor,7,Pass,Excellent
2587,Male,20,College-1,75,4.7,2.84,99,54,77,77,Medium,No,No,High School,High,6.9,4.0,Medium,Good,12,Pass,Good
2588,Male,20,9,61,3.4,2.76,97,55,83,73,Medium,No,Yes,High School,High,5.9,4.1,Low,Average,15,Pass,Good
2589,Female,16,11,92,4.4,3.35,100,77,91,95,High,Yes,No,Postgraduate,High,8.2,1.7,High,Average,7,Pass,Excellent
2590,Male,20,College-2,59,2.6,2.98,90,50,75,72,High,No,Yes,High School,High,7.4,4.4,Medium,Poor,16,Pass,Good
2591,Male,20,College-2,75,1.9,3.16,85,50,64,62,High,No,No,High School,High,7.9,5.8,Low,Poor,12,Pass,Average
2592,Female,18,11,86,4.7,3.04,100,62,81,86,Medium,Yes,No,Graduate,High,6.1,1.6,High,Average,9,Pass,Excellent
2593,Male,22,College-2,68,4.4,2.19,85,60,76,76,Medium,Yes,Yes,Postgraduate,Medium,5.8,5.9,Medium,Excellent,13,Pass,Good
2594,Male,20,9,69,1.9,3.06,91,50,77,73,Medium,Yes,Yes,Postgraduate,Medium,7.4,2.0,Medium,Good,13,Pass,Good
2595,Male,17,College-2,83,6.5,3.81,100,67,80,88,High,No,No,Graduate,Low,6.2,4.1,Medium,Poor,10,Pass,Excellent
2596,Male,17,11,66,6.6,3.48,100,70,90,88,Medium,No,No,High School,Medium,7.3,7.8,High,Average,14,Pass,Excellent
2597,Female,22,9,54,4.3,2.74,84,58,72,69,High,No,Yes,Postgraduate,Low,4.8,1.7,Medium,Excellent,17,Pass,Average
2598,Female,16,10,66,5.8,2.97,100,61,86,80,High,Yes,Yes,High School,Medium,7.7,7.7,Medium,Poor,14,Pass,Good
2599,Female,17,11,81,4.8,2.57,90,74,78,83,High,Yes,No,High School,High,5.6,3.5,Low,Good,10,Pass,Good
2600,Male,16,9,65,3.2,2.71,91,41,66,70,High,Yes,No,Postgraduate,Medium,6.7,5.9,Low,Poor,14,Pass,Good
2601,Male,16,10,90,2.2,2.47,85,62,73,73,Medium,No,Yes,High School,Medium,7.1,6.7,Medium,Poor,8,Pass,Good
2602,Female,19,12,70,3.7,3.66,100,43,66,69,High,No,Yes,Postgraduate,Low,6.8,3.4,High,Average,13,Pass,Average
2603,Female,16,College-1,51,6.6,3.19,100,53,69,76,High,No,No,Postgraduate,High,8.9,6.3,Medium,Poor,18,Pass,Good
2604,Female,17,College-1,59,5.9,2.64,99,69,86,81,Low,Yes,Yes,Postgraduate,Medium,5.6,3.9,Medium,Excellent,16,Pass,Good
2605,Male,15,College-2,61,7.9,2.02,99,77,80,93,Low,Yes,Yes,Graduate,Low,4.7,1.1,Medium,Average,15,Pass,Excellent
2606,Male,15,12,84,7.8,3.26,100,91,91,100,Low,Yes,Yes,Graduate,High,8.4,6.2,High,Average,9,Pass,Excellent
2607,Female,16,11,60,2.4,3.89,100,37,63,65,High,Yes,Yes,Graduate,Low,7.7,4.3,High,Average,15,Pass,Average
2608,Female,18,11,79,6.1,3.64,100,69,80,84,High,Yes,No,Postgraduate,Low,7.3,2.2,High,Excellent,11,Pass,Good
2609,Female,16,9,62,4.9,3.08,100,65,82,81,High,Yes,Yes,High School,Medium,8.0,5.5,Medium,Good,15,Pass,Good
2610,Male,21,9,79,6.9,2.44,100,84,90,91,High,Yes,No,Graduate,High,5.2,4.6,Medium,Good,11,Pass,Excellent
2611,Male,21,12,63,1.1,2.17,75,46,53,56,High,No,Yes,Postgraduate,Low,7.4,5.1,Low,Excellent,15,Pass,Average
2612,Male,16,College-1,88,6.5,3.38,100,76,88,89,High,Yes,No,Postgraduate,Low,6.8,5.8,High,Good,8,Pass,Excellent
2613,Female,17,College-1,71,6.5,2.54,97,59,71,84,High,No,No,Postgraduate,High,5.9,6.2,Low,Excellent,13,Pass,Good
2614,Male,22,11,92,2.3,3.28,94,58,82,82,Low,No,No,Graduate,High,4.6,1.4,Low,Average,7,Pass,Good
2615,Female,21,College-1,71,3.4,2.75,100,55,85,83,High,Yes,Yes,High School,Medium,8.2,5.9,High,Poor,13,Pass,Good
2616,Male,15,10,58,6.5,3.41,100,70,86,84,Medium,Yes,Yes,Graduate,High,6.2,2.1,Medium,Average,16,Pass,Good
2617,Female,22,11,69,5.9,3.88,100,69,81,86,Medium,No,Yes,High School,High,8.0,1.4,High,Average,13,Pass,Excellent
2618,Male,19,College-2,71,4.1,3.89,100,47,66,72,Medium,No,Yes,Postgraduate,Low,7.5,5.2,Medium,Average,13,Pass,Good
2619,Male,18,12,52,5.7,3.56,100,59,82,78,High,Yes,No,Graduate,Medium,5.2,1.1,Medium,Good,17,Pass,Good
2620,Female,21,11,96,3.5,3.11,100,72,89,92,High,No,Yes,Postgraduate,Medium,5.1,4.6,Medium,Excellent,6,Pass,Excellent
2621,Male,18,11,57,2.6,2.7,86,51,68,65,Medium,No,Yes,Postgraduate,Medium,4.7,2.2,High,Good,16,Pass,Average
2622,Male,18,12,68,4.2,3.4,100,46,75,74,Low,No,No,Postgraduate,Low,5.8,1.8,Low,Poor,13,Pass,Good
2623,Female,17,10,87,3.8,2.88,100,72,89,86,High,Yes,Yes,High School,High,5.0,4.7,Low,Good,9,Pass,Excellent
2624,Male,21,12,54,5.3,3.78,100,45,80,80,High,No,No,High School,Medium,7.3,6.9,Low,Good,17,Pass,Good
2625,Male,21,College-1,84,5.4,2.66,95,73,79,86,Medium,No,No,Postgraduate,Low,4.5,5.2,High,Good,9,Pass,Excellent
2626,Male,22,12,99,4.4,3.16,100,74,81,87,Medium,No,No,Postgraduate,High,7.6,4.6,Low,Good,6,Pass,Excellent
2627,Female,18,College-2,62,1.6,2.33,65,43,47,55,Low,Yes,No,High School,Medium,7.3,5.4,Medium,Excellent,15,Pass,Average
2628,Female,21,College-1,69,1.4,3.06,89,41,68,60,Medium,No,Yes,Postgraduate,Low,8.6,8.0,Medium,Poor,13,Pass,Average
2629,Male,17,College-2,64,1.2,2.42,80,35,60,56,Low,No,No,Postgraduate,High,6.8,4.2,Low,Average,14,Pass,Average
2630,Male,16,12,61,6.7,3.5,100,65,84,83,Low,No,No,High School,Medium,7.6,1.4,Low,Good,15,Pass,Good
2631,Female,19,College-2,88,1.9,2.99,86,47,64,70,Low,Yes,Yes,High School,Medium,8.2,2.4,Low,Excellent,8,Pass,Good
2632,Male,18,College-2,74,2.6,2.56,88,40,61,63,Medium,No,No,High School,High,5.8,2.5,Medium,Average,12,Pass,Average
2633,Male,19,College-2,87,6.6,3.62,100,70,80,89,High,Yes,No,High School,Medium,7.5,4.5,Low,Average,9,Pass,Excellent
2634,Female,15,College-2,92,3.7,3.46,100,71,88,89,Low,Yes,No,Graduate,High,6.8,1.3,Medium,Average,7,Pass,Excellent
2635,Male,18,College-1,60,2.8,3.87,100,35,71,71,Low,Yes,No,Graduate,High,8.5,7.5,High,Average,15,Pass,Good
2636,Male,18,11,80,3.5,2.1,85,48,69,68,Medium,No,No,High School,High,7.4,2.4,Medium,Poor,10,Pass,Average
2637,Male,15,11,83,6.4,3.23,100,72,94,91,High,No,No,Postgraduate,Low,7.0,7.2,Low,Poor,10,Pass,Excellent
2638,Female,19,12,79,5.4,3.26,100,74,88,93,Medium,Yes,Yes,Graduate,Medium,7.8,1.9,Low,Good,11,Pass,Excellent
2639,Female,21,College-1,76,5.8,3.03,100,77,81,87,Medium,Yes,Yes,High School,Low,6.3,6.5,Medium,Average,11,Pass,Excellent
2640,Female,16,College-2,52,2.8,3.38,100,35,60,63,Low,No,Yes,Graduate,High,4.6,3.8,Low,Poor,17,Pass,Average
2641,Male,18,10,69,7.9,3.67,100,76,83,94,High,No,Yes,Graduate,Low,5.2,1.3,High,Average,13,Pass,Excellent
2642,Male,15,10,90,3.0,2.52,98,54,73,77,Low,Yes,Yes,High School,Low,6.0,2.0,Low,Average,8,Pass,Good
2643,Male,22,College-1,58,4.1,3.32,98,47,71,72,Low,Yes,No,High School,Low,8.7,2.2,High,Good,16,Pass,Good
2644,Female,21,11,74,1.8,2.37,75,52,63,60,Low,No,No,Postgraduate,Medium,8.7,8.0,Low,Excellent,12,Pass,Average
2645,Male,18,12,54,7.3,3.28,100,72,79,85,Low,Yes,No,High School,Low,4.5,2.3,High,Good,17,Pass,Excellent
2646,Female,20,College-1,77,4.3,2.98,98,63,77,83,High,No,No,Graduate,Low,7.8,3.9,High,Average,11,Pass,Good
2647,Male,17,College-1,94,3.1,2.56,87,71,76,81,Low,Yes,Yes,High School,High,8.8,2.1,Medium,Average,7,Pass,Good
2648,Male,19,11,96,2.1,2.77,98,48,74,79,Low,Yes,No,Graduate,Low,6.0,8.0,Low,Average,6,Pass,Good
2649,Female,15,11,66,6.7,3.04,100,74,86,91,Medium,Yes,Yes,High School,High,6.2,5.7,Medium,Good,14,Pass,Excellent
2650,Female,16,College-2,57,3.5,3.64,100,42,79,69,High,Yes,No,High School,Low,5.4,3.4,High,Good,16,Pass,Average
2651,Male,17,College-2,71,4.9,3.02,98,61,86,85,High,Yes,Yes,High School,Medium,6.1,3.4,Low,Excellent,13,Pass,Excellent
2652,Female,17,College-2,54,4.9,3.65,100,55,78,75,High,Yes,No,Postgraduate,Low,7.2,3.1,High,Good,17,Pass,Good
2653,Male,17,11,91,3.7,3.54,100,58,75,78,Low,No,No,Postgraduate,Low,6.1,4.9,Low,Poor,8,Pass,Good
2654,Female,21,College-2,98,7.1,3.31,100,78,94,96,High,Yes,No,High School,High,6.1,3.9,Medium,Excellent,6,Pass,Excellent
2655,Male,21,11,69,4.4,2.53,89,56,70,76,Medium,Yes,Yes,Graduate,High,5.6,4.0,Low,Good,13,Pass,Good
2656,Male,19,10,64,3.1,3.79,100,52,70,72,Low,Yes,Yes,Graduate,High,4.8,5.7,Medium,Average,14,Pass,Good
2657,Male,21,11,91,7.4,2.73,100,77,85,94,High,No,No,Graduate,High,7.3,7.3,Medium,Poor,8,Pass,Excellent
2658,Female,15,12,77,4.1,2.56,97,62,78,84,High,Yes,Yes,Postgraduate,Low,7.3,3.7,High,Poor,11,Pass,Good
2659,Male,16,9,56,1.9,3.05,78,38,62,57,High,No,No,Postgraduate,High,9.0,7.8,High,Poor,16,Pass,Average
2660,Male,19,College-1,51,3.0,3.32,88,44,63,65,Low,Yes,No,Postgraduate,High,7.1,6.8,Low,Poor,18,Pass,Average
2661,Female,18,9,95,7.7,2.17,94,77,91,100,Low,No,No,High School,Low,5.8,7.2,Low,Good,7,Pass,Excellent
2662,Male,19,9,96,4.7,2.77,93,74,89,87,Medium,Yes,No,High School,Medium,6.6,3.2,Medium,Poor,6,Pass,Excellent
2663,Male,21,9,86,3.5,2.92,90,54,66,73,Low,No,Yes,High School,Low,5.7,1.9,High,Excellent,9,Pass,Good
2664,Male,15,12,61,7.1,2.42,97,75,84,88,Low,No,No,High School,High,6.6,1.7,Medium,Excellent,15,Pass,Excellent
2665,Male,17,9,61,7.6,3.4,100,64,89,92,Medium,Yes,No,Postgraduate,Low,6.1,1.9,High,Good,15,Pass,Excellent
2666,Male,20,10,70,6.7,2.04,95,71,76,84,Low,No,Yes,High School,High,7.9,3.1,Low,Average,13,Pass,Good
2667,Male,17,College-2,100,1.5,3.89,100,48,66,70,High,No,Yes,Postgraduate,Low,8.4,7.9,High,Average,5,Pass,Good
2668,Female,18,11,83,4.6,2.15,94,62,74,79,High,No,Yes,High School,Medium,8.4,3.1,Medium,Good,10,Pass,Good
2669,Male,16,9,91,2.2,2.87,100,58,84,80,Medium,Yes,Yes,Postgraduate,High,5.6,7.6,High,Average,8,Pass,Good
2670,Male,21,12,94,7.1,2.04,99,87,100,97,Medium,Yes,Yes,Graduate,Low,5.2,2.9,High,Average,7,Pass,Excellent
2671,Female,22,College-1,66,7.7,3.27,100,68,82,92,Low,Yes,Yes,Postgraduate,Low,6.8,6.5,Medium,Excellent,14,Pass,Excellent
2672,Male,21,College-2,55,6.8,2.16,82,69,77,82,Medium,Yes,No,Postgraduate,Medium,6.2,2.1,Low,Poor,17,Pass,Good
2673,Female,18,12,51,4.9,2.05,85,45,72,66,Low,No,Yes,High School,Low,4.5,2.7,High,Good,18,Pass,Average
2674,Male,15,11,52,3.7,2.99,83,44,66,68,Low,Yes,Yes,High School,Medium,7.7,5.5,High,Average,17,Pass,Average
2675,Female,16,College-1,73,1.3,3.66,100,44,77,70,High,No,Yes,High School,Medium,7.7,6.3,Low,Excellent,12,Pass,Good
2676,Female,16,College-1,54,3.7,3.19,100,54,70,71,Low,Yes,No,Postgraduate,High,6.2,5.9,Low,Excellent,17,Pass,Good
2677,Male,16,12,81,4.7,3.68,100,68,90,87,Medium,No,No,Graduate,Low,7.2,2.7,High,Poor,10,Pass,Excellent
2678,Male,17,College-1,67,2.3,2.4,71,45,64,58,Medium,Yes,Yes,Postgraduate,Medium,6.7,5.5,Low,Average,14,Pass,Average
2679,Male,20,9,87,1.4,2.86,91,52,78,71,Medium,Yes,No,Postgraduate,High,6.4,3.0,Medium,Good,9,Pass,Good
2680,Male,22,College-1,62,5.2,2.21,75,61,61,73,Low,Yes,Yes,High School,Low,5.1,1.0,High,Average,15,Pass,Good
2681,Female,22,College-2,50,4.5,2.19,80,37,50,56,High,No,Yes,Graduate,Medium,8.3,2.8,Low,Poor,18,Pass,Average
2682,Male,21,College-2,81,7.2,3.2,100,73,87,91,Low,Yes,Yes,Graduate,High,5.7,2.9,Medium,Average,10,Pass,Excellent
2683,Male,19,12,77,1.7,3.58,95,42,72,73,Medium,No,Yes,High School,High,6.0,6.5,High,Good,11,Pass,Good
2684,Female,19,11,74,4.8,3.75,100,69,82,86,Low,Yes,Yes,High School,Low,8.1,7.3,High,Good,12,Pass,Excellent
2685,Female,15,College-1,85,4.1,2.61,92,60,82,81,Low,No,No,Graduate,Low,4.9,5.5,High,Excellent,9,Pass,Good
2686,Male,15,10,88,3.1,3.06,97,69,83,85,Medium,Yes,No,Postgraduate,Medium,6.3,2.5,Low,Average,8,Pass,Excellent
2687,Female,15,College-1,68,3.8,2.14,74,46,65,61,High,No,Yes,High School,Low,8.8,1.5,Medium,Excellent,13,Pass,Average
2688,Female,17,College-1,70,4.5,2.32,85,51,71,70,Low,No,No,Postgraduate,High,7.3,4.5,Low,Good,13,Pass,Good
2689,Male,19,12,96,3.1,3.76,100,65,80,79,Medium,Yes,Yes,Graduate,Medium,6.0,5.8,High,Excellent,6,Pass,Good
2690,Female,18,9,52,2.0,3.98,100,43,70,70,Medium,Yes,No,Postgraduate,Low,7.7,6.6,High,Poor,17,Pass,Good
2691,Male,18,11,100,3.0,2.85,89,57,76,81,Medium,Yes,Yes,Postgraduate,High,6.9,4.5,Low,Good,5,Pass,Good
2692,Female,19,10,72,2.9,3.56,100,56,73,76,Medium,Yes,No,Graduate,Low,4.9,2.5,High,Average,12,Pass,Good
2693,Female,22,11,52,6.7,2.12,77,63,78,73,Medium,Yes,Yes,Graduate,Low,7.2,6.8,High,Good,17,Pass,Good
2694,Female,18,10,80,6.6,3.64,100,83,90,92,Medium,Yes,No,High School,Medium,8.3,5.4,Medium,Good,10,Pass,Excellent
2695,Female,16,College-2,55,8.0,2.87,100,61,82,84,Medium,Yes,No,Postgraduate,Low,7.9,1.7,Medium,Good,17,Pass,Good
2696,Male,21,9,84,3.4,2.9,99,64,88,84,Medium,No,Yes,High School,Medium,6.5,2.1,High,Good,9,Pass,Good
2697,Female,18,College-2,99,1.6,3.45,98,65,77,79,Medium,No,Yes,Graduate,High,6.2,1.2,Low,Excellent,6,Pass,Good
2698,Male,18,12,80,4.3,2.45,96,54,76,77,Medium,Yes,Yes,Postgraduate,High,6.0,1.0,Low,Excellent,10,Pass,Good
2699,Female,21,10,72,6.6,2.68,100,66,87,85,Medium,No,No,Graduate,High,7.4,4.0,Medium,Poor,12,Pass,Excellent
2700,Female,20,10,64,6.5,3.51,100,61,86,85,Medium,No,Yes,High School,High,7.1,7.8,Low,Good,14,Pass,Excellent
2701,Male,22,12,78,1.2,3.73,100,51,73,76,High,Yes,No,High School,Medium,5.7,2.8,Low,Good,11,Pass,Good
2702,Female,18,9,96,2.0,3.7,100,64,81,81,Low,No,Yes,Postgraduate,Medium,8.4,4.2,Medium,Good,6,Pass,Good
2703,Female,21,College-2,61,6.6,3.99,100,70,77,86,High,Yes,No,Graduate,Low,4.8,5.3,Medium,Average,15,Pass,Excellent
2704,Female,16,11,81,2.2,2.22,81,58,75,71,Medium,Yes,No,High School,Low,6.5,4.3,High,Excellent,10,Pass,Good
2705,Male,18,9,63,3.6,3.48,100,45,66,72,High,Yes,No,Graduate,Medium,6.6,1.6,High,Poor,15,Pass,Good
2706,Female,17,College-2,77,2.2,3.23,100,55,82,74,Low,Yes,Yes,Graduate,Medium,7.9,5.6,High,Average,11,Pass,Good
2707,Male,21,12,58,2.8,3.86,100,47,66,67,Low,No,No,Graduate,High,6.3,7.8,Low,Good,16,Pass,Average
2708,Male,18,11,79,4.8,2.63,90,72,89,88,Low,Yes,No,High School,Medium,7.6,2.3,Medium,Good,11,Pass,Excellent
2709,Male,17,9,58,8.0,3.51,100,70,87,86,High,Yes,No,High School,Medium,6.7,7.1,Low,Poor,16,Pass,Excellent
2710,Male,21,11,78,6.8,2.85,100,69,79,90,Medium,Yes,Yes,High School,Medium,6.5,4.3,Medium,Average,11,Pass,Excellent
2711,Male,17,11,72,3.3,2.72,88,47,61,72,Medium,No,No,Graduate,High,4.5,2.6,Low,Good,12,Pass,Good
2712,Male,22,9,87,5.1,3.53,100,74,80,89,Medium,No,Yes,Graduate,High,7.2,6.9,Low,Average,9,Pass,Excellent
2713,Female,18,12,52,1.5,2.66,78,35,54,51,High,No,Yes,Graduate,High,5.7,7.5,Medium,Good,17,Pass,Poor
2714,Female,18,College-1,96,3.2,2.06,84,60,68,72,Low,Yes,No,Postgraduate,Low,7.1,7.1,Medium,Average,6,Pass,Good
2715,Female,19,10,87,3.1,3.51,100,68,81,83,High,No,Yes,Graduate,High,7.3,7.0,High,Excellent,9,Pass,Good
2716,Male,15,10,84,7.3,2.41,100,72,81,95,High,Yes,Yes,Postgraduate,High,4.8,5.1,Low,Poor,9,Pass,Excellent
2717,Female,21,9,73,7.2,3.36,100,81,93,95,Medium,Yes,No,Postgraduate,Low,8.0,7.7,Low,Poor,12,Pass,Excellent
2718,Male,18,9,69,6.1,3.94,100,68,92,92,Medium,Yes,Yes,Graduate,Low,8.3,1.0,Medium,Excellent,13,Pass,Excellent
2719,Male,22,College-1,66,2.4,2.24,76,43,61,62,High,Yes,No,Postgraduate,High,5.0,7.2,Low,Poor,14,Pass,Average
2720,Female,18,12,65,3.7,2.63,96,45,62,69,Low,Yes,Yes,Graduate,High,4.8,5.5,Low,Poor,14,Pass,Average
2721,Male,19,11,98,1.6,2.43,87,47,71,70,High,Yes,No,Postgraduate,Medium,8.5,6.8,Low,Average,6,Pass,Good
2722,Female,18,10,53,1.0,2.23,62,35,46,49,Medium,No,Yes,Graduate,High,7.1,1.2,High,Poor,17,Fail,Poor
2723,Female,18,10,69,8.0,2.55,100,74,90,96,High,No,Yes,Graduate,High,6.7,2.9,Medium,Good,13,Pass,Excellent
2724,Male,21,12,56,1.6,2.4,66,46,48,52,Medium,No,Yes,Postgraduate,High,7.4,2.4,Medium,Average,16,Pass,Poor
2725,Male,19,10,54,7.9,3.01,100,72,79,88,High,Yes,Yes,Postgraduate,High,8.6,3.3,High,Average,17,Pass,Excellent
2726,Female,15,10,70,6.4,2.65,100,63,74,85,Medium,No,Yes,High School,Low,8.0,6.8,Low,Good,13,Pass,Excellent
2727,Female,22,College-1,85,6.5,2.61,100,71,78,87,Low,Yes,No,High School,High,6.3,5.5,High,Good,9,Pass,Excellent
2728,Female,16,12,94,5.6,2.11,84,82,78,87,Low,Yes,Yes,Graduate,High,8.7,1.1,Medium,Good,7,Pass,Excellent
2729,Male,19,College-2,96,5.6,3.48,100,74,95,97,Medium,Yes,No,Graduate,Low,7.8,6.4,High,Excellent,6,Pass,Excellent
2730,Male,15,College-1,59,3.3,2.54,77,54,71,70,Low,Yes,Yes,Graduate,Low,6.1,1.5,High,Good,16,Pass,Good
2731,Female,15,College-1,56,4.5,3.77,100,56,77,79,Medium,No,Yes,Postgraduate,Medium,6.4,1.8,Low,Average,16,Pass,Good
2732,Male,16,10,57,3.7,3.13,100,39,62,73,High,Yes,Yes,Postgraduate,Low,8.0,8.0,Low,Excellent,16,Pass,Good
2733,Male,18,College-1,79,5.1,3.25,100,75,93,91,High,Yes,No,Postgraduate,Medium,6.2,7.9,Low,Good,11,Pass,Excellent
2734,Female,18,College-1,65,3.2,3.6,98,53,75,78,High,Yes,No,Postgraduate,High,6.3,2.2,Medium,Poor,14,Pass,Good
2735,Male,21,10,89,6.3,2.32,100,68,89,87,Medium,No,No,High School,Low,8.6,7.8,Low,Excellent,8,Pass,Excellent
2736,Female,16,11,61,4.3,2.1,79,60,63,68,Medium,No,Yes,Postgraduate,Medium,8.8,1.9,High,Good,15,Pass,Average
2737,Male,22,10,95,7.8,2.51,100,86,89,100,Low,No,Yes,Graduate,High,6.2,5.4,Medium,Average,7,Pass,Excellent
2738,Female,20,9,86,4.7,2.31,83,76,85,85,High,Yes,No,High School,Low,7.5,1.2,Medium,Good,9,Pass,Excellent
2739,Male,15,10,81,4.6,2.21,88,65,72,77,Low,Yes,No,High School,Low,5.0,7.9,Low,Poor,10,Pass,Good
2740,Female,22,College-1,57,1.8,3.67,97,35,67,65,High,Yes,No,Graduate,High,4.8,4.0,High,Average,16,Pass,Average
2741,Female,21,College-1,97,1.9,3.88,100,61,73,79,High,No,No,Postgraduate,Low,6.7,4.3,Medium,Excellent,6,Pass,Good
2742,Female,21,12,92,5.1,2.13,91,61,82,81,Low,No,No,High School,Low,7.4,3.1,High,Excellent,7,Pass,Good
2743,Female,17,10,82,1.2,2.21,72,52,64,65,Low,Yes,Yes,High School,Medium,4.7,1.8,Low,Good,10,Pass,Average
2744,Male,19,10,59,1.9,3.45,95,49,68,68,Low,Yes,No,High School,Medium,7.6,7.5,Medium,Excellent,16,Pass,Average
2745,Female,16,9,69,5.7,2.97,100,56,73,77,Low,No,No,Postgraduate,Medium,8.6,3.9,Low,Average,13,Pass,Good
2746,Female,19,10,87,1.4,3.29,100,52,68,75,Low,No,Yes,Postgraduate,Medium,5.4,1.8,Medium,Good,9,Pass,Good
2747,Male,15,11,95,3.6,2.14,83,69,83,79,High,No,Yes,High School,Medium,7.1,2.4,High,Good,7,Pass,Good
2748,Female,19,10,90,3.1,2.97,98,66,82,84,Medium,Yes,No,Graduate,Medium,4.7,2.1,Low,Good,8,Pass,Good
2749,Female,16,College-1,69,4.8,2.92,93,65,87,85,Low,No,No,Postgraduate,Low,6.3,8.0,Medium,Excellent,13,Pass,Excellent
2750,Male,16,College-2,79,3.0,3.48,100,48,80,77,High,Yes,No,Graduate,Medium,6.4,7.8,Medium,Good,11,Pass,Good
2751,Female,15,College-2,57,6.7,3.53,100,63,83,82,Medium,Yes,No,Graduate,High,8.1,2.9,Low,Good,16,Pass,Good
2752,Female,16,10,90,5.5,3.98,100,77,86,94,Medium,Yes,No,Postgraduate,Low,6.0,2.5,Low,Average,8,Pass,Excellent
2753,Male,20,9,86,5.4,2.25,83,71,80,81,Medium,No,No,Postgraduate,High,6.1,4.1,Medium,Excellent,9,Pass,Good
2754,Male,17,10,70,2.1,2.31,74,41,63,59,Low,Yes,Yes,High School,Medium,7.4,3.2,Low,Poor,13,Pass,Average
2755,Female,22,12,76,3.0,2.32,82,48,58,68,Low,No,No,High School,Medium,7.1,1.3,Low,Good,11,Pass,Average
2756,Male,15,11,52,1.4,2.23,75,35,59,54,High,Yes,No,Postgraduate,Medium,5.6,2.1,Low,Excellent,17,Pass,Poor
2757,Female,20,10,86,3.7,3.54,100,68,92,86,Low,No,No,Postgraduate,Medium,7.3,5.7,Low,Poor,9,Pass,Excellent
2758,Female,15,11,97,1.2,2.34,87,62,78,71,Low,No,Yes,High School,Low,4.6,7.2,Low,Good,6,Pass,Good
2759,Male,20,College-1,57,5.9,3.2,100,66,80,81,Medium,No,Yes,High School,Medium,8.2,3.2,High,Average,16,Pass,Good
2760,Female,22,10,67,7.3,2.09,90,66,72,87,Low,Yes,No,Graduate,High,5.3,4.5,High,Good,14,Pass,Excellent
2761,Female,21,College-2,82,5.0,2.59,100,68,77,88,High,No,No,High School,High,7.8,4.4,High,Poor,10,Pass,Excellent
2762,Male,20,10,57,1.7,2.7,88,35,59,55,Low,Yes,No,Graduate,Medium,8.1,1.2,Low,Good,16,Pass,Average
2763,Female,19,12,68,6.6,2.48,92,65,78,79,Low,No,Yes,Postgraduate,Low,8.1,3.8,Medium,Poor,13,Pass,Good
2764,Male,17,9,75,6.1,2.26,100,65,80,83,Medium,No,Yes,Postgraduate,Medium,6.1,5.4,High,Poor,12,Pass,Good
2765,Female,16,College-1,69,4.3,3.93,100,66,86,83,High,Yes,No,High School,Medium,6.2,1.4,Medium,Poor,13,Pass,Good
2766,Male,18,12,60,5.3,2.07,71,52,63,64,Low,No,No,Postgraduate,Medium,6.4,7.5,Medium,Excellent,15,Pass,Average
2767,Female,21,College-2,50,3.1,3.74,99,48,66,67,Low,Yes,Yes,Postgraduate,Medium,7.9,7.2,Medium,Poor,18,Pass,Average
2768,Male,16,12,98,1.8,2.23,81,67,71,70,High,No,Yes,High School,Low,8.2,4.6,High,Average,6,Pass,Good
2769,Female,20,College-2,72,2.7,2.66,92,51,65,67,Medium,Yes,Yes,Postgraduate,Medium,5.7,4.9,Medium,Average,12,Pass,Average
2770,Male,22,College-1,77,4.0,2.47,88,49,76,74,Low,No,Yes,Graduate,High,6.7,4.9,High,Average,11,Pass,Good
2771,Female,18,9,74,3.9,2.05,69,61,68,65,Low,Yes,Yes,High School,Medium,6.3,5.5,Medium,Poor,12,Pass,Average
2772,Male,18,10,89,2.4,2.56,78,65,67,67,Medium,Yes,No,High School,High,6.3,6.7,Low,Average,8,Pass,Average
2773,Female,20,11,80,3.0,3.14,100,50,71,73,Low,No,No,Postgraduate,Low,8.2,4.5,High,Average,10,Pass,Good
2774,Male,22,10,96,6.1,3.15,100,74,83,92,High,Yes,No,Postgraduate,High,5.6,3.8,Low,Excellent,6,Pass,Excellent
2775,Male,18,10,54,5.7,3.64,100,64,75,81,Medium,Yes,No,High School,Medium,4.6,6.6,Medium,Good,17,Pass,Good
2776,Male,17,9,58,2.3,2.78,81,35,65,61,Medium,No,Yes,High School,Medium,6.1,2.8,Low,Poor,16,Pass,Average
2777,Male,21,11,75,5.3,2.37,96,62,82,86,High,Yes,No,High School,High,7.1,6.4,Medium,Average,12,Pass,Excellent
2778,Male,20,12,99,7.7,3.76,100,84,97,99,Medium,Yes,No,Graduate,High,8.2,6.5,Medium,Excellent,6,Pass,Excellent
2779,Male,16,College-1,54,7.8,3.83,100,56,84,87,High,Yes,No,Graduate,Medium,4.9,1.6,Medium,Poor,17,Pass,Excellent
2780,Female,21,College-2,99,3.9,3.33,100,69,78,84,Medium,No,Yes,Postgraduate,Medium,5.5,5.1,Medium,Excellent,6,Pass,Good
2781,Female,18,12,75,1.4,2.55,79,52,68,67,High,Yes,No,High School,High,5.3,2.4,Medium,Average,12,Pass,Average
2782,Female,17,10,68,5.2,2.4,95,64,86,83,Low,Yes,Yes,Postgraduate,Medium,8.3,2.1,Low,Poor,13,Pass,Good
2783,Female,18,9,95,6.6,3.03,100,70,84,92,Medium,No,Yes,High School,High,8.3,2.3,Low,Good,7,Pass,Excellent
2784,Male,19,11,84,2.7,3.47,100,50,82,80,Low,No,Yes,High School,Medium,7.0,1.1,High,Excellent,9,Pass,Good
2785,Male,18,11,96,2.4,2.45,91,52,65,71,Medium,No,Yes,Postgraduate,Medium,7.5,3.1,Medium,Average,6,Pass,Good
2786,Male,17,9,65,7.6,2.33,96,63,86,85,Medium,Yes,No,Graduate,High,7.4,7.6,High,Poor,14,Pass,Excellent
2787,Male,21,College-2,61,7.5,2.24,100,71,80,84,Low,No,No,Postgraduate,High,8.7,3.4,Low,Poor,15,Pass,Good
2788,Female,22,College-2,69,3.3,2.4,89,54,66,71,Medium,No,Yes,Graduate,Low,7.8,3.4,Medium,Poor,13,Pass,Good
2789,Male,22,College-2,70,2.9,2.97,91,51,78,75,Medium,No,Yes,Graduate,High,5.5,5.8,Medium,Average,13,Pass,Good
2790,Male,21,12,54,2.2,3.53,98,35,70,62,Low,Yes,No,High School,High,6.5,4.7,Medium,Average,17,Pass,Average
2791,Female,19,12,89,2.4,3.29,100,63,87,81,Medium,Yes,Yes,Postgraduate,Low,7.3,7.8,High,Good,8,Pass,Good
2792,Female,16,11,72,2.7,2.65,77,47,66,67,High,Yes,No,High School,Low,5.0,7.8,High,Excellent,12,Pass,Average
2793,Male,19,10,58,6.9,2.88,100,73,79,87,Medium,Yes,No,Graduate,Low,6.6,3.0,Medium,Poor,16,Pass,Excellent
2794,Male,21,12,63,4.6,3.51,100,50,70,77,High,Yes,No,High School,Medium,7.4,2.1,High,Good,15,Pass,Good
2795,Female,17,10,89,5.1,3.55,100,67,91,88,Medium,No,Yes,Graduate,High,8.4,4.2,Medium,Average,8,Pass,Excellent
2796,Female,20,11,76,3.8,2.92,91,60,78,78,Low,No,No,High School,Medium,6.8,1.7,High,Good,11,Pass,Good
2797,Female,20,College-2,82,6.4,2.83,99,82,96,97,High,No,Yes,Graduate,High,5.1,2.8,Low,Good,10,Pass,Excellent
2798,Male,21,12,64,1.6,2.53,70,41,55,54,Medium,Yes,No,High School,High,8.5,5.9,Medium,Excellent,14,Pass,Poor
2799,Male,20,11,66,1.2,2.32,77,49,69,65,Medium,No,No,High School,Low,4.6,6.4,Medium,Excellent,14,Pass,Average
2800,Male,19,9,86,6.7,3.29,100,66,87,90,Medium,Yes,Yes,Graduate,Medium,6.7,1.5,Low,Good,9,Pass,Excellent
2801,Male,17,11,96,1.3,3.0,100,48,70,76,Low,Yes,Yes,High School,Low,5.0,6.2,High,Good,6,Pass,Good
2802,Female,20,10,52,1.4,2.51,77,35,49,51,Low,No,Yes,Postgraduate,High,7.8,3.1,Low,Good,17,Pass,Poor
2803,Male,21,10,89,7.7,3.54,100,85,93,99,Low,Yes,Yes,Postgraduate,High,6.7,4.4,High,Good,8,Pass,Excellent
2804,Male,19,9,96,7.1,2.08,97,90,91,100,Low,Yes,Yes,Graduate,Low,6.0,5.0,Medium,Good,6,Pass,Excellent
2805,Male,22,College-2,92,7.0,2.4,100,89,93,99,Medium,Yes,Yes,Graduate,High,5.7,5.1,High,Average,7,Pass,Excellent
2806,Male,16,12,98,6.0,3.67,100,72,82,95,High,Yes,No,Postgraduate,Low,4.7,6.3,High,Average,6,Pass,Excellent
2807,Male,17,10,64,1.5,3.27,99,35,61,68,High,Yes,No,Postgraduate,High,8.7,4.2,Medium,Poor,14,Pass,Average
2808,Female,19,11,99,5.7,2.71,100,78,88,93,High,Yes,Yes,Postgraduate,High,8.1,5.7,High,Average,6,Pass,Excellent
2809,Female,15,College-2,72,3.0,3.05,94,59,80,78,Low,Yes,No,Postgraduate,Low,8.0,5.9,Low,Average,12,Pass,Good
2810,Female,22,10,54,4.3,2.64,97,39,60,69,High,No,Yes,Postgraduate,Medium,6.1,1.5,Low,Poor,17,Pass,Average
2811,Female,18,11,51,3.7,2.43,87,39,69,63,High,Yes,Yes,Postgraduate,Medium,7.7,2.6,High,Excellent,18,Pass,Average
2812,Male,15,9,75,4.6,3.93,100,67,86,84,Low,Yes,No,Postgraduate,Medium,7.1,2.2,Medium,Good,12,Pass,Good
2813,Female,15,10,85,6.9,2.89,100,78,84,89,High,Yes,Yes,High School,High,6.7,2.0,High,Excellent,9,Pass,Excellent
2814,Male,15,10,79,3.3,3.55,100,65,90,84,Low,Yes,No,High School,High,7.3,1.9,Low,Average,11,Pass,Good
2815,Female,20,11,90,4.4,3.97,100,71,82,86,Low,Yes,No,High School,Medium,6.8,1.5,Low,Poor,8,Pass,Excellent
2816,Male,20,9,81,6.3,3.31,100,68,76,89,Medium,No,No,Graduate,High,6.4,7.5,High,Average,10,Pass,Excellent
2817,Female,17,College-2,57,7.3,2.2,87,61,75,78,High,No,No,Graduate,Medium,6.7,3.9,Low,Poor,16,Pass,Good
2818,Male,19,12,87,7.7,3.69,100,90,96,100,Medium,Yes,No,Graduate,Low,7.2,6.1,Medium,Average,9,Pass,Excellent
2819,Female,20,College-2,72,7.7,2.71,100,73,93,92,Medium,No,No,Postgraduate,Low,8.7,6.4,Medium,Poor,12,Pass,Excellent
2820,Female,16,9,85,3.8,2.79,100,69,89,86,Medium,Yes,No,Postgraduate,Low,6.1,6.8,Medium,Excellent,9,Pass,Excellent
2821,Male,19,College-2,82,4.2,2.52,100,67,86,89,Medium,No,Yes,Postgraduate,High,5.9,2.2,Medium,Average,10,Pass,Excellent
2822,Female,20,9,82,5.9,2.74,100,63,86,90,High,Yes,Yes,Postgraduate,High,8.2,2.3,Low,Average,10,Pass,Excellent
2823,Female,17,12,71,2.2,2.45,70,41,56,57,Medium,Yes,No,Postgraduate,Low,5.3,6.4,Medium,Excellent,13,Pass,Average
2824,Female,18,College-2,66,5.1,3.34,100,67,85,84,High,No,Yes,Postgraduate,Low,6.6,1.6,Medium,Good,14,Pass,Good
2825,Female,20,10,86,5.3,3.69,100,72,89,91,Low,No,No,High School,Low,8.3,5.8,Low,Poor,9,Pass,Excellent
2826,Female,21,10,54,4.8,3.15,99,43,66,75,Low,No,Yes,Postgraduate,High,6.7,3.1,High,Poor,17,Pass,Good
2827,Female,15,9,53,3.2,3.5,100,44,67,66,High,No,No,Graduate,High,4.5,5.7,Low,Good,17,Pass,Average
2828,Female,16,College-1,93,7.9,2.34,96,85,87,100,Low,No,No,Graduate,High,6.1,6.1,Low,Excellent,7,Pass,Excellent
2829,Male,22,11,85,4.1,2.75,91,63,72,82,Medium,No,Yes,Graduate,High,6.0,1.2,Medium,Poor,9,Pass,Good
2830,Female,18,12,93,3.8,2.55,90,66,73,82,High,No,No,Postgraduate,Medium,8.6,4.0,High,Average,7,Pass,Good
2831,Female,21,College-1,81,4.2,3.24,100,55,82,84,High,No,Yes,Graduate,Low,4.8,3.9,High,Average,10,Pass,Good
2832,Female,21,College-1,81,4.0,2.45,82,54,60,70,Low,No,No,High School,High,4.6,2.2,Medium,Good,10,Pass,Good
2833,Male,18,College-2,62,4.9,2.4,92,56,82,77,High,No,No,High School,Low,8.7,5.6,High,Poor,15,Pass,Good
2834,Male,18,10,90,6.5,2.17,93,74,90,90,Low,No,Yes,High School,Medium,7.6,5.9,Low,Excellent,8,Pass,Excellent
2835,Male,22,College-1,50,5.7,2.29,91,58,79,78,High,Yes,Yes,High School,High,8.5,6.3,Low,Average,18,Pass,Good
2836,Male,20,9,97,1.4,3.76,100,54,85,78,High,No,Yes,Graduate,Medium,6.8,2.0,High,Good,6,Pass,Good
2837,Male,19,10,80,1.8,3.94,100,58,71,79,Low,No,Yes,Graduate,Low,7.9,6.6,High,Poor,10,Pass,Good
2838,Female,19,10,84,6.6,2.45,100,68,83,87,Medium,Yes,Yes,High School,Medium,7.4,7.6,High,Excellent,9,Pass,Excellent
2839,Male,18,12,86,2.2,3.0,93,51,75,69,High,Yes,Yes,High School,Low,7.7,5.5,High,Good,9,Pass,Average
2840,Male,16,12,59,5.3,2.84,99,55,81,82,Medium,Yes,Yes,Graduate,Low,8.7,4.4,Low,Average,16,Pass,Good
2841,Male,21,10,56,6.8,3.55,100,65,83,84,High,Yes,Yes,Postgraduate,Low,5.7,4.2,High,Good,16,Pass,Good
2842,Male,16,College-1,52,5.4,2.51,98,55,78,82,Medium,No,No,Graduate,High,5.0,2.7,High,Good,17,Pass,Good
2843,Female,17,College-2,97,5.2,3.69,100,73,93,92,Low,No,No,Graduate,Low,5.1,3.1,High,Good,6,Pass,Excellent
2844,Female,20,12,87,1.0,2.2,73,47,60,60,Medium,Yes,No,Postgraduate,Medium,5.7,3.7,Low,Good,9,Pass,Average
2845,Male,18,9,58,5.9,3.33,100,57,82,81,Medium,Yes,Yes,Graduate,High,6.8,4.6,Medium,Average,16,Pass,Good
2846,Female,18,College-1,54,2.7,2.87,96,49,79,70,Low,No,No,Graduate,Low,7.2,2.6,High,Excellent,17,Pass,Good
2847,Male,18,11,97,1.9,2.33,76,53,66,71,Low,Yes,No,Graduate,Low,6.1,6.9,Low,Average,6,Pass,Good
2848,Male,15,12,79,7.4,2.14,100,77,86,91,Low,Yes,Yes,Postgraduate,High,4.7,3.1,High,Excellent,11,Pass,Excellent
2849,Female,20,11,79,2.5,3.98,100,52,84,78,High,Yes,No,High School,Low,8.8,2.1,Low,Good,11,Pass,Good
2850,Male,16,College-1,99,6.4,3.11,100,87,100,100,High,No,Yes,Postgraduate,Low,8.5,6.1,Medium,Average,6,Pass,Excellent
2851,Male,19,10,68,1.9,2.38,84,53,70,65,Low,No,No,Postgraduate,Low,7.4,3.9,High,Excellent,13,Pass,Average
2852,Female,18,College-2,58,5.4,3.74,100,51,76,80,Low,Yes,Yes,Postgraduate,High,5.7,6.8,Medium,Average,16,Pass,Good
2853,Female,19,12,57,3.6,2.45,88,56,79,74,High,Yes,Yes,Graduate,Low,5.5,3.1,Low,Poor,16,Pass,Good
2854,Female,16,College-1,60,3.6,3.18,100,40,63,71,High,Yes,No,High School,Medium,7.3,4.8,Medium,Good,15,Pass,Good
2855,Male,16,9,61,8.0,3.26,100,71,81,86,High,No,No,Postgraduate,High,6.5,5.0,Medium,Poor,15,Pass,Excellent
2856,Female,19,9,77,3.8,2.21,90,48,62,70,Low,No,No,Graduate,Low,8.3,1.4,Low,Average,11,Pass,Good
2857,Female,21,College-1,64,1.7,2.74,73,35,46,53,Medium,No,No,High School,High,5.1,6.9,Medium,Average,14,Pass,Poor
2858,Male,21,10,85,2.9,3.63,100,64,82,80,Low,Yes,Yes,High School,High,8.1,7.8,Low,Average,9,Pass,Good
2859,Male,18,College-2,62,3.8,2.27,73,42,53,55,Low,Yes,Yes,Graduate,Low,8.9,4.3,Low,Excellent,15,Pass,Average
2860,Male,20,11,51,3.5,2.59,78,44,58,62,Medium,No,No,Graduate,Medium,6.2,4.2,Low,Poor,18,Pass,Average
2861,Male,20,College-2,77,5.2,3.19,100,60,84,83,Medium,Yes,Yes,Graduate,Low,5.8,3.5,Medium,Excellent,11,Pass,Good
2862,Female,22,College-1,77,4.2,2.33,92,61,70,74,Low,No,No,Graduate,Low,6.2,6.9,Low,Good,11,Pass,Good
2863,Female,15,12,96,6.3,3.56,100,73,89,94,Medium,Yes,No,High School,High,7.6,3.5,High,Excellent,6,Pass,Excellent
2864,Male,21,9,52,5.9,3.61,100,60,79,84,Low,No,No,Graduate,Low,5.4,7.0,High,Good,17,Pass,Good
2865,Male,16,11,61,7.5,3.46,100,66,80,87,Low,No,Yes,Postgraduate,Medium,4.9,6.2,High,Poor,15,Pass,Excellent
2866,Female,18,12,95,4.7,3.61,100,71,93,90,Medium,No,No,Postgraduate,High,8.3,1.2,Medium,Good,7,Pass,Excellent
2867,Male,15,College-2,98,5.3,3.42,100,69,87,90,Medium,Yes,No,Postgraduate,Low,7.1,6.4,Medium,Good,6,Pass,Excellent
2868,Female,22,10,75,4.6,3.34,100,51,81,76,Medium,Yes,Yes,Postgraduate,Low,7.1,4.5,Medium,Poor,12,Pass,Good
2869,Male,18,College-2,84,7.0,3.56,100,75,90,97,Low,No,No,Graduate,Low,8.8,4.7,High,Average,9,Pass,Excellent
2870,Male,20,9,79,3.4,2.04,68,50,62,61,High,No,No,Graduate,Low,5.5,7.3,Medium,Average,11,Pass,Average
2871,Female,21,11,61,1.3,2.44,84,35,53,56,Low,No,Yes,Postgraduate,High,7.7,3.6,High,Good,15,Pass,Average
2872,Female,15,9,54,5.6,3.06,93,57,74,78,Low,No,Yes,High School,Low,5.5,4.5,Low,Excellent,17,Pass,Good
2873,Male,22,10,51,5.3,3.67,100,43,77,72,High,Yes,No,Postgraduate,Low,5.0,2.9,Medium,Good,18,Pass,Good
2874,Female,15,9,89,2.2,2.17,68,57,68,62,High,No,Yes,High School,High,5.9,7.5,Low,Average,8,Pass,Average
2875,Male,15,College-1,73,5.4,3.49,100,70,77,83,Medium,Yes,No,High School,Low,7.6,3.8,Medium,Poor,12,Pass,Good
2876,Male,15,11,51,1.7,2.26,62,35,52,43,Low,Yes,Yes,High School,High,8.6,6.3,Low,Excellent,18,Fail,Poor
2877,Female,16,9,86,2.4,2.01,77,59,73,66,Low,No,No,High School,Low,5.7,5.1,Medium,Average,9,Pass,Average
2878,Female,16,12,61,4.9,3.13,100,49,76,73,Medium,Yes,Yes,High School,Medium,7.8,3.5,Low,Average,15,Pass,Good
2879,Male,16,College-1,70,2.8,2.78,89,40,61,65,High,Yes,No,Graduate,High,5.9,6.7,High,Poor,13,Pass,Average
2880,Female,17,12,71,5.9,3.94,100,60,81,86,Low,Yes,No,High School,Low,8.8,5.3,Low,Excellent,13,Pass,Excellent
2881,Male,21,9,90,3.2,2.25,80,55,59,71,High,Yes,Yes,High School,Low,6.8,4.5,Low,Excellent,8,Pass,Good
2882,Female,15,12,78,4.0,2.56,97,54,72,73,Low,Yes,Yes,Graduate,High,7.8,6.7,Medium,Average,11,Pass,Good
2883,Male,21,College-2,52,5.9,3.73,100,50,79,82,Medium,Yes,Yes,Graduate,High,8.6,3.9,Medium,Poor,17,Pass,Good
2884,Female,21,11,76,3.1,2.51,86,63,82,75,Medium,No,Yes,High School,High,9.0,3.3,High,Excellent,11,Pass,Good
2885,Female,18,10,57,3.4,3.49,100,55,74,70,Low,No,No,Graduate,Medium,5.6,4.3,Medium,Good,16,Pass,Good
2886,Male,18,College-2,58,4.5,3.6,100,50,77,76,Low,Yes,Yes,Postgraduate,Low,5.9,5.2,Medium,Average,16,Pass,Good
2887,Male,18,11,74,3.9,3.13,100,52,73,78,Medium,Yes,Yes,Graduate,Medium,7.9,7.2,Medium,Average,12,Pass,Good
2888,Male,15,10,58,6.4,3.53,100,66,86,86,High,Yes,Yes,High School,Low,6.9,7.7,High,Excellent,16,Pass,Excellent
2889,Female,16,9,90,3.8,2.73,100,69,76,87,Low,No,Yes,Postgraduate,Medium,8.1,1.5,Low,Average,8,Pass,Excellent
2890,Female,15,College-1,54,3.5,2.15,75,51,69,61,Low,No,Yes,Postgraduate,Medium,7.2,2.1,High,Good,17,Pass,Average
2891,Male,16,9,51,3.6,3.51,98,36,70,71,Low,No,No,High School,Low,6.5,6.2,Low,Average,18,Pass,Good
2892,Female,21,College-2,79,4.4,2.75,99,69,85,87,Low,Yes,Yes,Graduate,Low,5.1,1.1,Low,Excellent,11,Pass,Excellent
2893,Female,18,College-1,78,3.9,2.18,80,50,58,64,High,No,Yes,Graduate,Low,5.5,5.5,Medium,Average,11,Pass,Average
2894,Female,18,College-1,77,6.0,2.06,90,66,82,86,High,Yes,Yes,Graduate,Medium,5.8,5.1,Medium,Average,11,Pass,Excellent
2895,Female,18,College-1,94,4.8,2.62,91,72,82,82,High,No,No,Graduate,Low,7.2,3.2,High,Excellent,7,Pass,Good
2896,Female,20,11,60,5.6,3.82,100,66,80,85,High,No,Yes,Postgraduate,High,6.0,5.2,Medium,Average,15,Pass,Excellent
2897,Female,19,11,57,1.1,3.22,82,35,65,54,Low,Yes,No,Graduate,High,5.0,5.5,High,Excellent,16,Pass,Poor
2898,Male,15,College-2,74,7.5,2.35,96,71,85,91,High,Yes,No,Postgraduate,Medium,8.9,4.0,Low,Good,12,Pass,Excellent
2899,Female,17,11,92,2.3,2.41,90,53,66,74,Medium,No,Yes,High School,Low,7.4,3.8,Low,Poor,7,Pass,Good
2900,Female,17,9,54,4.1,2.41,89,43,71,70,Medium,Yes,No,Graduate,High,5.0,2.7,Medium,Good,17,Pass,Good
2901,Female,16,9,64,4.9,2.92,91,53,74,76,Medium,No,Yes,Graduate,Medium,8.5,4.3,Low,Excellent,14,Pass,Good
2902,Male,17,College-1,63,5.3,3.56,100,61,74,83,Medium,No,No,High School,High,8.0,2.4,High,Excellent,15,Pass,Good
2903,Male,21,12,80,3.3,2.88,90,47,74,71,High,Yes,Yes,Postgraduate,High,5.9,3.8,Medium,Excellent,10,Pass,Good
2904,Male,16,11,83,3.3,2.84,100,55,75,81,Medium,No,No,High School,Low,8.4,3.0,Medium,Average,10,Pass,Good
2905,Male,20,College-2,56,4.6,3.57,100,54,76,79,Low,No,Yes,High School,High,6.3,5.9,High,Poor,16,Pass,Good
2906,Male,19,College-1,77,6.7,3.79,100,69,92,88,Medium,No,No,Graduate,Low,6.3,2.4,Low,Poor,11,Pass,Excellent
2907,Male,19,12,79,5.5,3.53,100,72,93,90,High,No,Yes,Postgraduate,Low,8.0,6.7,Low,Excellent,11,Pass,Excellent
2908,Female,22,College-2,65,2.4,3.72,100,47,71,75,Medium,No,No,Graduate,Low,5.3,3.6,Medium,Poor,14,Pass,Good
2909,Female,20,9,61,6.8,3.44,100,67,88,92,High,No,Yes,Graduate,Low,8.4,1.2,Low,Excellent,15,Pass,Excellent
2910,Female,16,College-2,82,5.3,3.47,100,69,84,84,High,No,Yes,High School,High,6.2,7.0,Medium,Poor,10,Pass,Good
2911,Male,15,9,93,6.3,3.04,100,74,89,91,Low,Yes,Yes,Postgraduate,Medium,5.7,5.0,Low,Excellent,7,Pass,Excellent
2912,Male,16,College-1,90,2.5,2.43,93,67,76,76,High,Yes,Yes,Postgraduate,High,8.5,1.9,Medium,Average,8,Pass,Good
2913,Male,16,College-1,56,3.9,3.91,100,48,80,73,Low,No,No,Postgraduate,Medium,4.5,6.9,High,Average,16,Pass,Good
2914,Male,21,12,58,3.9,2.67,94,57,74,76,Medium,Yes,No,Graduate,Low,5.9,6.5,Low,Average,16,Pass,Good
2915,Male,22,College-2,55,6.9,2.58,95,55,74,78,Medium,Yes,No,Graduate,High,8.0,4.2,Low,Excellent,17,Pass,Good
2916,Male,21,10,77,5.6,3.76,100,69,89,87,High,Yes,No,High School,Medium,4.8,7.0,Low,Good,11,Pass,Excellent
2917,Female,15,10,66,4.7,2.19,79,55,62,70,Low,No,No,High School,High,5.4,2.2,Medium,Good,14,Pass,Good
2918,Female,19,College-2,87,3.9,2.65,94,73,84,82,Medium,Yes,Yes,Postgraduate,Medium,7.4,4.5,Low,Average,9,Pass,Good
2919,Female,15,10,56,6.3,3.02,100,64,82,88,Low,No,Yes,High School,Medium,8.5,7.3,High,Excellent,16,Pass,Excellent
2920,Female,19,11,73,1.4,3.39,100,51,80,74,Medium,No,Yes,High School,Medium,7.7,3.9,Low,Average,12,Pass,Good
2921,Male,21,11,71,6.2,3.39,100,63,81,89,Medium,Yes,No,Graduate,Medium,7.4,4.6,Medium,Excellent,13,Pass,Excellent
2922,Male,18,12,98,2.1,2.84,100,69,77,83,Medium,No,No,Graduate,Medium,7.7,1.3,Low,Poor,6,Pass,Good
2923,Male,15,10,97,7.3,3.17,100,78,97,100,High,No,Yes,Postgraduate,High,7.6,2.8,Low,Good,6,Pass,Excellent
2924,Male,16,College-2,97,6.3,2.23,100,76,84,97,Low,No,No,Graduate,Medium,5.3,6.2,Medium,Good,6,Pass,Excellent
2925,Female,20,College-1,56,6.9,3.02,100,67,89,83,High,No,No,Graduate,High,6.8,2.9,High,Excellent,16,Pass,Good
2926,Male,21,College-1,55,1.7,3.83,100,35,72,68,High,Yes,Yes,Postgraduate,High,8.4,1.6,High,Good,17,Pass,Average
2927,Female,21,College-1,56,1.1,3.45,90,35,69,56,Medium,No,Yes,High School,Low,8.4,7.7,Low,Average,16,Pass,Average
2928,Male,19,10,74,7.6,3.99,100,69,84,94,Low,No,No,Graduate,Low,6.0,5.5,Low,Average,12,Pass,Excellent
2929,Male,19,College-2,71,2.2,2.95,82,43,67,66,High,Yes,No,High School,Medium,7.0,5.2,Medium,Average,13,Pass,Average
2930,Female,17,9,83,7.7,2.29,100,84,97,96,High,Yes,No,Graduate,High,6.9,3.8,Medium,Excellent,10,Pass,Excellent
2931,Female,20,10,98,1.5,3.7,100,52,84,79,Low,Yes,Yes,High School,High,5.8,2.6,Medium,Poor,6,Pass,Good
2932,Female,17,10,69,1.3,2.56,82,35,56,55,Medium,Yes,Yes,High School,Low,8.0,7.1,Medium,Average,13,Pass,Average
2933,Male,22,12,69,1.4,3.6,100,46,77,73,High,No,Yes,Postgraduate,High,8.5,4.1,Low,Poor,13,Pass,Good
2934,Female,20,9,52,6.7,2.54,89,51,72,78,High,No,No,High School,Low,6.7,4.5,Low,Average,17,Pass,Good
2935,Male,21,12,67,5.8,2.55,98,54,81,80,Low,No,Yes,Graduate,Medium,7.5,6.1,Medium,Poor,14,Pass,Good
2936,Female,20,College-2,77,3.2,2.87,100,57,75,79,Medium,No,Yes,Postgraduate,Medium,7.6,7.3,Low,Average,11,Pass,Good
2937,Female,15,College-2,54,5.0,3.39,100,44,79,73,Medium,Yes,Yes,High School,Low,7.1,2.4,High,Excellent,17,Pass,Good
2938,Male,15,College-2,86,7.0,2.61,100,82,99,98,Low,Yes,No,Postgraduate,High,8.0,6.2,Low,Excellent,9,Pass,Excellent
2939,Female,19,College-1,100,7.8,3.67,100,98,93,100,High,No,No,Postgraduate,High,6.4,7.7,Low,Average,5,Pass,Excellent
2940,Male,22,11,50,2.5,3.11,92,43,74,70,Medium,No,No,Graduate,Medium,7.1,2.2,Medium,Excellent,18,Pass,Good
2941,Male,18,10,70,2.5,3.91,100,43,63,65,Low,Yes,No,Graduate,Medium,7.1,2.8,Low,Good,13,Pass,Average
2942,Female,22,10,54,2.0,2.48,77,35,56,54,Low,No,Yes,Postgraduate,Medium,6.4,3.1,Medium,Average,17,Pass,Poor
2943,Female,16,9,59,6.7,2.0,92,57,82,85,Low,Yes,No,Graduate,High,5.6,4.1,High,Excellent,16,Pass,Excellent
2944,Male,18,10,67,1.8,3.2,96,51,80,72,High,Yes,Yes,Postgraduate,Medium,6.6,5.1,Medium,Average,14,Pass,Good
2945,Male,21,College-1,85,6.0,3.06,100,78,84,89,Low,No,No,High School,High,6.3,5.1,Low,Average,9,Pass,Excellent
2946,Female,18,College-2,71,1.3,3.67,100,51,74,68,High,No,Yes,High School,High,8.1,5.4,High,Poor,13,Pass,Average
2947,Female,15,College-1,74,7.6,2.81,100,71,86,94,Medium,No,Yes,Postgraduate,Low,5.7,7.4,Medium,Excellent,12,Pass,Excellent
2948,Male,22,9,61,4.7,2.88,100,61,85,78,High,Yes,Yes,Graduate,High,8.5,4.1,High,Excellent,15,Pass,Good
2949,Male,22,11,66,7.4,3.79,100,66,76,86,Low,No,Yes,Graduate,Low,6.8,6.5,Medium,Poor,14,Pass,Excellent
2950,Female,16,College-1,53,6.0,3.11,100,61,78,79,High,No,Yes,Postgraduate,High,5.6,3.0,Medium,Excellent,17,Pass,Good
2951,Female,21,10,55,2.5,2.48,79,45,59,59,High,No,No,High School,Medium,7.1,1.2,High,Good,17,Pass,Average
2952,Male,15,College-1,52,1.1,3.41,89,37,66,55,High,No,No,Postgraduate,High,5.1,7.5,High,Average,17,Pass,Average
2953,Male,19,College-1,100,5.9,3.98,100,79,83,94,Medium,Yes,No,Postgraduate,High,5.7,6.6,Medium,Good,5,Pass,Excellent
2954,Male,22,12,67,2.6,2.47,83,45,68,68,High,No,No,High School,Low,5.8,6.6,Low,Average,14,Pass,Average
2955,Male,17,12,94,4.0,3.35,100,64,81,89,Low,Yes,No,Graduate,High,8.4,3.7,Low,Excellent,7,Pass,Excellent
2956,Male,20,9,76,6.6,3.53,100,79,88,88,Medium,No,Yes,Postgraduate,Medium,8.9,5.3,High,Poor,11,Pass,Excellent
2957,Male,15,12,57,7.5,2.31,86,71,80,87,High,Yes,No,Graduate,High,6.8,7.1,Medium,Average,16,Pass,Excellent
2958,Male,18,10,87,7.3,2.52,100,81,95,96,Low,Yes,No,Postgraduate,High,5.2,2.0,High,Good,9,Pass,Excellent
2959,Female,18,10,67,6.4,3.14,100,75,81,85,Low,Yes,Yes,Graduate,Medium,5.4,6.6,High,Good,14,Pass,Excellent
2960,Male,21,10,87,7.4,3.32,100,89,97,100,Medium,Yes,Yes,High School,High,6.7,3.4,Medium,Good,9,Pass,Excellent
2961,Male,16,11,52,5.9,2.91,96,45,74,76,Medium,Yes,No,Postgraduate,High,6.8,1.8,High,Excellent,17,Pass,Good
2962,Female,17,9,58,4.5,3.56,100,58,80,83,High,No,Yes,Graduate,Medium,8.8,2.6,Low,Average,16,Pass,Good
2963,Female,19,College-1,97,1.7,2.11,84,58,79,71,High,Yes,No,Graduate,Low,4.9,5.6,High,Average,6,Pass,Good
2964,Male,20,11,84,7.6,2.62,100,89,91,96,High,No,No,Postgraduate,Medium,8.2,3.5,Low,Good,9,Pass,Excellent
2965,Female,19,College-2,75,3.7,3.85,100,57,82,84,Medium,Yes,No,High School,Low,5.5,7.0,Low,Average,12,Pass,Good
2966,Male,20,College-2,71,1.4,2.75,74,43,50,55,Medium,No,No,Graduate,Medium,6.3,3.6,High,Average,13,Pass,Average
2967,Female,17,College-1,80,5.0,3.85,100,70,85,88,High,Yes,Yes,Graduate,Low,8.9,5.1,Low,Excellent,10,Pass,Excellent
2968,Male,19,College-2,51,5.1,3.81,100,56,72,77,High,Yes,Yes,High School,Low,4.6,4.2,Low,Poor,18,Pass,Good
2969,Male,15,College-1,58,4.1,2.47,89,45,62,68,High,Yes,Yes,Graduate,Medium,6.4,5.7,Low,Average,16,Pass,Average
2970,Female,19,College-2,81,4.7,2.62,92,60,73,75,Low,No,No,Graduate,Medium,8.0,1.1,High,Excellent,10,Pass,Good
2971,Female,20,College-2,76,6.3,2.67,100,60,73,88,Low,Yes,No,Graduate,Medium,4.7,5.6,Low,Poor,11,Pass,Excellent
2972,Male,22,12,70,2.9,3.49,100,53,71,70,High,No,Yes,Graduate,High,7.6,7.9,High,Poor,13,Pass,Good
2973,Male,20,11,72,5.7,3.68,100,62,86,83,Low,No,Yes,High School,Low,8.3,7.9,Medium,Good,12,Pass,Good
2974,Male,21,10,76,6.9,3.07,100,71,87,90,Medium,No,No,Graduate,Medium,8.6,3.7,High,Good,11,Pass,Excellent
2975,Male,17,12,89,5.2,2.56,93,67,75,82,Medium,No,No,Postgraduate,High,5.3,2.6,Low,Excellent,8,Pass,Good
2976,Male,18,9,56,3.2,2.47,77,44,53,58,High,No,Yes,Postgraduate,Low,8.5,4.8,Low,Average,16,Pass,Average
2977,Female,18,11,72,4.0,3.79,100,61,88,82,Medium,No,Yes,Graduate,Low,8.2,7.6,High,Average,12,Pass,Good
2978,Male,17,11,64,6.4,2.97,100,56,83,79,High,No,No,Postgraduate,Low,8.5,6.2,Low,Average,14,Pass,Good
2979,Female,19,9,90,5.9,2.99,100,80,96,95,Medium,Yes,No,High School,High,5.9,5.8,High,Excellent,8,Pass,Excellent
2980,Male,19,11,56,6.2,2.97,100,50,79,83,Low,No,Yes,High School,High,6.1,3.4,Low,Good,16,Pass,Good
2981,Female,18,11,66,3.3,3.33,100,42,74,74,High,No,Yes,High School,Medium,4.9,7.3,Low,Excellent,14,Pass,Good
2982,Male,18,12,53,7.2,3.21,100,61,81,83,High,No,Yes,High School,Low,7.4,3.7,Medium,Excellent,17,Pass,Good
2983,Male,18,12,89,1.7,2.76,88,45,69,65,Medium,No,Yes,Postgraduate,High,6.5,5.7,Low,Average,8,Pass,Average
2984,Male,19,11,67,1.5,3.24,99,35,70,63,Low,No,No,High School,Medium,6.7,1.5,High,Good,14,Pass,Average
2985,Female,21,College-2,70,4.7,2.43,96,49,78,79,Low,Yes,No,High School,High,5.4,4.4,High,Poor,13,Pass,Good
2986,Female,15,11,74,6.8,2.94,100,67,75,91,High,No,No,Graduate,Medium,5.9,2.0,Low,Average,12,Pass,Excellent
2987,Male,22,10,51,5.6,2.72,87,62,67,70,Low,Yes,Yes,High School,Medium,6.2,1.0,High,Excellent,18,Pass,Good
2988,Female,15,11,65,6.0,2.37,88,67,76,78,Low,Yes,No,High School,Medium,5.1,8.0,High,Poor,14,Pass,Good
2989,Male,20,10,66,4.3,2.28,86,55,70,73,High,No,Yes,Graduate,Medium,6.1,3.3,Low,Average,14,Pass,Good
2990,Male,22,10,93,5.6,2.59,100,65,86,93,Medium,No,Yes,Postgraduate,Medium,8.1,5.1,Low,Good,7,Pass,Excellent
2991,Female,20,12,91,5.9,2.58,95,84,83,93,Medium,Yes,Yes,Postgraduate,Medium,5.0,7.0,Medium,Average,8,Pass,Excellent
2992,Female,18,11,77,1.3,3.29,91,40,63,60,Medium,Yes,No,Postgraduate,Medium,6.4,4.8,Medium,Average,11,Pass,Average
2993,Female,20,12,59,3.3,2.97,88,55,71,67,Medium,No,Yes,High School,High,7.4,3.0,High,Good,16,Pass,Average
2994,Male,16,10,77,2.4,2.85,95,41,66,72,Low,Yes,Yes,High School,High,5.3,4.4,High,Excellent,11,Pass,Good
2995,Male,20,11,72,6.5,2.52,91,67,80,80,High,No,No,Graduate,High,7.4,5.8,High,Average,12,Pass,Good
2996,Male,15,College-1,89,4.0,3.39,100,58,82,83,Low,No,Yes,Graduate,Low,6.8,2.4,Low,Good,8,Pass,Good
2997,Female,16,11,54,4.4,2.76,81,52,62,66,Medium,No,No,High School,Low,7.6,3.0,High,Poor,17,Pass,Average
2998,Female,20,9,92,7.4,2.04,92,76,80,92,Low,Yes,No,Postgraduate,High,4.7,2.5,Low,Average,7,Pass,Excellent
2999,Male,21,College-2,62,2.1,2.52,73,36,59,56,High,Yes,Yes,Graduate,Medium,6.1,2.8,Medium,Average,15,Pass,Average
3000,Female,22,College-1,80,1.7,2.25,85,50,74,64,High,Yes,Yes,Postgraduate,Low,7.4,2.9,High,Good,10,Pass,Average
3001,Female,20,11,98,5.2,2.6,98,70,88,91,Medium,Yes,Yes,High School,High,5.4,4.0,Medium,Average,6,Pass,Excellent
3002,Male,20,11,55,1.2,2.17,70,35,49,50,Medium,No,Yes,Graduate,High,8.5,3.4,High,Excellent,17,Pass,Poor
3003,Male,18,9,77,5.5,3.76,100,66,88,87,High,No,Yes,Postgraduate,High,5.2,3.7,Medium,Poor,11,Pass,Excellent
3004,Male,16,College-2,80,5.9,3.98,100,77,86,87,High,No,No,Graduate,Medium,6.5,7.6,Low,Average,10,Pass,Excellent
3005,Female,16,12,65,7.7,2.02,85,70,71,81,Medium,No,Yes,Graduate,Low,4.9,5.9,Medium,Average,14,Pass,Good
3006,Female,21,College-1,62,2.2,3.55,100,51,79,71,Medium,No,Yes,High School,Low,6.6,1.9,Medium,Average,15,Pass,Good
3007,Male,21,College-2,54,1.4,3.73,93,35,64,58,Medium,No,Yes,High School,Low,7.5,3.8,Medium,Good,17,Pass,Average
3008,Male,20,College-1,78,4.5,3.36,100,65,84,82,Medium,No,Yes,Graduate,High,7.5,7.5,Medium,Average,11,Pass,Good
3009,Female,21,9,66,7.3,2.55,100,64,77,88,Medium,Yes,Yes,Postgraduate,High,5.3,2.8,Low,Poor,14,Pass,Excellent
3010,Male,19,College-2,93,2.9,3.44,100,69,79,82,Low,No,Yes,Graduate,Low,7.4,7.1,High,Good,7,Pass,Good
3011,Female,19,9,50,5.7,2.96,98,48,77,77,Low,Yes,No,Graduate,Medium,7.7,5.7,Low,Good,18,Pass,Good
3012,Male,19,10,94,2.9,3.73,100,61,78,79,Medium,Yes,Yes,Graduate,Medium,5.5,5.0,High,Good,7,Pass,Good
3013,Female,21,College-1,58,3.6,3.4,100,53,78,77,Low,Yes,Yes,Postgraduate,High,5.6,5.0,High,Poor,16,Pass,Good
3014,Male,17,9,60,2.1,2.78,82,35,51,53,High,No,Yes,Postgraduate,Medium,8.0,6.4,High,Average,15,Pass,Poor
3015,Male,18,9,72,7.1,2.64,96,63,86,86,Medium,Yes,Yes,Postgraduate,Medium,5.0,6.8,Low,Average,12,Pass,Excellent
3016,Female,22,10,81,5.2,2.62,100,63,87,83,Medium,Yes,No,High School,Medium,4.5,3.7,Low,Poor,10,Pass,Good
3017,Female,22,11,93,1.8,2.01,69,55,66,62,Low,Yes,Yes,High School,Low,5.5,2.6,Medium,Poor,7,Pass,Average
3018,Female,18,9,88,3.9,3.08,100,58,75,79,Medium,No,Yes,High School,High,5.5,3.0,High,Poor,8,Pass,Good
3019,Female,18,College-2,63,5.5,3.14,100,51,78,77,Medium,No,No,High School,Low,7.4,3.2,Medium,Good,15,Pass,Good
3020,Male,18,10,76,7.2,3.49,100,74,84,94,Medium,Yes,No,Postgraduate,High,7.7,3.3,Medium,Average,11,Pass,Excellent
3021,Female,20,College-1,95,5.2,3.42,100,76,91,89,Low,Yes,No,High School,Low,7.9,5.0,High,Excellent,7,Pass,Excellent
3022,Female,19,9,50,7.9,2.87,99,58,76,86,Low,No,No,Graduate,High,6.2,1.0,Low,Poor,18,Pass,Excellent
3023,Male,19,9,78,7.2,2.28,100,65,80,89,Low,No,Yes,Graduate,High,4.6,3.8,High,Excellent,11,Pass,Excellent
3024,Female,20,11,62,6.7,2.93,100,56,75,80,Low,No,No,Graduate,High,6.4,3.1,High,Excellent,15,Pass,Good
3025,Male,15,9,89,7.7,2.96,100,85,100,99,High,Yes,Yes,High School,Low,6.7,3.1,Medium,Average,8,Pass,Excellent
3026,Female,19,College-1,56,6.8,2.83,100,55,81,85,Low,No,Yes,Graduate,High,4.5,5.5,Medium,Good,16,Pass,Excellent
3027,Female,15,12,77,7.7,3.59,100,76,90,96,High,Yes,Yes,Postgraduate,Medium,8.9,6.2,High,Good,11,Pass,Excellent
3028,Male,18,10,95,3.8,2.02,85,68,70,77,High,No,No,Postgraduate,High,5.9,1.6,Low,Good,7,Pass,Good
3029,Male,17,9,100,7.2,2.11,97,85,98,100,Low,No,Yes,High School,High,6.4,1.1,Low,Average,5,Pass,Excellent
3030,Female,17,10,83,5.4,3.66,100,62,77,89,Low,Yes,Yes,High School,Medium,8.8,5.5,High,Average,10,Pass,Excellent
3031,Male,22,College-1,64,2.6,2.14,66,42,61,53,Low,No,No,Graduate,Medium,6.9,5.7,High,Average,14,Pass,Poor
3032,Male,19,11,65,3.7,2.36,90,53,76,72,High,No,No,Graduate,Medium,7.4,6.0,Medium,Average,14,Pass,Good
3033,Female,17,9,51,7.3,3.06,100,69,85,90,Low,Yes,Yes,High School,Low,5.2,1.2,Low,Good,18,Pass,Excellent
3034,Female,21,10,65,7.5,2.58,95,78,81,92,Low,Yes,No,High School,Medium,5.5,1.8,Medium,Good,14,Pass,Excellent
3035,Male,17,College-2,53,7.1,2.34,86,70,75,76,High,No,No,High School,Medium,5.8,6.9,Low,Excellent,17,Pass,Good
3036,Male,21,10,87,2.5,2.36,74,62,76,69,Low,Yes,Yes,High School,Medium,7.6,3.9,Low,Good,9,Pass,Average
3037,Female,16,College-2,80,6.0,2.95,100,65,87,87,Medium,Yes,No,Postgraduate,Low,5.8,1.3,High,Good,10,Pass,Excellent
3038,Female,21,College-1,55,6.6,2.15,80,63,72,75,Medium,No,Yes,High School,Low,5.6,4.5,High,Poor,17,Pass,Good
3039,Female,16,9,100,7.3,3.66,100,79,91,94,High,No,Yes,High School,Low,8.0,7.2,Low,Good,5,Pass,Excellent
3040,Male,15,9,74,1.3,2.5,78,53,69,60,Medium,Yes,Yes,High School,High,5.4,6.2,Low,Good,12,Pass,Average
3041,Female,17,12,77,2.6,2.77,81,45,69,69,High,No,No,Postgraduate,High,4.9,4.5,Medium,Poor,11,Pass,Average
3042,Female,16,9,84,1.5,3.06,93,54,79,77,High,No,No,High School,Low,7.3,6.9,High,Poor,9,Pass,Good
3043,Female,16,College-2,61,8.0,2.23,88,69,86,88,Medium,Yes,Yes,Graduate,Medium,5.2,1.7,Medium,Excellent,15,Pass,Excellent
3044,Male,15,9,86,4.3,3.59,100,67,82,85,High,No,No,Postgraduate,High,7.3,3.1,High,Average,9,Pass,Excellent
3045,Male,15,12,65,2.9,3.24,91,39,63,69,Medium,No,Yes,Graduate,Low,4.5,2.8,Medium,Poor,14,Pass,Average
3046,Female,17,College-1,74,5.8,3.71,100,73,82,92,Medium,Yes,Yes,Postgraduate,Medium,6.3,6.1,High,Excellent,12,Pass,Excellent
3047,Female,22,12,88,2.0,2.51,85,55,76,73,Low,Yes,Yes,Postgraduate,Medium,8.0,2.8,Low,Excellent,8,Pass,Good
3048,Female,17,10,59,1.2,2.02,61,43,53,52,Low,Yes,Yes,Graduate,Low,8.9,1.5,High,Excellent,16,Pass,Poor
3049,Male,20,College-1,77,7.9,3.64,100,71,88,89,Medium,Yes,No,Graduate,Low,6.9,3.6,Medium,Excellent,11,Pass,Excellent
3050,Female,20,12,55,6.8,2.64,100,63,81,87,Medium,No,No,High School,Medium,8.1,6.8,Medium,Poor,17,Pass,Excellent
3051,Male,20,College-1,55,6.8,2.04,91,51,73,73,Medium,No,Yes,Graduate,Low,5.1,7.6,Medium,Good,17,Pass,Good
3052,Female,15,College-1,58,3.4,3.42,100,42,74,67,Medium,Yes,No,Postgraduate,High,6.4,3.4,High,Average,16,Pass,Average
3053,Female,18,10,98,1.1,2.29,87,63,82,71,Low,Yes,Yes,Postgraduate,Low,5.6,3.0,Low,Average,6,Pass,Good
3054,Male,19,9,50,5.0,2.98,100,51,76,80,Medium,No,No,Postgraduate,Low,5.8,1.3,Low,Good,18,Pass,Good
3055,Male,22,College-2,78,4.8,3.6,100,72,88,91,High,Yes,No,Graduate,Low,4.7,6.2,Medium,Poor,11,Pass,Excellent
3056,Male,21,10,99,5.2,3.53,100,78,89,89,Medium,No,Yes,Graduate,High,7.1,1.8,Low,Excellent,6,Pass,Excellent
3057,Female,17,College-2,78,5.7,3.83,100,67,80,84,Medium,Yes,No,Graduate,High,6.6,1.5,High,Excellent,11,Pass,Good
3058,Female,22,9,84,4.8,2.19,82,64,75,79,Medium,Yes,No,Graduate,Medium,4.9,5.5,Low,Good,9,Pass,Good
3059,Female,15,9,77,2.1,2.16,82,56,73,66,Low,Yes,Yes,Postgraduate,Medium,5.8,6.8,Low,Excellent,11,Pass,Average
3060,Male,16,11,67,6.9,2.04,86,66,77,82,Low,No,No,High School,Medium,4.9,7.1,Medium,Excellent,14,Pass,Good
3061,Female,18,10,93,6.1,3.85,100,73,91,95,Low,Yes,Yes,Graduate,Medium,8.1,6.9,Medium,Good,7,Pass,Excellent
3062,Female,21,College-1,75,5.6,3.93,100,57,71,80,Medium,Yes,No,Graduate,High,5.8,7.3,High,Average,12,Pass,Good
3063,Female,22,12,53,6.5,3.15,100,67,91,86,Low,No,Yes,Postgraduate,High,6.6,7.5,Medium,Poor,17,Pass,Excellent
3064,Male,16,9,55,6.3,2.81,95,59,84,79,High,Yes,Yes,Postgraduate,Low,5.5,6.9,Medium,Excellent,17,Pass,Good
3065,Female,16,11,98,7.4,2.75,100,77,88,97,Medium,No,Yes,High School,Medium,7.2,5.9,High,Excellent,6,Pass,Excellent
3066,Female,20,College-1,60,4.5,3.81,100,42,68,76,High,Yes,Yes,Postgraduate,High,6.5,6.6,Low,Good,15,Pass,Good
3067,Male,18,10,62,4.2,2.96,99,42,76,76,High,No,Yes,High School,Low,5.0,2.6,High,Excellent,15,Pass,Good
3068,Male,19,9,80,7.4,3.85,100,79,91,96,Medium,No,Yes,Graduate,High,6.4,4.3,High,Poor,10,Pass,Excellent
3069,Female,21,11,81,4.1,2.57,94,67,82,79,Medium,Yes,Yes,Graduate,Low,6.6,5.4,Medium,Average,10,Pass,Good
3070,Female,17,10,66,3.7,3.23,100,52,70,73,High,No,Yes,Graduate,Low,7.6,6.9,Low,Excellent,14,Pass,Good
3071,Female,19,12,80,4.7,2.14,84,70,84,78,Medium,Yes,No,Postgraduate,High,5.6,8.0,Low,Poor,10,Pass,Good
3072,Male,21,College-2,62,1.5,4.0,100,43,78,67,High,No,No,Postgraduate,High,6.9,7.0,Medium,Average,15,Pass,Average
3073,Male,17,9,50,3.3,3.68,100,48,75,70,Medium,Yes,No,Graduate,Medium,7.7,5.7,Low,Excellent,18,Pass,Good
3074,Female,15,College-1,70,6.4,2.13,81,64,80,81,High,No,No,Graduate,Low,6.1,1.6,High,Good,13,Pass,Good
3075,Female,15,9,77,6.9,2.2,85,74,78,83,High,No,No,Postgraduate,Low,8.1,6.5,Low,Excellent,11,Pass,Good
3076,Female,22,10,69,1.5,3.91,100,42,67,67,Medium,Yes,No,Postgraduate,Low,5.1,8.0,Low,Poor,13,Pass,Average
3077,Male,17,9,61,2.1,2.17,81,35,66,63,High,No,Yes,High School,High,8.5,6.0,High,Good,15,Pass,Average
3078,Male,17,10,78,7.8,2.72,100,75,88,95,High,Yes,Yes,High School,High,5.9,7.0,High,Poor,11,Pass,Excellent
3079,Female,15,College-1,85,6.5,3.16,100,84,100,98,Medium,No,No,High School,Low,7.4,3.9,High,Excellent,9,Pass,Excellent
3080,Male,19,11,70,4.6,2.95,100,54,83,84,Medium,No,No,Postgraduate,High,7.9,4.0,High,Poor,13,Pass,Good
3081,Female,17,12,88,1.4,3.15,100,57,76,80,Medium,No,No,Postgraduate,High,6.3,6.7,High,Excellent,8,Pass,Good
3082,Female,17,College-2,61,7.9,3.82,100,62,77,82,Low,Yes,No,Graduate,High,5.7,3.1,Low,Poor,15,Pass,Good
3083,Female,16,10,87,4.6,2.08,77,66,66,76,Medium,No,Yes,Graduate,Medium,7.6,2.0,Low,Excellent,9,Pass,Good
3084,Female,16,College-1,92,3.3,2.0,87,66,83,76,Low,Yes,Yes,High School,Low,9.0,4.4,High,Excellent,7,Pass,Good
3085,Female,19,College-1,51,4.3,3.02,95,44,66,67,Medium,No,No,Postgraduate,Low,5.8,7.1,Low,Poor,18,Pass,Average
3086,Female,22,10,63,2.0,3.33,98,39,67,63,Low,No,No,Postgraduate,Low,8.9,4.8,Low,Excellent,15,Pass,Average
3087,Male,17,College-2,97,2.9,2.84,92,57,74,78,High,Yes,Yes,Graduate,Medium,6.0,7.7,High,Average,6,Pass,Good
3088,Female,15,College-2,97,5.3,3.09,100,68,80,88,Medium,No,Yes,Graduate,Medium,7.6,1.1,High,Average,6,Pass,Excellent
3089,Male,18,9,69,2.8,3.47,100,48,80,77,Medium,No,No,High School,Low,7.7,3.4,High,Poor,13,Pass,Good
3090,Female,20,College-1,58,3.1,3.2,100,41,70,68,Low,Yes,Yes,Postgraduate,Low,6.2,3.1,Low,Good,16,Pass,Average
3091,Male,22,College-2,85,5.8,2.76,100,76,91,96,Low,Yes,No,Graduate,Low,6.8,4.3,Low,Poor,9,Pass,Excellent
3092,Male,21,12,61,2.6,3.86,100,50,67,68,High,No,No,High School,Medium,8.0,6.7,High,Good,15,Pass,Average
3093,Male,20,12,87,6.0,3.26,100,75,87,93,Low,Yes,No,High School,Low,4.5,6.1,Low,Poor,9,Pass,Excellent
3094,Male,15,11,57,7.2,3.37,100,55,73,84,Low,Yes,Yes,High School,High,8.9,4.3,High,Average,16,Pass,Good
3095,Female,16,12,86,6.0,3.06,100,63,82,86,Low,Yes,Yes,Graduate,Medium,6.2,6.4,High,Average,9,Pass,Excellent
3096,Male,21,12,66,6.7,3.23,100,59,86,87,Medium,Yes,No,Postgraduate,High,8.2,7.3,High,Good,14,Pass,Excellent
3097,Male,20,9,79,6.0,3.9,100,62,86,91,Low,No,No,High School,Medium,8.0,2.3,Low,Average,11,Pass,Excellent
3098,Female,19,College-2,97,4.2,3.38,100,63,81,88,High,No,No,Graduate,Medium,8.3,1.4,High,Excellent,6,Pass,Excellent
3099,Male,19,9,74,4.3,3.46,100,61,75,80,Low,Yes,Yes,Postgraduate,Low,8.0,7.5,Low,Excellent,12,Pass,Good
3100,Male,17,10,66,2.3,2.2,79,41,68,64,Medium,Yes,Yes,Graduate,Medium,6.8,4.4,Low,Average,14,Pass,Average
3101,Female,22,College-1,63,6.0,2.68,91,66,85,80,Medium,No,Yes,High School,High,5.7,1.3,High,Poor,15,Pass,Good
3102,Female,18,College-1,52,1.1,3.97,100,35,64,62,Low,Yes,No,Postgraduate,High,6.1,1.6,High,Poor,17,Pass,Average
3103,Female,15,College-2,68,1.4,3.35,93,35,66,62,Low,No,No,Graduate,Medium,6.3,5.1,Medium,Good,13,Pass,Average
3104,Male,19,11,56,7.6,3.52,100,60,78,82,Medium,No,No,High School,Low,5.5,4.6,High,Average,16,Pass,Good
3105,Male,17,12,90,4.8,3.98,100,62,82,88,High,No,No,Graduate,Low,5.6,3.6,Low,Excellent,8,Pass,Excellent
3106,Female,15,11,78,2.7,2.08,67,55,64,64,Medium,No,Yes,High School,Medium,8.3,4.4,High,Average,11,Pass,Average
3107,Female,15,12,55,5.4,2.33,96,59,83,78,High,Yes,No,High School,High,6.9,7.1,Medium,Excellent,17,Pass,Good
3108,Male,16,College-2,50,5.3,3.68,100,58,76,74,Low,No,No,Postgraduate,Medium,6.1,3.8,Medium,Average,18,Pass,Good
3109,Female,17,College-1,73,4.9,2.64,91,63,75,82,High,No,Yes,Postgraduate,High,5.6,5.1,Medium,Poor,12,Pass,Good
3110,Male,17,9,92,4.3,2.44,93,65,83,83,Medium,Yes,No,Graduate,High,7.4,4.8,Low,Poor,7,Pass,Good
3111,Male,19,College-2,50,2.4,3.33,100,41,73,66,Medium,Yes,Yes,Postgraduate,High,8.2,4.7,Medium,Average,18,Pass,Average
3112,Female,22,College-1,68,7.9,2.17,100,68,90,94,Low,No,Yes,Graduate,High,8.6,2.7,High,Average,13,Pass,Excellent
3113,Male,16,9,58,7.6,2.18,97,59,85,82,Low,No,Yes,High School,Low,6.8,7.6,Medium,Average,16,Pass,Good
3114,Female,15,9,77,1.5,3.99,100,51,69,68,Low,Yes,Yes,High School,Low,5.9,4.2,Low,Poor,11,Pass,Average
3115,Male,18,College-2,93,5.5,3.1,100,72,78,92,High,Yes,Yes,Graduate,High,7.7,2.9,High,Poor,7,Pass,Excellent
3116,Female,20,12,87,2.0,2.53,82,63,78,71,Low,No,No,Postgraduate,High,8.0,7.6,Low,Good,9,Pass,Good
3117,Female,15,College-2,94,5.4,3.82,100,83,97,96,High,Yes,No,Postgraduate,Medium,7.8,2.4,High,Poor,7,Pass,Excellent
3118,Female,20,12,88,2.3,3.73,100,52,84,80,Low,No,No,Postgraduate,Low,7.5,6.3,Low,Excellent,8,Pass,Good
3119,Female,15,College-2,75,3.9,3.46,100,65,79,79,High,No,No,Graduate,Medium,7.3,1.8,Medium,Excellent,12,Pass,Good
3120,Male,15,9,73,6.9,2.64,100,76,93,90,Medium,No,Yes,Postgraduate,Medium,6.5,5.6,High,Average,12,Pass,Excellent
3121,Female,19,College-2,62,5.6,3.68,100,67,82,84,Low,Yes,No,Graduate,High,5.6,4.3,High,Excellent,15,Pass,Good
3122,Female,17,9,71,4.1,3.09,100,54,81,83,Medium,Yes,Yes,High School,Low,6.5,5.5,Low,Poor,13,Pass,Good
3123,Male,17,College-1,90,3.3,3.17,100,67,91,90,High,No,No,Graduate,Medium,8.1,5.8,High,Average,8,Pass,Excellent
3124,Female,17,10,53,4.6,3.37,100,58,73,81,High,Yes,No,Postgraduate,Medium,6.9,4.5,Low,Good,17,Pass,Good
3125,Female,22,9,68,5.4,3.79,100,51,76,75,Low,No,Yes,Graduate,High,7.0,4.4,High,Good,13,Pass,Good
3126,Female,17,College-2,87,3.6,3.66,100,70,85,88,High,No,No,High School,Medium,5.7,4.0,Low,Excellent,9,Pass,Excellent
3127,Female,22,9,60,4.9,3.43,100,47,76,74,Low,Yes,No,High School,Medium,6.7,1.6,Low,Poor,15,Pass,Good
3128,Male,17,10,67,6.5,3.2,100,71,79,83,Low,Yes,Yes,Postgraduate,High,7.7,5.0,High,Excellent,14,Pass,Good
3129,Female,16,12,52,3.2,2.22,84,35,66,62,High,No,Yes,Graduate,Medium,5.4,3.2,Medium,Good,17,Pass,Average
3130,Female,19,College-2,69,3.3,2.49,81,51,69,70,High,Yes,No,Postgraduate,Medium,8.1,2.3,Medium,Average,13,Pass,Good
3131,Male,15,12,51,5.8,2.82,96,60,82,79,Medium,No,Yes,Graduate,Low,6.2,2.6,Medium,Poor,18,Pass,Good
3132,Female,22,12,54,7.9,2.8,100,56,82,83,High,Yes,Yes,Graduate,Low,4.9,3.6,Medium,Good,17,Pass,Good
3133,Female,15,College-1,59,2.9,2.87,97,36,68,68,Low,No,Yes,Graduate,High,8.4,4.8,Low,Good,16,Pass,Average
3134,Male,18,10,52,7.6,2.31,92,74,87,86,Medium,Yes,Yes,High School,Medium,6.2,2.5,High,Poor,17,Pass,Excellent
3135,Male,16,College-1,61,4.0,2.56,84,56,70,67,Low,Yes,No,High School,High,8.8,7.3,Low,Excellent,15,Pass,Average
3136,Male,21,11,63,2.7,3.32,100,39,71,70,Medium,Yes,Yes,Postgraduate,High,7.5,7.6,Low,Good,15,Pass,Good
3137,Male,18,College-1,86,6.2,3.82,100,64,74,85,Low,Yes,Yes,Graduate,Medium,5.1,6.4,Low,Excellent,9,Pass,Excellent
3138,Male,16,12,81,5.0,3.36,100,68,76,82,Low,Yes,Yes,High School,High,6.7,3.8,Medium,Poor,10,Pass,Good
3139,Female,17,College-2,65,6.1,2.75,100,66,80,81,Medium,No,Yes,Graduate,High,6.1,1.6,High,Poor,14,Pass,Good
3140,Male,16,College-1,86,2.8,2.99,100,64,79,77,High,Yes,No,Graduate,Medium,5.7,4.1,High,Average,9,Pass,Good
3141,Male,17,College-2,56,3.8,2.01,79,50,65,62,Low,Yes,Yes,High School,Medium,6.2,5.2,Low,Excellent,16,Pass,Average
3142,Male,19,11,62,4.2,2.79,85,47,68,68,Low,No,No,Graduate,Medium,8.4,6.1,High,Poor,15,Pass,Average
3143,Male,20,12,67,2.8,2.85,86,45,65,68,High,No,Yes,Graduate,High,5.8,1.6,Medium,Average,14,Pass,Average
3144,Female,16,College-1,98,3.4,2.26,86,64,74,78,High,No,No,High School,High,5.3,2.7,High,Excellent,6,Pass,Good
3145,Female,21,10,80,3.2,3.43,100,56,84,84,Medium,Yes,Yes,Postgraduate,Medium,8.1,4.5,Low,Average,10,Pass,Good
3146,Female,17,11,51,3.1,3.98,100,50,76,68,High,No,Yes,Graduate,Low,7.5,4.1,Medium,Average,18,Pass,Average
3147,Male,17,9,83,7.1,2.01,96,84,86,98,High,No,Yes,Postgraduate,High,7.6,5.7,High,Average,10,Pass,Excellent
3148,Male,20,College-2,60,8.0,2.35,91,60,75,84,Medium,No,Yes,High School,Low,7.1,1.9,High,Average,15,Pass,Good
3149,Male,15,College-2,81,7.1,3.92,100,71,87,95,Low,Yes,No,Postgraduate,High,7.1,5.1,Low,Good,10,Pass,Excellent
3150,Male,21,9,79,5.0,3.8,100,64,82,86,Low,Yes,Yes,Graduate,Low,8.1,6.8,High,Poor,11,Pass,Excellent
3151,Female,15,12,91,4.3,2.96,100,60,87,88,High,No,Yes,Graduate,Medium,7.4,1.1,Low,Good,8,Pass,Excellent
3152,Female,21,9,86,2.1,2.23,79,45,59,65,Low,No,No,Postgraduate,Medium,7.5,4.8,Low,Poor,9,Pass,Average
3153,Male,22,10,99,4.1,2.12,89,69,87,81,High,No,Yes,High School,Low,6.2,5.1,Medium,Excellent,6,Pass,Good
3154,Female,22,9,82,3.0,2.46,80,64,78,69,Medium,No,Yes,Postgraduate,High,7.6,2.9,High,Good,10,Pass,Average
3155,Female,15,9,93,5.3,2.65,100,65,83,85,Medium,Yes,Yes,Postgraduate,High,8.5,6.3,High,Poor,7,Pass,Excellent
3156,Male,18,11,64,3.6,3.81,100,44,67,69,Low,No,Yes,Graduate,Medium,5.5,6.7,High,Excellent,14,Pass,Average
3157,Female,16,9,76,2.7,3.3,99,58,84,82,Medium,No,Yes,High School,Low,8.7,7.9,High,Good,11,Pass,Good
3158,Female,18,10,89,2.8,2.3,86,58,74,77,Medium,No,No,Graduate,High,7.7,1.8,Low,Good,8,Pass,Good
3159,Male,15,12,64,1.6,2.05,57,35,39,48,Low,Yes,Yes,Graduate,Medium,8.1,7.3,Low,Average,14,Fail,Poor
3160,Male,22,College-1,74,3.4,3.65,100,46,81,72,High,No,No,High School,Medium,5.7,7.4,High,Poor,12,Pass,Good
3161,Female,19,College-1,72,3.0,3.81,100,61,78,78,High,Yes,Yes,Graduate,High,5.6,5.1,Medium,Poor,12,Pass,Good
3162,Male,18,10,83,1.3,2.01,78,48,67,59,Low,Yes,No,Graduate,High,8.5,1.2,Low,Excellent,10,Pass,Average
3163,Female,15,College-2,74,3.0,2.48,76,56,69,71,Medium,No,Yes,Postgraduate,Low,7.9,6.9,Low,Excellent,12,Pass,Good
3164,Male,21,11,78,1.8,2.75,80,38,61,63,Low,No,No,Postgraduate,Medium,7.1,4.1,Medium,Good,11,Pass,Average
3165,Male,19,12,95,4.7,2.73,100,73,88,90,High,Yes,Yes,Graduate,High,7.2,1.6,High,Poor,7,Pass,Excellent
3166,Male,16,College-1,50,4.3,3.12,100,56,77,78,Medium,Yes,Yes,High School,Medium,8.7,5.4,High,Poor,18,Pass,Good
3167,Male,17,College-2,79,6.2,2.35,96,76,81,92,Medium,No,No,High School,Medium,5.1,7.8,Low,Poor,11,Pass,Excellent
3168,Female,17,11,78,8.0,2.53,100,82,83,99,High,No,No,Graduate,Medium,8.4,3.2,Low,Average,11,Pass,Excellent
3169,Female,16,11,71,2.8,3.59,100,57,81,80,High,Yes,Yes,Postgraduate,High,8.4,4.8,Medium,Poor,13,Pass,Good
3170,Female,17,9,94,7.1,3.86,100,81,95,100,Medium,No,Yes,Postgraduate,High,8.8,3.3,Medium,Average,7,Pass,Excellent
3171,Female,17,11,100,5.1,2.1,93,77,89,87,High,No,Yes,High School,Low,8.5,7.4,Low,Good,5,Pass,Excellent
3172,Female,20,9,80,5.1,3.8,100,57,73,84,Medium,No,Yes,Graduate,Low,6.7,3.8,Medium,Poor,10,Pass,Good
3173,Male,21,12,93,6.6,3.75,100,73,82,89,Low,Yes,Yes,Graduate,Low,6.4,4.6,Medium,Poor,7,Pass,Excellent
3174,Male,17,12,55,4.2,3.72,100,48,82,79,Low,Yes,No,Postgraduate,Medium,7.3,4.1,Low,Excellent,17,Pass,Good
3175,Male,17,11,50,1.6,3.1,83,35,55,59,High,Yes,Yes,Graduate,High,8.9,7.8,Medium,Excellent,18,Pass,Average
3176,Male,20,12,96,3.2,3.85,100,61,79,85,Medium,Yes,No,Graduate,Low,8.0,1.7,High,Excellent,6,Pass,Excellent
3177,Male,16,11,71,2.4,3.09,92,44,72,69,Low,No,No,Graduate,High,5.0,4.6,Medium,Poor,13,Pass,Average
3178,Male,22,9,74,3.7,2.09,73,50,56,61,Low,Yes,Yes,Postgraduate,Medium,7.4,2.5,Medium,Excellent,12,Pass,Average
3179,Male,18,11,66,7.8,2.27,98,65,78,90,Low,Yes,No,Postgraduate,High,8.2,1.6,Low,Good,14,Pass,Excellent
3180,Female,18,12,67,8.0,3.77,100,75,91,96,Medium,Yes,Yes,Graduate,Low,7.7,5.4,High,Average,14,Pass,Excellent
3181,Female,20,College-1,52,2.6,2.96,86,35,66,60,High,Yes,Yes,High School,Low,8.9,5.8,Low,Average,17,Pass,Average
3182,Male,18,College-2,68,7.8,2.9,100,75,88,94,High,No,Yes,Postgraduate,High,5.1,7.8,High,Excellent,13,Pass,Excellent
3183,Male,15,12,90,6.2,2.63,100,71,91,96,Medium,No,No,High School,Low,8.6,1.5,High,Poor,8,Pass,Excellent
3184,Male,16,9,96,6.4,3.39,100,72,79,94,High,No,No,High School,Low,6.7,6.3,Medium,Average,6,Pass,Excellent
3185,Male,15,10,91,7.5,2.77,100,90,99,100,High,No,Yes,Graduate,High,5.9,3.4,High,Average,8,Pass,Excellent
3186,Female,18,10,58,4.2,3.65,100,59,71,79,Medium,No,Yes,Graduate,Medium,7.7,4.7,High,Excellent,16,Pass,Good
3187,Male,19,12,72,4.2,2.43,89,66,74,73,Low,Yes,Yes,Postgraduate,Medium,8.1,3.2,Medium,Average,12,Pass,Good
3188,Female,22,College-1,66,4.2,3.74,100,46,77,80,High,Yes,Yes,High School,Low,7.1,5.8,Low,Good,14,Pass,Good
3189,Female,21,College-1,93,2.9,2.91,97,68,83,79,High,No,No,Graduate,Low,7.1,3.0,High,Good,7,Pass,Good
3190,Male,22,9,61,1.8,3.49,91,37,60,59,Low,Yes,Yes,Graduate,Low,6.2,2.0,High,Average,15,Pass,Average
3191,Female,20,College-2,78,3.8,3.88,100,54,80,78,High,Yes,No,Postgraduate,High,5.8,3.8,Low,Average,11,Pass,Good
3192,Female,15,10,78,2.2,3.59,100,60,78,81,High,Yes,No,Graduate,High,8.8,6.8,Medium,Average,11,Pass,Good
3193,Male,16,College-1,53,6.0,2.42,83,65,68,75,High,Yes,No,High School,Medium,6.0,7.6,Low,Good,17,Pass,Good
3194,Male,19,12,84,5.5,2.07,94,62,81,87,Low,No,No,Graduate,High,5.9,1.1,Medium,Average,9,Pass,Excellent
3195,Male,19,11,54,4.3,3.85,100,43,72,73,Medium,No,No,High School,High,8.7,6.3,Medium,Excellent,17,Pass,Good
3196,Female,19,11,71,2.4,2.77,84,44,64,63,Low,Yes,Yes,Postgraduate,Low,4.7,3.1,Low,Poor,13,Pass,Average
3197,Male,15,11,89,7.8,3.01,100,76,86,99,High,Yes,Yes,Postgraduate,High,8.1,5.5,High,Average,8,Pass,Excellent
3198,Female,21,12,51,8.0,2.37,87,60,74,82,High,No,Yes,Postgraduate,Medium,7.7,5.6,High,Average,18,Pass,Good
3199,Female,22,10,94,4.8,2.82,100,62,73,88,Medium,No,No,High School,Medium,7.0,3.6,High,Good,7,Pass,Excellent
3200,Female,18,11,87,1.1,2.73,82,40,56,63,High,Yes,No,Postgraduate,Medium,5.0,1.6,Medium,Excellent,9,Pass,Average
3201,Male,16,11,87,2.6,2.66,93,55,75,79,High,Yes,Yes,High School,Low,4.8,4.3,High,Good,9,Pass,Good
3202,Male,16,12,71,7.7,2.04,94,75,86,91,High,No,No,Graduate,Low,7.9,4.5,Low,Excellent,13,Pass,Excellent
3203,Male,17,College-1,88,3.0,3.05,97,61,72,75,High,No,Yes,Postgraduate,Low,6.2,3.5,High,Excellent,8,Pass,Good
3204,Female,19,College-2,74,4.5,2.8,98,54,84,79,Low,Yes,No,High School,High,6.9,1.7,Low,Excellent,12,Pass,Good
3205,Female,17,12,56,7.6,2.86,100,76,94,96,Medium,Yes,Yes,High School,High,8.4,6.4,High,Good,16,Pass,Excellent
3206,Female,16,9,53,2.3,2.01,70,46,57,52,Medium,No,Yes,Graduate,High,7.3,6.6,Low,Good,17,Pass,Poor
3207,Male,19,12,66,2.2,2.89,87,54,63,66,Low,No,Yes,Postgraduate,High,8.2,4.9,High,Excellent,14,Pass,Average
3208,Male,18,12,81,6.7,2.16,96,83,86,95,High,Yes,Yes,Graduate,High,7.9,6.9,High,Good,10,Pass,Excellent
3209,Male,19,9,93,1.1,3.38,99,42,71,68,Medium,Yes,No,High School,Medium,7.6,6.9,Medium,Excellent,7,Pass,Average
3210,Female,21,10,79,2.9,2.89,97,56,82,73,High,No,Yes,Graduate,Medium,6.5,2.7,Low,Excellent,11,Pass,Good
3211,Female,16,12,54,5.6,2.81,100,56,81,82,Low,No,No,Graduate,Medium,7.7,1.7,High,Average,17,Pass,Good
3212,Male,15,10,70,3.8,2.41,85,46,57,69,High,Yes,Yes,Graduate,High,5.6,6.1,High,Poor,13,Pass,Average
3213,Female,19,College-2,67,1.5,2.09,60,51,61,55,High,Yes,No,Postgraduate,Medium,4.9,6.2,High,Excellent,14,Pass,Average
3214,Male,19,11,56,8.0,2.26,100,59,76,88,High,Yes,No,Graduate,High,8.4,2.9,Low,Poor,16,Pass,Excellent
3215,Female,19,10,97,4.5,3.29,100,75,87,91,Medium,No,Yes,Postgraduate,Medium,7.1,4.2,High,Excellent,6,Pass,Excellent
3216,Male,15,12,53,7.6,3.26,100,66,87,86,High,Yes,No,High School,Low,6.2,7.1,Low,Poor,17,Pass,Excellent
3217,Female,20,10,96,7.5,3.02,100,82,89,98,High,No,No,High School,High,7.4,7.8,Low,Poor,6,Pass,Excellent
3218,Female,19,9,94,2.4,2.78,100,65,75,83,Low,No,Yes,Graduate,High,6.8,8.0,Low,Excellent,7,Pass,Good
3219,Female,19,12,85,7.8,3.79,100,80,96,100,Medium,Yes,No,High School,Medium,7.7,2.9,High,Average,9,Pass,Excellent
3220,Male,15,College-2,75,7.3,2.04,99,68,82,85,Low,Yes,Yes,Postgraduate,Medium,4.6,6.3,High,Poor,12,Pass,Excellent
3221,Male,17,10,76,5.5,3.25,100,65,84,87,Low,Yes,Yes,High School,High,7.8,4.9,High,Poor,11,Pass,Excellent
3222,Male,22,10,75,5.4,3.64,100,59,75,83,Low,No,No,High School,Medium,5.4,7.7,Low,Excellent,12,Pass,Good
3223,Male,17,10,53,4.6,3.33,100,56,78,73,High,Yes,Yes,High School,High,7.0,7.5,High,Good,17,Pass,Good
3224,Male,21,10,77,6.3,3.17,100,62,74,81,Low,Yes,Yes,Postgraduate,Low,8.9,1.8,Medium,Good,11,Pass,Good
3225,Male,17,12,95,7.6,2.52,100,84,92,96,Low,Yes,No,Postgraduate,High,8.3,1.6,High,Excellent,7,Pass,Excellent
3226,Female,19,College-1,66,6.4,2.69,100,61,73,84,Medium,Yes,Yes,Graduate,Medium,5.2,2.2,Low,Average,14,Pass,Good
3227,Female,22,10,96,1.4,2.1,65,65,64,68,Medium,No,No,Graduate,High,8.6,8.0,Medium,Excellent,6,Pass,Average
3228,Male,18,12,81,7.7,2.63,100,76,87,93,High,Yes,Yes,High School,High,7.8,7.4,High,Good,10,Pass,Excellent
3229,Female,16,10,100,5.7,2.58,100,80,85,96,High,Yes,No,Postgraduate,High,6.0,5.2,Medium,Average,5,Pass,Excellent
3230,Female,21,9,67,4.8,2.71,90,55,68,71,Medium,Yes,No,High School,Low,8.5,6.6,Low,Excellent,14,Pass,Good
3231,Female,22,11,96,5.9,2.89,100,77,90,92,Medium,Yes,No,High School,Low,8.7,1.4,Medium,Excellent,6,Pass,Excellent
3232,Male,21,12,95,3.1,3.58,100,71,78,81,High,No,Yes,High School,Low,5.8,5.8,Low,Good,7,Pass,Good
3233,Female,16,College-1,98,5.0,3.46,100,81,88,94,Medium,Yes,No,Postgraduate,Medium,5.1,5.7,High,Poor,6,Pass,Excellent
3234,Male,16,10,62,5.3,2.46,80,53,69,70,Medium,Yes,Yes,High School,High,5.4,6.4,High,Good,15,Pass,Good
3235,Female,20,College-1,100,5.9,3.8,100,86,88,92,High,No,Yes,High School,High,8.1,2.9,Low,Average,5,Pass,Excellent
3236,Male,15,12,80,4.7,3.04,100,70,89,88,Low,Yes,No,Graduate,Medium,7.3,2.0,High,Excellent,10,Pass,Excellent
3237,Female,22,9,62,7.4,3.7,100,60,80,82,Medium,No,No,Graduate,Medium,8.0,4.8,Medium,Poor,15,Pass,Good
3238,Female,22,10,57,4.8,2.53,84,56,67,69,Low,Yes,Yes,Postgraduate,Medium,4.9,1.7,Low,Good,16,Pass,Average
3239,Male,16,College-2,82,3.1,2.32,88,51,76,72,Medium,Yes,No,Postgraduate,High,8.3,1.1,Low,Average,10,Pass,Good
3240,Male,21,12,54,7.1,2.14,90,64,76,77,Medium,No,No,High School,Medium,7.7,2.6,Medium,Excellent,17,Pass,Good
3241,Female,19,9,57,5.6,2.05,77,55,70,69,High,No,Yes,Graduate,High,6.8,2.9,High,Excellent,16,Pass,Average
3242,Female,22,10,100,5.4,3.39,100,72,82,94,Medium,Yes,No,High School,High,6.8,1.7,Low,Poor,5,Pass,Excellent
3243,Male,21,10,55,6.5,3.41,100,57,73,77,Medium,No,Yes,Postgraduate,High,4.6,4.4,Medium,Poor,17,Pass,Good
3244,Male,22,11,63,7.4,3.03,100,64,81,89,High,No,No,Graduate,High,5.3,1.4,High,Good,15,Pass,Excellent
3245,Female,19,12,96,7.8,3.89,100,93,100,100,High,No,Yes,Graduate,Medium,8.0,7.4,Low,Excellent,6,Pass,Excellent
3246,Male,22,12,75,4.9,3.49,100,52,80,84,High,Yes,Yes,Graduate,Medium,6.5,6.4,Low,Average,12,Pass,Good
3247,Female,15,College-1,70,7.8,3.9,100,81,97,92,Low,Yes,Yes,High School,Low,7.2,7.3,Low,Excellent,13,Pass,Excellent
3248,Male,17,12,63,3.2,3.11,97,50,80,77,Low,Yes,No,Postgraduate,Low,8.6,6.0,High,Average,15,Pass,Good
3249,Male,17,College-1,62,3.2,3.01,93,46,68,66,Medium,Yes,Yes,High School,Medium,5.1,7.8,High,Average,15,Pass,Average
3250,Male,19,12,53,1.3,3.96,100,35,75,68,High,No,No,Graduate,High,5.6,1.3,Medium,Average,17,Pass,Average
3251,Female,16,10,51,2.3,3.49,89,46,65,60,Medium,No,No,Postgraduate,Low,4.9,2.2,Medium,Poor,18,Pass,Average
3252,Male,17,9,95,5.2,3.72,100,80,91,92,High,No,No,Graduate,Low,6.2,4.9,High,Good,7,Pass,Excellent
3253,Male,16,9,55,7.3,2.81,100,65,80,86,Medium,No,Yes,Postgraduate,Medium,5.7,3.6,High,Excellent,17,Pass,Excellent
3254,Female,18,College-2,60,2.0,3.57,100,35,63,67,Low,Yes,Yes,Graduate,Low,8.8,3.4,Medium,Good,15,Pass,Average
3255,Female,17,11,68,5.7,2.63,87,59,65,72,Medium,No,No,Graduate,Low,7.1,3.6,Low,Excellent,13,Pass,Good
3256,Male,21,12,78,5.7,3.92,100,59,84,86,Low,No,No,Postgraduate,Medium,6.8,4.9,Low,Poor,11,Pass,Excellent
3257,Male,18,12,79,2.5,3.93,100,57,82,78,Low,No,No,Graduate,Medium,7.7,2.2,Low,Average,11,Pass,Good
3258,Female,16,College-2,88,1.6,2.67,87,58,72,67,Medium,Yes,Yes,Postgraduate,Low,8.7,3.5,Medium,Excellent,8,Pass,Average
3259,Female,18,12,52,6.0,3.95,100,48,81,79,High,Yes,Yes,Graduate,High,5.1,5.2,Medium,Excellent,17,Pass,Good
3260,Male,16,12,52,4.3,2.53,85,40,69,64,Low,No,Yes,High School,High,7.5,6.6,High,Good,17,Pass,Average
3261,Male,21,11,70,3.8,3.77,100,62,85,84,Low,No,No,Graduate,High,8.7,1.5,Medium,Average,13,Pass,Good
3262,Male,21,11,80,5.1,3.87,100,68,89,84,Low,Yes,No,Graduate,High,7.5,8.0,Medium,Excellent,10,Pass,Good
3263,Female,22,College-2,62,6.5,3.99,100,62,83,82,Medium,Yes,No,High School,High,4.9,5.5,High,Good,15,Pass,Good
3264,Male,22,College-2,97,3.4,2.62,96,68,83,85,Medium,No,Yes,High School,High,7.7,5.7,Medium,Excellent,6,Pass,Excellent
3265,Female,16,College-1,73,2.1,3.86,100,49,71,70,Low,No,Yes,Graduate,High,6.5,7.4,Low,Poor,12,Pass,Good
3266,Female,19,College-1,52,4.9,2.2,79,53,59,64,Low,Yes,Yes,Graduate,Medium,5.6,2.7,Medium,Average,17,Pass,Average
3267,Female,19,College-1,82,4.6,3.31,100,72,85,89,Medium,Yes,Yes,Postgraduate,Low,7.8,2.6,Medium,Excellent,10,Pass,Excellent
3268,Male,16,9,77,3.3,3.83,100,46,65,77,Low,Yes,Yes,High School,High,5.7,5.3,Medium,Excellent,11,Pass,Good
3269,Female,17,12,76,6.9,3.44,100,70,86,93,High,No,No,Graduate,Low,6.6,1.1,Low,Good,11,Pass,Excellent
3270,Female,18,12,98,2.1,2.27,90,52,74,75,Medium,Yes,No,High School,High,4.8,1.6,Medium,Excellent,6,Pass,Good
3271,Male,15,12,97,3.8,2.27,85,63,82,84,High,Yes,Yes,Graduate,Medium,5.0,2.2,Medium,Good,6,Pass,Good
3272,Female,15,12,75,1.1,3.82,100,51,70,68,High,Yes,Yes,High School,Low,5.5,7.9,Low,Poor,12,Pass,Average
3273,Male,18,12,70,7.0,2.75,99,75,88,94,Medium,Yes,No,High School,Medium,5.5,5.2,Medium,Excellent,13,Pass,Excellent
3274,Male,22,College-1,94,3.7,3.84,100,74,93,90,Medium,Yes,Yes,Postgraduate,Medium,7.6,4.9,High,Excellent,7,Pass,Excellent
3275,Male,19,College-2,63,7.2,3.33,100,59,75,87,High,No,Yes,Graduate,Low,6.1,3.5,Medium,Good,15,Pass,Excellent
3276,Female,19,11,65,7.6,2.73,100,75,80,89,High,Yes,No,Graduate,Low,4.9,5.0,Low,Poor,14,Pass,Excellent
3277,Male,21,9,58,1.3,3.33,82,45,69,64,Medium,Yes,Yes,High School,Low,7.9,4.5,Low,Poor,16,Pass,Average
3278,Female,20,11,68,3.9,2.29,73,44,66,63,Low,No,No,Postgraduate,Medium,6.7,4.3,High,Excellent,13,Pass,Average
3279,Male,15,11,59,2.3,3.29,94,40,62,61,Medium,No,Yes,Postgraduate,High,7.3,7.7,Low,Average,16,Pass,Average
3280,Female,17,College-2,94,7.1,3.67,100,72,90,95,Low,No,Yes,Postgraduate,High,7.4,6.3,High,Good,7,Pass,Excellent
3281,Male,15,College-2,55,4.2,2.61,92,38,58,65,Medium,No,Yes,Graduate,Low,6.1,2.0,Low,Good,17,Pass,Average
3282,Male,17,11,71,2.5,2.61,92,45,64,65,Low,No,Yes,Graduate,High,5.2,6.9,Low,Excellent,13,Pass,Average
3283,Female,21,12,65,7.3,3.9,100,61,80,84,Medium,Yes,Yes,Postgraduate,Low,7.6,2.0,High,Good,14,Pass,Good
3284,Male,16,College-2,97,3.1,3.39,100,60,87,87,Low,No,No,High School,Low,8.5,4.8,Low,Good,6,Pass,Excellent
3285,Male,15,College-2,98,1.3,3.17,96,53,67,71,High,No,No,Postgraduate,Medium,6.9,6.7,High,Excellent,6,Pass,Good
3286,Female,22,11,73,3.3,2.7,94,57,79,72,Medium,No,No,Graduate,Low,7.5,2.1,High,Average,12,Pass,Good
3287,Female,19,10,81,4.5,2.29,89,57,78,75,Low,Yes,Yes,Graduate,Medium,4.6,5.2,Low,Good,10,Pass,Good
3288,Male,18,College-2,61,2.3,3.22,99,35,68,68,Medium,No,No,Graduate,High,8.1,7.8,Low,Poor,15,Pass,Average
3289,Male,22,11,61,2.8,2.77,83,46,60,64,High,No,Yes,High School,High,5.8,2.7,Medium,Average,15,Pass,Average
3290,Female,17,12,90,3.1,2.86,88,63,77,73,Medium,No,No,Postgraduate,Medium,6.7,4.3,High,Poor,8,Pass,Good
3291,Female,16,11,72,5.7,2.44,84,74,78,78,High,No,Yes,Postgraduate,High,8.5,5.0,High,Average,12,Pass,Good
3292,Male,20,11,76,4.7,2.92,92,61,80,83,Medium,Yes,Yes,Graduate,Medium,6.3,5.4,High,Poor,11,Pass,Good
3293,Male,16,12,85,4.6,2.76,93,57,78,76,Low,No,Yes,Postgraduate,Medium,8.1,5.2,Low,Poor,9,Pass,Good
3294,Male,21,9,96,2.3,2.23,84,54,69,73,Medium,Yes,Yes,Graduate,High,6.4,2.5,Medium,Excellent,6,Pass,Good
3295,Female,22,9,89,1.1,2.3,79,57,64,69,High,Yes,Yes,Postgraduate,Low,5.7,3.3,Low,Excellent,8,Pass,Average
3296,Male,16,10,95,1.7,3.56,100,56,84,78,Low,Yes,Yes,Graduate,High,8.7,5.9,High,Poor,7,Pass,Good
3297,Male,19,12,70,3.9,3.99,100,58,75,81,Low,Yes,Yes,Postgraduate,High,5.6,6.6,Medium,Excellent,13,Pass,Good
3298,Female,19,11,51,5.6,3.88,100,54,69,76,High,Yes,Yes,Postgraduate,Low,7.0,4.5,Low,Poor,18,Pass,Good
3299,Male,18,11,59,3.5,3.86,100,52,74,74,High,Yes,No,Graduate,High,8.6,1.0,Low,Excellent,16,Pass,Good
3300,Female,16,10,76,2.8,3.11,100,46,73,75,Low,No,No,High School,High,8.5,1.8,Medium,Poor,11,Pass,Good
3301,Female,20,College-1,99,4.3,3.65,100,69,87,85,Medium,Yes,Yes,High School,Low,5.1,1.2,Medium,Excellent,6,Pass,Excellent
3302,Male,22,College-1,74,5.8,2.11,91,71,77,82,Low,No,No,Graduate,Medium,5.1,4.9,Low,Poor,12,Pass,Good
3303,Female,18,College-2,75,4.1,3.47,100,65,80,86,Medium,No,Yes,Postgraduate,Medium,5.8,2.0,Low,Poor,12,Pass,Excellent
3304,Female,18,11,93,5.7,3.75,100,73,83,92,Low,No,No,High School,Medium,5.7,3.3,High,Excellent,7,Pass,Excellent
3305,Male,20,9,83,5.3,3.3,100,63,78,84,Low,Yes,No,Graduate,Medium,6.8,7.7,High,Excellent,10,Pass,Good
3306,Female,22,College-2,90,5.1,2.98,100,67,90,93,High,No,No,High School,Low,5.4,4.6,Low,Poor,8,Pass,Excellent
3307,Male,19,10,93,7.2,3.82,100,81,82,98,Low,Yes,Yes,Postgraduate,High,7.5,7.9,Medium,Average,7,Pass,Excellent
3308,Female,21,10,85,3.1,2.72,84,49,62,72,High,Yes,No,Graduate,Medium,8.6,6.9,High,Good,9,Pass,Good
3309,Female,16,10,90,6.3,2.75,100,75,81,89,High,No,No,Graduate,High,6.3,3.4,Medium,Average,8,Pass,Excellent
3310,Male,16,College-1,94,2.1,2.98,97,65,82,82,High,No,Yes,Graduate,Medium,6.3,4.5,Medium,Average,7,Pass,Good
3311,Male,21,College-1,65,6.7,2.07,80,59,71,76,Low,No,No,Graduate,Low,5.3,4.6,Medium,Good,14,Pass,Good
3312,Female,21,11,92,5.0,3.35,100,74,90,91,Low,Yes,No,Graduate,High,4.8,5.7,High,Good,7,Pass,Excellent
3313,Female,21,10,88,7.2,2.7,100,86,92,98,High,Yes,Yes,Graduate,High,6.6,6.6,High,Good,8,Pass,Excellent
3314,Female,15,11,77,6.9,2.31,93,64,79,82,High,No,No,Graduate,High,5.0,5.8,Medium,Excellent,11,Pass,Good
3315,Female,22,College-1,55,2.2,2.44,75,36,50,53,Medium,Yes,Yes,Graduate,High,7.0,4.8,Low,Poor,17,Pass,Poor
3316,Male,16,College-2,68,5.5,2.43,92,71,78,86,Low,No,No,Graduate,High,5.5,4.3,Medium,Good,13,Pass,Excellent
3317,Female,16,College-1,99,6.7,3.05,100,79,85,100,Low,Yes,No,Postgraduate,Medium,6.9,4.1,Medium,Poor,6,Pass,Excellent
3318,Male,20,10,92,4.8,3.0,100,76,94,96,High,No,No,High School,Medium,5.1,6.3,Medium,Poor,7,Pass,Excellent
3319,Male,22,11,86,1.5,3.17,100,57,80,80,Low,No,Yes,Graduate,Low,8.1,6.3,Low,Excellent,9,Pass,Good
3320,Female,15,College-1,69,1.2,3.67,100,40,78,70,Low,Yes,Yes,Graduate,Medium,6.1,7.9,High,Good,13,Pass,Good
3321,Female,15,9,64,7.4,2.07,90,79,81,87,Low,No,No,Postgraduate,High,7.0,7.9,High,Excellent,14,Pass,Excellent
3322,Female,21,12,61,3.8,2.67,95,41,60,64,Low,No,Yes,Postgraduate,High,8.4,1.7,Medium,Excellent,15,Pass,Average
3323,Male,18,11,88,1.1,2.09,74,47,56,56,High,No,No,Graduate,High,5.5,3.0,High,Poor,8,Pass,Average
3324,Male,18,11,84,6.0,3.9,100,64,79,90,High,No,Yes,Graduate,High,6.4,7.8,High,Average,9,Pass,Excellent
3325,Male,21,9,98,4.5,2.29,92,65,82,84,Low,Yes,No,High School,High,7.7,2.0,Medium,Excellent,6,Pass,Good
3326,Female,15,College-2,56,7.3,3.01,100,65,83,82,Low,No,No,Graduate,Low,6.4,6.9,Medium,Excellent,16,Pass,Good
3327,Male,21,12,86,5.3,3.58,100,70,89,93,High,No,No,Graduate,Medium,6.8,7.9,High,Good,9,Pass,Excellent
3328,Male,21,9,64,6.1,2.67,95,71,81,89,High,Yes,Yes,Graduate,High,5.9,4.2,Low,Average,14,Pass,Excellent
3329,Male,18,12,100,4.8,3.97,100,75,93,92,High,Yes,No,Postgraduate,High,8.7,6.2,Low,Average,5,Pass,Excellent
3330,Female,16,College-2,78,1.6,3.08,100,37,74,69,Low,Yes,No,Graduate,Medium,4.8,4.0,Medium,Good,11,Pass,Average
3331,Male,18,College-1,74,3.2,3.5,100,55,75,73,Low,Yes,Yes,High School,Low,6.3,5.8,Medium,Average,12,Pass,Good
3332,Female,18,12,56,1.4,3.93,100,35,59,62,High,Yes,Yes,High School,Low,6.7,6.2,Low,Good,16,Pass,Average
3333,Male,16,10,99,4.1,3.49,100,80,97,92,High,Yes,Yes,Postgraduate,Low,7.7,6.7,Low,Poor,6,Pass,Excellent
3334,Female,19,College-1,64,2.5,3.77,100,35,69,72,High,Yes,Yes,High School,High,4.6,3.0,Low,Average,14,Pass,Good
3335,Male,16,10,62,7.1,2.62,98,73,81,86,High,Yes,Yes,Postgraduate,High,6.4,4.0,Low,Average,15,Pass,Excellent
3336,Male,19,12,85,2.4,2.91,90,56,67,72,High,No,Yes,Postgraduate,Medium,5.6,4.0,Medium,Excellent,9,Pass,Good
3337,Female,17,College-1,55,7.3,3.01,100,56,70,79,Low,Yes,Yes,High School,High,7.7,4.8,High,Excellent,17,Pass,Good
3338,Male,16,9,97,4.5,3.43,100,79,87,93,High,Yes,Yes,Graduate,Low,7.7,7.1,Low,Average,6,Pass,Excellent
3339,Male,15,9,96,6.6,3.35,100,80,96,93,High,No,No,High School,Low,7.4,7.2,High,Average,6,Pass,Excellent
3340,Male,22,College-1,69,6.3,2.5,96,60,78,83,Medium,No,No,Postgraduate,Medium,5.7,2.1,Low,Average,13,Pass,Good
3341,Male,16,9,63,5.1,2.16,92,49,73,71,Medium,Yes,No,Postgraduate,High,6.8,5.5,Low,Average,15,Pass,Good
3342,Female,21,10,69,7.3,2.31,96,65,83,91,Low,Yes,No,High School,Medium,4.6,6.2,High,Good,13,Pass,Excellent
3343,Female,21,College-2,68,7.3,3.57,100,77,93,96,High,No,Yes,Postgraduate,Medium,8.8,4.3,Low,Poor,13,Pass,Excellent
3344,Female,16,9,69,2.2,3.42,100,37,61,70,High,Yes,Yes,Graduate,High,7.1,3.6,High,Average,13,Pass,Good
3345,Male,15,9,63,1.3,2.83,78,38,53,54,Medium,No,Yes,Graduate,Medium,6.1,1.8,Medium,Poor,15,Pass,Poor
3346,Female,17,9,73,6.9,3.17,100,63,88,93,Medium,No,Yes,High School,High,6.8,5.5,Medium,Excellent,12,Pass,Excellent
3347,Male,18,College-2,71,7.5,3.74,100,71,86,94,Low,No,Yes,High School,High,6.2,2.1,Low,Poor,13,Pass,Excellent
3348,Female,15,12,63,4.4,2.48,83,53,64,70,Low,No,No,Postgraduate,Low,6.6,1.2,High,Good,15,Pass,Good
3349,Female,15,11,80,7.3,3.75,100,72,83,88,Low,No,Yes,Graduate,Low,8.5,7.6,Medium,Good,10,Pass,Excellent
3350,Female,20,12,64,6.7,3.43,100,71,81,87,High,No,No,Postgraduate,Medium,5.9,7.4,High,Average,14,Pass,Excellent
3351,Male,20,College-2,62,7.9,2.43,91,70,74,81,High,No,Yes,Graduate,Low,4.8,6.7,Medium,Average,15,Pass,Good
3352,Female,18,12,88,2.1,2.07,84,63,73,76,Low,Yes,Yes,High School,Low,8.8,4.7,High,Average,8,Pass,Good
3353,Male,15,College-2,94,4.7,2.67,100,70,78,89,High,Yes,No,High School,High,7.8,7.0,High,Good,7,Pass,Excellent
3354,Male,17,College-2,98,4.5,3.75,100,75,90,94,Medium,No,No,High School,High,8.2,5.7,Low,Good,6,Pass,Excellent
3355,Male,19,9,88,1.7,2.09,72,43,63,57,Low,No,No,High School,High,6.5,5.4,High,Excellent,8,Pass,Average
3356,Female,21,10,90,1.4,3.61,100,45,78,75,Low,Yes,No,Graduate,Low,7.8,4.9,High,Average,8,Pass,Good
3357,Male,17,11,89,6.5,2.2,96,71,87,94,Low,Yes,Yes,High School,Medium,8.4,3.2,High,Average,8,Pass,Excellent
3358,Male,22,College-2,81,6.9,3.07,100,66,76,90,Medium,Yes,No,Graduate,High,6.0,4.8,Medium,Good,10,Pass,Excellent
3359,Male,16,College-2,58,7.4,3.87,100,61,85,86,Medium,Yes,No,High School,Medium,6.1,5.4,High,Average,16,Pass,Excellent
3360,Male,15,11,95,2.9,3.18,100,67,88,86,Medium,Yes,No,Postgraduate,High,5.8,4.3,Medium,Poor,7,Pass,Excellent
3361,Female,19,College-1,100,2.8,3.47,100,54,78,81,Low,No,Yes,Postgraduate,Medium,6.1,6.0,High,Excellent,5,Pass,Good
3362,Male,18,9,68,3.0,3.9,100,47,65,73,Low,Yes,Yes,High School,High,5.6,4.4,Low,Poor,13,Pass,Good
3363,Male,21,10,57,5.5,3.95,100,63,86,85,Medium,No,No,High School,Low,4.6,3.4,Medium,Average,16,Pass,Excellent
3364,Male,18,College-1,69,7.5,2.96,100,73,78,86,Low,Yes,No,High School,Low,8.7,5.4,Medium,Poor,13,Pass,Excellent
3365,Male,19,12,87,7.2,3.55,100,76,84,91,Low,No,No,Graduate,Low,7.6,4.7,High,Good,9,Pass,Excellent
3366,Male,17,10,77,6.7,3.82,100,76,85,95,High,Yes,Yes,High School,Medium,8.2,2.5,Low,Good,11,Pass,Excellent
3367,Female,20,College-1,89,2.8,3.93,100,48,71,74,Medium,Yes,No,Graduate,High,8.4,2.0,Low,Average,8,Pass,Good
3368,Male,20,College-2,65,6.0,2.2,89,72,80,78,High,Yes,No,High School,High,5.6,1.2,High,Average,14,Pass,Good
3369,Female,16,College-1,80,2.6,3.81,100,61,80,79,High,Yes,Yes,High School,Medium,7.4,6.9,Low,Excellent,10,Pass,Good
3370,Male,18,12,59,7.2,2.19,87,66,76,78,Low,Yes,No,Graduate,Medium,7.8,7.8,High,Excellent,16,Pass,Good
3371,Male,15,College-2,62,3.0,2.23,86,47,72,64,Medium,No,Yes,High School,High,7.0,7.3,High,Average,15,Pass,Average
3372,Male,17,12,89,6.9,3.27,100,89,94,100,Medium,No,No,Graduate,Medium,6.4,2.0,Medium,Good,8,Pass,Excellent
3373,Male,21,11,87,5.6,2.04,92,67,78,81,Low,No,Yes,Graduate,Low,7.2,8.0,Low,Poor,9,Pass,Good
3374,Male,19,10,68,3.8,3.73,100,53,84,79,High,No,Yes,High School,Low,4.7,1.4,Low,Poor,13,Pass,Good
3375,Female,21,12,61,3.8,2.99,100,47,74,75,Low,No,Yes,High School,Medium,7.6,7.6,Low,Average,15,Pass,Good
3376,Female,21,11,69,1.3,2.91,84,35,57,59,Medium,Yes,No,High School,High,8.6,4.6,High,Good,13,Pass,Average
3377,Male,17,12,74,2.1,2.3,80,41,65,59,High,No,Yes,High School,Low,5.0,3.3,Medium,Poor,12,Pass,Average
3378,Female,19,9,87,1.6,3.58,99,61,86,76,Medium,No,No,Graduate,High,6.2,2.5,Low,Poor,9,Pass,Good
3379,Female,17,12,99,3.0,3.92,100,72,92,91,Medium,Yes,No,High School,High,5.5,2.6,Medium,Poor,6,Pass,Excellent
3380,Male,22,College-1,98,3.8,3.18,100,64,80,81,Medium,Yes,No,Graduate,Low,4.7,7.9,High,Average,6,Pass,Good
3381,Female,22,10,54,1.8,3.51,99,35,71,61,Medium,Yes,Yes,Graduate,High,8.8,4.9,High,Excellent,17,Pass,Average
3382,Female,22,College-2,63,3.1,2.69,77,38,58,56,High,Yes,Yes,Postgraduate,Medium,8.0,3.9,High,Poor,15,Pass,Average
3383,Female,21,10,74,7.0,3.4,100,63,87,91,High,No,No,Graduate,Medium,8.4,7.4,Low,Excellent,12,Pass,Excellent
3384,Male,19,9,74,2.6,2.81,80,54,70,66,High,No,Yes,Postgraduate,Low,6.2,4.3,High,Average,12,Pass,Average
3385,Female,15,12,99,4.5,2.63,94,79,82,92,Medium,No,Yes,Postgraduate,Low,4.7,1.5,Medium,Excellent,6,Pass,Excellent
3386,Male,17,10,95,1.5,2.34,91,45,64,65,Low,No,No,Graduate,Medium,6.4,1.3,Low,Excellent,7,Pass,Average
3387,Female,15,11,70,1.6,2.87,90,38,68,63,Low,Yes,Yes,Postgraduate,Low,7.6,3.5,Low,Good,13,Pass,Average
3388,Female,20,12,51,5.4,2.79,100,44,78,74,Medium,No,Yes,Graduate,Low,7.7,2.3,Medium,Good,18,Pass,Good
3389,Male,17,12,53,5.8,2.05,81,54,73,73,Medium,No,No,High School,High,7.6,7.2,Medium,Excellent,17,Pass,Good
3390,Male,22,10,95,5.2,3.0,100,76,93,89,High,Yes,Yes,High School,Low,5.6,4.3,Medium,Excellent,7,Pass,Excellent
3391,Female,17,10,80,3.8,2.36,77,49,62,65,High,Yes,Yes,High School,Medium,8.7,1.3,Medium,Average,10,Pass,Average
3392,Male,17,College-2,59,1.2,2.52,74,45,63,59,Low,Yes,No,Graduate,High,5.9,2.2,Low,Good,16,Pass,Average
3393,Male,22,12,56,1.6,2.67,80,35,59,55,Medium,No,Yes,Graduate,Medium,5.4,6.5,High,Good,16,Pass,Average
3394,Male,15,College-2,51,6.8,2.3,99,64,84,81,High,Yes,Yes,Graduate,High,7.4,2.2,Low,Poor,18,Pass,Good
3395,Male,15,12,75,1.7,3.0,92,52,73,67,High,Yes,Yes,High School,Medium,5.6,2.2,Low,Poor,12,Pass,Average
3396,Male,21,College-2,66,3.1,2.21,80,46,68,61,High,No,No,Postgraduate,Low,4.8,1.7,Low,Poor,14,Pass,Average
3397,Female,20,9,59,5.5,3.24,99,57,76,75,High,No,Yes,Postgraduate,Medium,6.6,6.9,Low,Excellent,16,Pass,Good
3398,Male,15,11,91,7.7,2.93,100,80,89,93,Low,No,Yes,High School,High,5.5,6.2,High,Excellent,8,Pass,Excellent
3399,Male,17,9,96,5.8,3.27,100,67,83,92,Low,No,No,Postgraduate,Medium,8.7,7.2,Low,Average,6,Pass,Excellent
3400,Female,19,12,64,2.8,2.46,76,38,51,57,Medium,No,No,High School,Low,6.7,1.5,High,Good,14,Pass,Average
3401,Female,18,10,55,6.0,2.84,100,53,70,80,Low,No,Yes,Graduate,Medium,5.6,3.3,High,Excellent,17,Pass,Good
3402,Female,16,12,57,4.2,3.42,97,40,70,68,Low,No,Yes,Graduate,Low,4.7,3.3,Medium,Excellent,16,Pass,Average
3403,Male,17,College-1,71,2.8,2.77,79,42,62,66,High,Yes,Yes,Postgraduate,Low,5.5,6.4,Low,Poor,13,Pass,Average
3404,Male,22,10,98,2.6,3.34,99,58,86,80,High,No,Yes,High School,Medium,8.5,1.2,Low,Excellent,6,Pass,Good
3405,Female,20,College-1,62,6.4,2.74,94,72,89,88,Medium,No,Yes,High School,Medium,6.0,2.0,Low,Average,15,Pass,Excellent
3406,Male,17,College-1,80,4.6,2.59,99,66,85,83,Low,No,No,Graduate,Low,5.4,6.1,Low,Poor,10,Pass,Good
3407,Female,20,College-1,52,5.9,2.16,77,55,70,68,Medium,Yes,Yes,Graduate,Low,7.2,3.3,Low,Average,17,Pass,Average
3408,Female,17,11,88,2.0,2.13,74,49,59,59,Medium,No,No,Postgraduate,Medium,6.9,6.9,Medium,Good,8,Pass,Average
3409,Female,15,11,52,6.6,3.04,100,68,92,91,Low,No,No,Postgraduate,High,6.0,2.8,High,Good,17,Pass,Excellent
3410,Male,20,College-2,99,3.0,3.58,100,55,80,81,High,Yes,Yes,Postgraduate,High,4.5,1.3,High,Poor,6,Pass,Good
3411,Female,18,9,61,7.4,3.0,100,74,95,95,Low,Yes,Yes,High School,Medium,8.1,4.5,Medium,Excellent,15,Pass,Excellent
3412,Female,16,10,53,3.4,2.71,93,42,62,68,Low,No,Yes,High School,Low,7.0,5.0,High,Good,17,Pass,Average
3413,Male,22,11,83,6.3,3.29,100,72,80,88,Low,Yes,Yes,High School,High,6.8,2.8,Low,Poor,10,Pass,Excellent
3414,Male,17,College-2,97,6.9,3.3,100,93,100,100,Medium,No,Yes,High School,High,8.3,3.3,High,Poor,6,Pass,Excellent
3415,Male,20,9,74,6.8,2.2,99,76,94,94,High,No,No,High School,Medium,4.9,1.0,Low,Excellent,12,Pass,Excellent
3416,Male,16,10,61,1.4,3.88,100,35,68,65,Low,No,No,Graduate,High,4.7,5.4,High,Average,15,Pass,Average
3417,Female,18,9,91,6.3,2.67,97,69,80,93,Low,No,No,Graduate,Medium,5.4,1.5,Medium,Good,8,Pass,Excellent
3418,Male,15,College-1,74,3.1,3.63,100,54,76,78,Medium,Yes,No,Postgraduate,Medium,8.5,7.8,Low,Poor,12,Pass,Good
3419,Male,22,9,87,7.3,3.05,100,72,87,92,High,Yes,No,Postgraduate,Low,7.5,1.0,High,Average,9,Pass,Excellent
3420,Male,17,10,67,6.6,2.18,93,64,75,81,Low,No,Yes,Postgraduate,Medium,6.6,6.5,High,Excellent,14,Pass,Good
3421,Female,17,11,90,6.1,3.36,100,71,81,91,High,Yes,Yes,Postgraduate,Low,8.9,5.7,Low,Average,8,Pass,Excellent
3422,Male,20,12,58,3.1,3.03,100,54,78,73,High,Yes,No,Graduate,Medium,4.5,3.8,Low,Good,16,Pass,Good
3423,Female,18,College-2,96,5.9,2.34,91,80,80,91,High,Yes,Yes,Graduate,High,7.3,5.7,Low,Average,6,Pass,Excellent
3424,Male,19,10,70,7.1,2.54,100,61,81,87,Medium,Yes,No,High School,High,5.3,5.2,High,Excellent,13,Pass,Excellent
3425,Male,22,10,70,3.6,2.11,80,52,65,71,Medium,No,No,Graduate,High,6.4,7.1,Low,Good,13,Pass,Good
3426,Female,21,12,99,6.0,3.41,100,75,93,95,High,Yes,No,Graduate,High,4.8,2.5,Medium,Average,6,Pass,Excellent
3427,Female,21,9,69,6.4,2.97,100,58,76,79,Low,Yes,No,High School,Low,5.3,2.8,Medium,Excellent,13,Pass,Good
3428,Female,16,10,78,5.3,3.98,100,57,79,87,Medium,No,No,High School,High,7.2,3.0,Low,Good,11,Pass,Excellent
3429,Male,15,12,52,4.9,2.29,88,52,78,73,Low,No,No,High School,Medium,6.6,7.9,Medium,Excellent,17,Pass,Good
3430,Male,20,11,89,2.4,3.57,100,56,72,79,Low,No,Yes,Postgraduate,Low,8.3,5.9,High,Excellent,8,Pass,Good
3431,Male,17,College-2,82,3.9,2.97,94,63,82,83,Low,Yes,No,High School,Medium,7.9,4.3,Low,Excellent,10,Pass,Good
3432,Male,18,11,73,6.4,3.62,100,76,90,89,Medium,Yes,No,Postgraduate,Low,7.5,1.5,Low,Poor,12,Pass,Excellent
3433,Female,15,11,69,3.5,2.44,91,53,75,75,Low,Yes,No,Graduate,Low,8.1,6.7,High,Poor,13,Pass,Good
3434,Female,18,College-1,96,3.8,2.75,100,58,81,85,High,Yes,No,Postgraduate,High,6.2,3.9,High,Average,6,Pass,Excellent
3435,Male,17,College-1,60,2.1,2.34,67,43,59,53,High,Yes,Yes,Graduate,High,6.2,4.4,High,Excellent,15,Pass,Poor
3436,Female,18,12,72,7.2,3.71,100,79,84,91,Low,Yes,No,High School,High,8.4,5.1,Low,Average,12,Pass,Excellent
3437,Male,15,10,74,3.7,2.57,85,54,75,72,Medium,Yes,No,Graduate,High,7.4,6.4,High,Good,12,Pass,Good
3438,Male,21,9,71,6.6,2.13,91,69,84,81,High,No,No,Postgraduate,Low,6.5,7.8,Medium,Excellent,13,Pass,Good
3439,Male,19,College-2,82,4.5,3.55,100,68,81,83,High,No,Yes,High School,Medium,6.4,1.2,Medium,Poor,10,Pass,Good
3440,Female,19,12,59,4.2,2.27,86,46,58,69,Medium,Yes,Yes,Graduate,Medium,6.7,6.0,Medium,Excellent,16,Pass,Average
3441,Male,15,College-2,70,4.9,2.53,99,62,81,82,Medium,No,Yes,Graduate,Medium,8.6,4.8,Medium,Good,13,Pass,Good
3442,Female,22,College-1,72,7.6,3.59,100,81,84,93,High,No,Yes,Postgraduate,Low,8.2,6.1,Medium,Excellent,12,Pass,Excellent
3443,Male,21,College-2,55,2.3,3.25,89,44,70,66,High,No,No,High School,High,4.6,7.9,Medium,Excellent,17,Pass,Average
3444,Male,22,11,83,4.2,3.81,100,67,78,80,Low,No,Yes,Postgraduate,Medium,7.6,3.6,Low,Excellent,10,Pass,Good
3445,Male,21,9,99,5.4,2.97,100,72,87,92,Low,Yes,Yes,Postgraduate,Low,6.0,1.6,Medium,Average,6,Pass,Excellent
3446,Male,17,12,77,5.3,2.96,100,71,84,88,Low,No,Yes,High School,High,7.3,3.9,Medium,Average,11,Pass,Excellent
3447,Female,17,12,69,2.4,3.51,95,37,71,64,Medium,Yes,No,Graduate,High,7.1,7.6,Low,Good,13,Pass,Average
3448,Female,16,12,96,6.0,2.32,100,74,87,92,Medium,No,Yes,Graduate,High,8.1,1.1,Low,Good,6,Pass,Excellent
3449,Male,15,11,52,1.0,2.69,71,38,56,52,Medium,No,No,Postgraduate,High,7.4,5.7,High,Excellent,17,Pass,Poor
3450,Female,22,College-2,84,7.0,2.3,93,68,72,84,Medium,No,Yes,Graduate,Medium,6.0,2.3,Low,Poor,9,Pass,Good
3451,Female,17,9,55,4.6,2.57,82,40,65,61,Medium,Yes,No,Postgraduate,Medium,8.7,2.5,Medium,Excellent,17,Pass,Average
3452,Male,16,9,91,6.5,3.78,100,71,92,91,Medium,No,Yes,High School,Low,8.8,6.6,Low,Good,8,Pass,Excellent
3453,Female,21,11,74,5.9,2.79,100,75,79,91,High,Yes,Yes,Graduate,Medium,6.8,7.9,High,Average,12,Pass,Excellent
3454,Male,16,10,60,6.3,3.67,100,63,75,87,Low,No,Yes,Postgraduate,Medium,5.2,7.9,Low,Good,15,Pass,Excellent
3455,Male,19,College-2,81,4.9,2.14,84,67,67,73,Medium,No,Yes,Postgraduate,Medium,8.5,4.7,High,Good,10,Pass,Good
3456,Male,21,10,63,3.2,3.94,100,49,79,72,Low,Yes,Yes,High School,High,5.8,1.8,Low,Good,15,Pass,Good
3457,Male,16,12,50,1.8,2.97,87,35,54,58,Medium,Yes,No,High School,Medium,7.5,7.0,High,Excellent,18,Pass,Average
3458,Male,15,College-1,93,1.2,3.46,100,49,82,72,Low,No,No,Postgraduate,High,7.6,5.6,Low,Excellent,7,Pass,Good
3459,Male,16,College-1,92,7.3,2.16,96,72,84,94,Medium,Yes,No,High School,Medium,8.3,5.2,Low,Poor,7,Pass,Excellent
3460,Male,17,College-1,55,6.4,3.74,100,54,74,80,Medium,No,Yes,Postgraduate,Low,6.5,3.8,High,Good,17,Pass,Good
3461,Male,19,College-1,57,1.4,3.61,100,44,69,69,Low,No,No,Graduate,Low,8.7,5.0,High,Excellent,16,Pass,Average
3462,Female,21,College-2,77,7.5,3.15,100,70,81,95,High,No,No,High School,High,8.6,7.0,Low,Average,11,Pass,Excellent
3463,Male,19,11,72,6.6,2.59,96,61,73,80,Medium,Yes,No,High School,High,6.0,5.1,Low,Poor,12,Pass,Good
3464,Male,18,11,83,5.5,3.91,100,59,87,83,Low,No,No,High School,Low,7.0,1.8,Medium,Average,10,Pass,Good
3465,Male,20,12,53,7.2,2.12,85,65,78,78,Low,No,Yes,Graduate,High,7.6,3.5,High,Average,17,Pass,Good
3466,Female,17,9,88,1.0,3.15,100,56,72,77,High,Yes,No,High School,Low,5.7,4.0,High,Excellent,8,Pass,Good
3467,Male,19,9,96,1.5,3.38,99,60,72,79,Low,Yes,No,High School,Low,6.7,3.7,Low,Average,6,Pass,Good
3468,Male,18,College-1,50,4.8,3.57,100,41,71,73,Medium,Yes,No,High School,Low,8.3,1.1,High,Poor,18,Pass,Good
3469,Male,22,10,95,7.2,2.96,100,75,86,92,High,No,No,High School,Low,7.2,2.6,High,Poor,7,Pass,Excellent
3470,Female,22,College-1,69,2.0,2.8,76,52,56,65,Medium,No,Yes,Postgraduate,Medium,5.5,4.3,Medium,Poor,13,Pass,Average
3471,Female,19,9,88,7.2,2.75,100,89,88,99,Low,Yes,No,Postgraduate,High,6.9,3.6,Medium,Good,8,Pass,Excellent
3472,Male,18,11,84,5.7,3.59,100,68,84,90,Medium,Yes,Yes,Graduate,High,6.0,5.9,High,Good,9,Pass,Excellent
3473,Male,22,11,100,3.3,3.21,100,59,85,87,High,No,Yes,High School,Medium,4.8,4.7,High,Excellent,5,Pass,Excellent
3474,Female,22,11,68,5.7,3.49,100,62,81,81,Low,Yes,No,Graduate,High,6.3,1.1,Low,Good,13,Pass,Good
3475,Male,16,College-1,62,1.9,3.69,97,35,61,62,High,No,No,Graduate,Medium,6.6,1.6,High,Average,15,Pass,Average
3476,Male,15,12,55,3.9,3.74,100,39,73,71,Low,No,No,Graduate,Low,7.6,6.6,High,Excellent,17,Pass,Good
3477,Female,19,College-1,68,6.8,2.05,92,60,68,83,Medium,Yes,No,High School,Medium,8.4,2.7,Medium,Excellent,13,Pass,Good
3478,Female,20,10,57,5.2,3.94,100,59,77,84,Medium,Yes,Yes,Postgraduate,Medium,4.8,6.0,Low,Good,16,Pass,Good
3479,Male,21,College-2,92,5.2,2.72,96,69,80,88,High,No,No,High School,Low,8.5,6.8,Low,Average,7,Pass,Excellent
3480,Female,22,12,67,3.9,2.84,99,60,87,81,Low,Yes,No,High School,High,5.5,3.5,Medium,Poor,14,Pass,Good
3481,Female,19,11,82,4.6,3.69,100,73,91,87,Medium,Yes,Yes,Postgraduate,Medium,7.6,2.0,Low,Average,10,Pass,Excellent
3482,Female,19,10,67,4.4,3.48,100,54,69,75,Medium,Yes,Yes,Postgraduate,Low,8.7,3.8,Medium,Average,14,Pass,Good
3483,Male,18,College-2,50,7.1,2.2,96,65,77,85,Low,Yes,Yes,Postgraduate,Low,8.8,1.2,Medium,Excellent,18,Pass,Excellent
3484,Male,16,College-1,90,5.5,3.33,100,75,82,88,Medium,Yes,Yes,High School,High,6.5,6.8,Medium,Good,8,Pass,Excellent
3485,Male,19,College-2,53,5.8,2.06,82,47,72,70,Medium,No,Yes,Graduate,Low,7.2,7.6,Low,Poor,17,Pass,Good
3486,Female,20,12,82,6.5,2.59,100,70,82,92,Low,Yes,No,Graduate,High,5.9,4.2,Low,Average,10,Pass,Excellent
3487,Male,17,College-1,64,3.3,2.19,87,56,67,73,High,Yes,Yes,High School,High,8.4,6.1,Medium,Poor,14,Pass,Good
3488,Female,15,College-2,51,2.1,3.8,100,35,67,62,Medium,No,Yes,High School,Low,4.9,1.1,Low,Good,18,Pass,Average
3489,Male,19,College-2,79,5.0,2.81,100,70,87,87,Medium,No,No,Postgraduate,Low,8.6,7.8,High,Good,11,Pass,Excellent
3490,Male,15,11,66,3.8,2.95,93,49,63,74,Medium,Yes,No,Postgraduate,Medium,5.4,7.1,Low,Average,14,Pass,Good
3491,Male,19,9,68,8.0,3.29,100,67,79,85,Low,Yes,Yes,High School,High,5.3,2.7,Medium,Average,13,Pass,Excellent
3492,Female,21,12,53,4.4,2.99,95,41,69,68,High,Yes,No,High School,Medium,7.8,1.7,Low,Good,17,Pass,Average
3493,Male,20,10,99,5.8,3.53,100,79,83,93,Medium,No,No,Graduate,High,7.4,4.3,Low,Average,6,Pass,Excellent
3494,Female,19,College-1,59,5.8,3.53,100,60,73,85,Low,Yes,Yes,Graduate,Low,8.5,3.1,High,Average,16,Pass,Excellent
3495,Male,19,College-1,73,4.9,3.09,100,70,86,90,High,No,No,Graduate,Low,6.2,3.1,High,Good,12,Pass,Excellent
3496,Female,20,12,74,4.9,3.72,100,69,90,84,Low,Yes,Yes,Graduate,Low,5.7,2.9,Low,Poor,12,Pass,Good
3497,Male,22,12,98,5.9,3.76,100,88,88,96,Low,No,Yes,High School,Low,5.1,5.3,Low,Poor,6,Pass,Excellent
3498,Male,19,9,79,2.0,2.44,76,44,52,55,High,No,No,Graduate,High,5.3,5.1,High,Excellent,11,Pass,Average
3499,Female,22,9,63,3.0,2.89,87,37,68,65,High,Yes,No,Postgraduate,Low,7.5,2.7,High,Excellent,15,Pass,Average
3500,Female,18,11,79,2.8,3.18,96,54,72,73,Medium,No,Yes,Graduate,Medium,6.7,7.4,Low,Good,11,Pass,Good
3501,Female,21,College-2,65,3.9,2.99,96,49,64,68,Low,No,No,Postgraduate,Low,4.7,2.7,Medium,Good,14,Pass,Average
3502,Female,20,College-2,97,2.1,2.1,80,67,71,74,Medium,Yes,Yes,Graduate,Medium,7.9,7.2,Low,Poor,6,Pass,Good
3503,Female,20,10,77,2.4,2.54,74,60,69,69,Medium,Yes,No,Graduate,Medium,6.0,3.0,High,Poor,11,Pass,Average
3504,Male,19,11,88,4.9,2.47,95,59,80,86,Low,Yes,No,Graduate,Medium,8.8,3.8,Medium,Excellent,8,Pass,Excellent
3505,Female,18,12,93,1.4,3.84,100,43,70,73,High,Yes,No,High School,Low,8.6,2.2,Low,Poor,7,Pass,Good
3506,Male,21,11,51,2.9,2.08,80,50,66,61,Low,No,Yes,High School,High,5.8,5.0,Medium,Excellent,18,Pass,Average
3507,Female,18,College-2,77,7.4,2.83,100,76,90,91,High,Yes,No,Graduate,Medium,5.4,5.2,High,Good,11,Pass,Excellent
3508,Male,15,College-1,62,3.9,2.16,88,46,61,69,Low,Yes,Yes,High School,High,5.3,2.6,Medium,Excellent,15,Pass,Average
3509,Male,21,College-1,62,7.5,2.05,81,72,83,79,Medium,Yes,No,Graduate,Medium,8.9,7.4,High,Good,15,Pass,Good
3510,Male,17,12,62,6.8,2.06,95,61,77,78,Low,No,Yes,High School,Medium,8.7,4.0,Low,Good,15,Pass,Good
3511,Female,18,College-1,69,2.4,3.93,100,55,85,76,Medium,Yes,No,High School,Medium,7.2,3.0,Low,Good,13,Pass,Good
3512,Male,15,9,96,4.6,3.54,100,77,89,89,Low,Yes,Yes,High School,Low,4.9,7.4,Low,Poor,6,Pass,Excellent
3513,Male,20,11,96,5.3,3.81,100,65,77,84,High,No,No,Graduate,Low,6.2,4.8,Medium,Poor,6,Pass,Good
3514,Female,21,10,90,4.8,2.93,100,61,81,87,Medium,No,Yes,Graduate,Medium,8.2,7.5,Medium,Poor,8,Pass,Excellent
3515,Female,16,10,66,5.4,3.0,95,70,79,81,Medium,No,No,Postgraduate,High,7.6,1.6,Medium,Excellent,14,Pass,Good
3516,Female,18,12,67,2.0,2.43,82,48,59,66,Low,No,No,Graduate,Medium,5.2,3.4,Low,Average,14,Pass,Average
3517,Male,15,10,81,2.4,3.09,100,44,65,75,Medium,Yes,Yes,High School,Low,5.7,6.9,Medium,Excellent,10,Pass,Good
3518,Female,19,11,74,6.5,3.76,100,77,91,89,Low,Yes,Yes,Postgraduate,High,6.3,3.8,Medium,Good,12,Pass,Excellent
3519,Female,15,College-2,61,1.7,3.58,98,49,69,71,High,No,No,Postgraduate,High,8.9,2.2,High,Poor,15,Pass,Good
3520,Male,21,10,62,4.0,2.84,92,59,83,79,High,Yes,No,Postgraduate,Medium,5.0,1.5,Low,Good,15,Pass,Good
3521,Female,15,10,72,5.5,2.93,100,59,72,77,High,Yes,No,High School,High,8.1,1.0,High,Good,12,Pass,Good
3522,Female,18,College-2,97,2.1,3.25,100,57,79,79,Medium,No,No,Graduate,Medium,4.8,5.3,High,Excellent,6,Pass,Good
3523,Male,20,College-1,71,5.0,2.14,85,54,66,76,Medium,Yes,Yes,High School,Medium,5.6,1.6,High,Excellent,13,Pass,Good
3524,Male,20,College-2,74,1.2,2.46,74,44,54,60,Low,Yes,No,Postgraduate,Medium,7.5,7.9,High,Good,12,Pass,Average
3525,Male,19,12,73,4.1,3.09,95,48,65,74,Low,No,Yes,High School,High,5.4,4.3,Low,Good,12,Pass,Good
3526,Male,22,10,55,2.9,2.88,86,42,64,62,High,Yes,Yes,High School,Medium,8.8,4.1,Medium,Good,17,Pass,Average
3527,Female,20,11,82,4.2,3.92,100,70,79,83,High,Yes,No,High School,High,6.2,4.7,Medium,Good,10,Pass,Good
3528,Male,17,College-1,59,1.5,2.23,61,36,55,51,High,No,No,High School,Low,5.5,1.4,High,Excellent,16,Pass,Poor
3529,Female,15,9,95,6.6,2.58,99,87,85,95,High,No,Yes,Postgraduate,High,4.9,3.0,Low,Good,7,Pass,Excellent
3530,Female,20,College-2,99,2.1,3.52,100,53,69,74,High,Yes,Yes,High School,Low,8.0,7.1,High,Excellent,6,Pass,Good
3531,Male,21,12,51,7.8,3.04,100,64,88,87,Low,No,No,Graduate,Medium,7.5,4.7,Low,Excellent,18,Pass,Excellent
3532,Male,20,10,77,4.4,2.24,89,67,75,83,High,No,No,Postgraduate,Medium,8.2,4.7,Low,Poor,11,Pass,Good
3533,Female,16,9,71,7.6,3.33,100,75,95,90,High,Yes,Yes,Graduate,High,5.8,5.9,Medium,Excellent,13,Pass,Excellent
3534,Female,20,12,62,2.9,2.64,83,54,72,66,High,Yes,No,Postgraduate,Medium,8.9,4.9,Medium,Poor,15,Pass,Average
3535,Male,21,College-1,58,2.3,3.52,100,35,71,63,High,No,No,High School,Low,8.9,7.8,High,Good,16,Pass,Average
3536,Female,15,10,79,1.2,2.58,73,55,60,63,Low,No,Yes,High School,Low,5.0,4.8,High,Poor,11,Pass,Average
3537,Male,17,10,68,6.1,2.55,100,66,80,83,Medium,No,Yes,Graduate,Medium,6.3,6.8,Low,Poor,13,Pass,Good
3538,Male,21,12,50,6.1,2.36,92,49,76,77,Medium,No,No,Postgraduate,High,7.0,3.5,Low,Good,18,Pass,Good
3539,Male,18,9,86,4.5,2.65,94,70,82,83,High,No,Yes,Postgraduate,Medium,8.8,2.7,High,Poor,9,Pass,Good
3540,Female,16,College-1,78,7.5,3.38,100,70,86,94,Low,No,Yes,Graduate,High,4.7,7.6,High,Poor,11,Pass,Excellent
3541,Female,22,9,52,2.9,2.33,81,47,61,62,High,No,No,High School,Low,8.6,2.0,Medium,Average,17,Pass,Average
3542,Male,15,10,97,3.1,2.5,82,58,68,75,Medium,No,No,High School,Low,5.3,2.9,High,Average,6,Pass,Good
3543,Male,16,College-1,96,3.4,2.29,77,73,83,80,Low,Yes,No,High School,Low,8.0,6.1,Medium,Poor,6,Pass,Good
3544,Male,22,College-2,69,6.8,3.76,100,67,86,92,Medium,No,No,Postgraduate,Low,8.0,5.5,High,Excellent,13,Pass,Excellent
3545,Male,17,College-1,67,4.5,2.83,100,54,73,80,Medium,No,Yes,Graduate,Low,7.6,6.5,Medium,Excellent,14,Pass,Good
3546,Female,19,9,67,7.7,3.69,100,71,81,88,Medium,No,Yes,High School,Medium,4.9,5.9,Medium,Poor,14,Pass,Excellent
3547,Male,16,College-2,55,1.5,2.31,80,35,52,50,Medium,Yes,No,Graduate,Low,7.5,6.7,High,Poor,17,Pass,Poor
3548,Female,19,12,51,5.1,3.83,100,54,74,80,Low,Yes,Yes,High School,Medium,8.2,5.3,Low,Poor,18,Pass,Good
3549,Female,15,College-2,100,3.2,2.26,85,62,70,75,Medium,No,No,Graduate,Low,8.1,7.4,High,Excellent,5,Pass,Good
3550,Male,22,9,97,1.9,2.55,91,52,78,75,Medium,Yes,No,Graduate,Medium,8.7,2.2,Low,Poor,6,Pass,Good
3551,Female,18,11,63,4.1,2.95,100,61,74,76,High,Yes,Yes,Graduate,Low,8.7,6.1,Low,Poor,15,Pass,Good
3552,Male,22,9,67,1.2,3.73,100,41,71,69,Low,Yes,No,High School,Medium,7.5,6.4,Low,Average,14,Pass,Average
3553,Male,20,College-2,96,2.9,3.33,100,70,81,86,Medium,Yes,No,Postgraduate,Medium,5.8,1.4,Low,Poor,6,Pass,Excellent
3554,Male,19,College-2,67,7.0,2.72,99,66,77,86,High,No,No,Graduate,Medium,8.6,5.9,Medium,Average,14,Pass,Excellent
3555,Female,22,11,88,4.4,2.18,78,68,71,77,High,No,No,Postgraduate,Medium,8.2,1.3,Medium,Excellent,8,Pass,Good
3556,Male,19,College-2,79,3.5,2.99,100,61,80,84,High,Yes,No,Postgraduate,High,5.8,5.6,Medium,Poor,11,Pass,Good
3557,Female,19,College-2,63,2.2,2.85,85,43,62,64,High,Yes,Yes,Graduate,Medium,8.0,2.1,Low,Poor,15,Pass,Average
3558,Male,21,11,51,3.0,3.24,87,40,71,67,Low,No,No,Postgraduate,Low,6.8,3.2,Medium,Poor,18,Pass,Average
3559,Female,18,11,84,7.3,3.24,100,69,77,89,Low,Yes,Yes,Graduate,Medium,6.7,3.5,Low,Good,9,Pass,Excellent
3560,Female,15,10,53,5.6,2.54,92,47,67,70,High,No,Yes,Postgraduate,Low,8.8,8.0,High,Poor,17,Pass,Good
3561,Female,20,College-1,92,5.7,3.89,100,68,79,88,High,No,Yes,Graduate,Low,6.0,3.2,High,Excellent,7,Pass,Excellent
3562,Female,15,10,57,4.0,2.43,74,41,51,61,Low,Yes,Yes,High School,High,6.0,7.4,Medium,Average,16,Pass,Average
3563,Male,21,11,84,2.4,3.95,100,47,80,78,Low,No,Yes,High School,Low,4.8,3.0,Medium,Excellent,9,Pass,Good
3564,Female,18,College-1,85,4.5,2.99,100,55,74,84,Medium,No,Yes,High School,Medium,5.3,1.8,Medium,Excellent,9,Pass,Good
3565,Female,21,12,79,2.6,2.23,71,47,60,62,High,No,Yes,Postgraduate,Low,5.4,1.8,Low,Excellent,11,Pass,Average
3566,Female,21,College-2,61,1.5,3.72,93,40,58,65,Low,Yes,Yes,Graduate,High,5.5,2.9,High,Good,15,Pass,Average
3567,Female,19,College-1,88,4.9,2.44,91,71,74,87,Low,Yes,Yes,Graduate,Low,5.7,4.2,Low,Average,8,Pass,Excellent
3568,Female,21,11,77,7.4,2.7,100,65,74,85,High,Yes,No,Graduate,Medium,5.7,7.1,High,Average,11,Pass,Excellent
3569,Female,22,College-1,82,4.0,3.72,100,53,72,79,Low,No,Yes,Graduate,Low,7.9,7.4,Low,Poor,10,Pass,Good
3570,Female,21,12,80,7.1,3.35,100,77,87,91,Low,Yes,Yes,Postgraduate,High,7.0,7.7,Medium,Average,10,Pass,Excellent
3571,Male,17,9,94,4.6,2.92,100,75,79,91,Medium,Yes,No,Postgraduate,High,5.6,4.8,Low,Average,7,Pass,Excellent
3572,Female,21,11,86,2.8,3.02,93,64,86,83,High,No,Yes,Graduate,Low,8.5,7.9,Low,Excellent,9,Pass,Good
3573,Female,17,College-1,68,3.1,2.56,77,45,60,61,High,Yes,No,Postgraduate,Medium,6.6,1.1,Low,Average,13,Pass,Average
3574,Male,21,College-2,70,6.4,2.43,100,64,81,84,Low,No,Yes,Postgraduate,High,6.3,4.6,Low,Average,13,Pass,Good
3575,Female,20,12,89,1.8,3.84,100,58,79,77,High,Yes,Yes,Postgraduate,Low,5.1,3.1,High,Excellent,8,Pass,Good
3576,Male,21,11,82,7.3,2.95,100,76,96,99,Medium,No,Yes,Graduate,Medium,6.2,5.1,Low,Good,10,Pass,Excellent
3577,Female,22,12,88,1.6,3.17,91,49,74,71,Low,Yes,Yes,Postgraduate,High,7.4,5.4,Medium,Good,8,Pass,Good
3578,Male,21,9,52,6.1,3.56,100,63,78,83,Medium,Yes,No,Postgraduate,High,5.0,2.8,Low,Good,17,Pass,Good
3579,Female,20,College-1,94,2.8,3.95,100,67,75,82,Low,Yes,No,High School,Low,7.8,7.7,Low,Excellent,7,Pass,Good
3580,Female,16,College-1,69,6.3,2.89,100,69,83,85,Low,No,Yes,Graduate,Medium,7.4,3.2,Low,Average,13,Pass,Excellent
3581,Male,17,9,62,7.0,2.33,84,68,84,84,Low,No,Yes,High School,High,7.9,5.6,High,Excellent,15,Pass,Good
3582,Female,17,11,89,5.6,3.99,100,82,88,93,Low,No,No,Postgraduate,High,4.9,6.6,Medium,Average,8,Pass,Excellent
3583,Female,17,10,64,6.7,3.85,100,71,93,89,High,Yes,No,Graduate,Low,6.1,1.4,Low,Good,14,Pass,Excellent
3584,Male,20,11,90,5.1,3.62,100,69,80,89,High,No,Yes,Postgraduate,Low,7.0,3.5,Low,Excellent,8,Pass,Excellent
3585,Male,18,9,78,2.7,3.37,100,42,76,74,Low,Yes,No,High School,High,7.4,5.7,High,Good,11,Pass,Good
3586,Female,17,9,72,7.1,2.27,97,81,84,90,Medium,No,No,Graduate,High,6.6,4.0,High,Excellent,12,Pass,Excellent
3587,Female,15,10,63,4.5,3.29,100,57,82,81,Medium,No,Yes,Postgraduate,Medium,8.2,1.4,Medium,Good,15,Pass,Good
3588,Male,22,12,51,3.3,3.25,100,42,73,72,High,Yes,No,High School,Medium,8.9,1.5,Medium,Excellent,18,Pass,Good
3589,Female,15,10,53,1.1,3.53,100,39,66,60,Medium,Yes,No,High School,High,8.4,1.6,High,Good,17,Pass,Average
3590,Female,19,College-2,92,6.2,2.03,82,86,91,94,Medium,Yes,No,Postgraduate,Low,7.0,2.8,High,Average,7,Pass,Excellent
3591,Female,15,10,93,3.2,2.21,84,62,75,78,Medium,Yes,Yes,High School,Medium,8.1,7.8,High,Poor,7,Pass,Good
3592,Male,16,12,57,2.6,3.3,94,50,75,71,High,No,Yes,Graduate,Low,4.6,4.6,Low,Average,16,Pass,Good
3593,Male,22,12,66,3.3,3.1,100,39,76,75,Medium,No,Yes,Postgraduate,High,8.0,6.8,Low,Excellent,14,Pass,Good
3594,Male,16,College-1,98,1.1,3.75,100,53,68,73,Low,Yes,No,High School,High,4.7,3.4,High,Poor,6,Pass,Good
3595,Male,16,12,92,3.1,2.04,76,67,69,72,Low,Yes,No,Graduate,Low,5.8,4.2,Medium,Good,7,Pass,Good
3596,Male,17,12,60,2.1,2.5,76,35,56,51,High,Yes,No,Graduate,High,7.4,1.6,High,Average,15,Pass,Poor
3597,Female,21,9,70,7.6,2.41,100,82,96,92,High,No,No,Graduate,Medium,5.3,2.7,High,Good,13,Pass,Excellent
3598,Male,17,College-2,78,1.4,2.16,73,51,67,61,Low,No,No,Postgraduate,High,7.2,2.5,Medium,Average,11,Pass,Average
3599,Male,18,9,50,4.2,2.91,99,44,71,75,Medium,No,Yes,Graduate,High,7.6,3.2,Medium,Good,18,Pass,Good
3600,Male,22,12,93,1.2,3.11,86,44,59,61,High,Yes,Yes,Postgraduate,Low,9.0,7.5,High,Poor,7,Pass,Average
3601,Female,19,College-2,94,5.5,2.23,85,73,85,90,Medium,No,No,High School,High,5.5,4.7,Low,Good,7,Pass,Excellent
3602,Male,19,11,75,4.3,3.39,100,59,73,83,High,Yes,No,Graduate,High,4.9,6.8,High,Average,12,Pass,Good
3603,Female,21,11,54,3.8,2.87,81,36,50,55,High,Yes,No,High School,Medium,6.1,3.1,Medium,Average,17,Pass,Average
3604,Male,20,11,60,2.3,2.86,95,37,60,64,High,Yes,Yes,Postgraduate,Medium,6.2,7.6,Low,Average,15,Pass,Average
3605,Female,22,10,79,3.9,2.14,91,50,69,70,Low,Yes,Yes,High School,Medium,8.7,6.0,High,Average,11,Pass,Good
3606,Female,16,College-2,100,4.2,3.16,100,71,87,92,Medium,No,Yes,Postgraduate,Low,7.5,7.0,Medium,Good,5,Pass,Excellent
3607,Male,16,College-2,77,7.1,2.92,100,80,84,96,Low,No,No,Postgraduate,Low,6.6,2.6,Medium,Good,11,Pass,Excellent
3608,Male,22,12,70,4.7,3.99,100,56,74,78,Medium,No,No,Postgraduate,Low,7.4,5.8,Low,Good,13,Pass,Good
3609,Female,17,10,67,5.1,3.85,100,54,84,82,High,Yes,No,Graduate,Low,6.2,7.3,Low,Poor,14,Pass,Good
3610,Male,22,10,75,7.0,3.63,100,81,94,93,Medium,Yes,Yes,Postgraduate,Medium,7.8,6.7,Low,Excellent,12,Pass,Excellent
3611,Female,18,10,84,3.3,3.65,100,68,88,80,Low,Yes,Yes,High School,High,7.6,3.0,Low,Good,9,Pass,Good
3612,Female,15,11,69,1.9,2.42,85,45,70,65,Medium,No,Yes,Graduate,Low,6.7,3.3,Medium,Good,13,Pass,Average
3613,Male,15,9,56,3.8,3.32,100,46,68,69,Low,Yes,No,Postgraduate,Low,5.5,4.0,Medium,Excellent,16,Pass,Average
3614,Male,20,12,67,6.6,2.08,90,56,76,75,High,Yes,Yes,Postgraduate,High,5.0,6.2,High,Poor,14,Pass,Good
3615,Female,20,10,90,4.5,2.02,78,65,67,79,Low,No,No,High School,Low,6.8,4.5,Medium,Excellent,8,Pass,Good
3616,Male,20,College-2,99,8.0,2.56,100,95,100,100,Low,Yes,No,Postgraduate,Medium,6.3,4.1,Medium,Poor,6,Pass,Excellent
3617,Female,16,College-2,95,3.0,3.79,100,57,73,82,High,No,Yes,Graduate,Low,6.2,1.5,Medium,Poor,7,Pass,Good
3618,Female,19,College-1,82,3.9,3.01,100,54,69,81,High,No,No,Graduate,Low,4.8,5.1,Low,Average,10,Pass,Good
3619,Male,15,11,58,5.7,3.41,100,55,71,80,High,Yes,No,High School,Medium,7.0,5.9,High,Excellent,16,Pass,Good
3620,Male,22,College-2,86,1.8,3.29,100,49,66,71,Medium,Yes,No,High School,Medium,6.0,7.7,Medium,Excellent,9,Pass,Good
3621,Male,21,9,55,1.2,3.37,84,41,65,55,High,Yes,Yes,Postgraduate,High,4.8,4.0,High,Excellent,17,Pass,Average
3622,Male,22,College-1,70,2.4,2.23,77,37,51,53,Medium,Yes,Yes,Graduate,Medium,6.4,3.7,High,Average,13,Pass,Poor
3623,Male,19,9,74,5.5,2.33,93,57,83,84,Medium,Yes,Yes,High School,Low,5.3,1.5,High,Average,12,Pass,Good
3624,Female,20,12,100,6.6,2.09,99,74,85,96,Low,No,No,Graduate,Medium,7.0,2.4,High,Good,5,Pass,Excellent
3625,Female,15,10,91,1.7,2.74,80,59,65,67,Medium,No,No,Postgraduate,Medium,7.0,7.0,High,Poor,8,Pass,Average
3626,Male,20,11,62,7.9,3.03,100,70,88,93,Medium,No,Yes,High School,High,8.7,7.5,Medium,Poor,15,Pass,Excellent
3627,Male,18,10,66,1.6,2.41,76,41,66,57,High,Yes,Yes,High School,Medium,5.6,3.7,Medium,Poor,14,Pass,Average
3628,Female,22,College-2,90,7.3,3.31,100,86,89,99,High,Yes,Yes,Postgraduate,Low,5.0,1.9,Low,Good,8,Pass,Excellent
3629,Male,15,College-1,96,5.4,3.63,100,68,92,95,Medium,Yes,Yes,High School,Low,7.8,2.1,High,Poor,6,Pass,Excellent
3630,Male,17,College-1,62,4.6,3.29,100,57,70,79,High,No,Yes,Postgraduate,Low,7.4,1.6,Medium,Average,15,Pass,Good
3631,Male,20,College-1,63,6.4,3.99,100,66,80,81,High,Yes,No,Postgraduate,High,8.7,5.5,Medium,Excellent,15,Pass,Good
3632,Female,19,12,92,7.7,2.91,100,89,87,100,Medium,No,Yes,High School,High,7.2,4.5,Medium,Excellent,7,Pass,Excellent
3633,Male,22,11,67,4.6,3.56,100,61,72,81,Medium,Yes,Yes,Postgraduate,Medium,4.6,6.1,High,Poor,14,Pass,Good
3634,Female,21,11,55,3.1,3.55,100,45,70,73,High,No,No,Postgraduate,High,6.2,5.0,High,Poor,17,Pass,Good
3635,Female,22,College-1,67,1.4,3.7,100,38,71,68,Low,Yes,No,High School,Low,5.6,2.9,Medium,Good,14,Pass,Average
3636,Male,19,11,93,4.1,3.84,100,75,91,88,High,No,No,Graduate,High,6.8,1.5,High,Good,7,Pass,Excellent
3637,Male,21,9,87,1.4,3.42,100,43,64,67,Low,No,Yes,High School,Low,7.6,6.6,High,Average,9,Pass,Average
3638,Male,17,College-1,90,3.4,2.02,81,68,76,75,Medium,Yes,No,Graduate,Low,8.3,5.1,Medium,Poor,8,Pass,Good
3639,Female,20,12,97,2.9,3.07,100,55,72,76,High,No,No,Graduate,High,6.8,7.9,Low,Excellent,6,Pass,Good
3640,Male,18,12,91,2.5,2.02,68,64,73,70,Medium,Yes,No,Graduate,Medium,6.5,5.9,Medium,Excellent,8,Pass,Good
3641,Female,15,9,66,2.5,3.41,100,36,70,67,High,Yes,Yes,High School,Medium,5.8,1.0,Low,Poor,14,Pass,Average
3642,Female,18,College-2,99,4.3,3.4,100,74,86,93,Medium,Yes,Yes,Graduate,Low,5.1,5.8,High,Poor,6,Pass,Excellent
3643,Male,15,12,57,3.3,3.74,100,41,67,70,High,No,No,Graduate,High,6.8,3.2,High,Good,16,Pass,Good
3644,Female,17,12,76,2.0,2.27,68,40,62,55,Low,No,Yes,Postgraduate,Medium,4.6,6.9,Low,Poor,11,Pass,Average
3645,Male,17,12,99,4.6,3.62,100,70,80,84,Low,No,Yes,High School,Low,4.9,5.0,High,Good,6,Pass,Good
3646,Female,18,11,83,2.2,2.93,91,50,68,70,Medium,Yes,No,Postgraduate,High,6.9,6.3,Low,Good,10,Pass,Good
3647,Female,19,College-2,67,4.3,2.67,85,54,75,74,High,No,Yes,High School,High,5.5,4.3,High,Poor,14,Pass,Good
3648,Female,17,10,78,1.5,3.03,86,39,64,62,Medium,Yes,No,Graduate,High,5.6,4.0,High,Poor,11,Pass,Average
3649,Male,21,11,67,5.7,3.83,100,69,89,90,Low,Yes,Yes,Graduate,High,5.6,5.9,Low,Excellent,14,Pass,Excellent
3650,Male,19,10,65,1.9,3.52,99,48,74,75,Low,Yes,No,Postgraduate,High,6.8,4.2,High,Good,14,Pass,Good
3651,Male,22,College-1,79,3.9,2.81,100,61,86,84,High,Yes,No,Postgraduate,High,4.5,5.8,Low,Excellent,11,Pass,Good
3652,Female,18,College-2,87,4.6,2.97,100,75,84,92,Low,Yes,Yes,High School,Low,4.7,7.0,Medium,Average,9,Pass,Excellent
3653,Female,19,11,67,1.0,2.67,73,40,56,52,Medium,No,Yes,Postgraduate,High,7.8,1.6,Low,Average,14,Pass,Poor
3654,Male,20,College-1,91,7.4,3.3,100,88,100,100,Medium,No,No,Graduate,Low,6.0,3.6,Low,Poor,8,Pass,Excellent
3655,Male,19,10,58,4.7,2.61,87,56,66,71,High,Yes,Yes,High School,High,7.1,2.0,Medium,Average,16,Pass,Good
3656,Female,22,10,92,2.9,2.59,82,68,79,75,High,No,Yes,Postgraduate,Medium,5.2,4.9,Medium,Poor,7,Pass,Good
3657,Female,15,10,61,7.5,3.65,100,76,81,89,Low,Yes,No,Graduate,High,4.6,2.0,Low,Average,15,Pass,Excellent
3658,Female,19,9,60,5.5,3.56,100,61,72,84,High,No,No,High School,High,9.0,1.6,Low,Good,15,Pass,Good
3659,Male,19,11,70,3.6,2.35,73,44,66,65,High,Yes,Yes,High School,High,6.5,5.1,Medium,Poor,13,Pass,Average
3660,Female,15,12,50,4.6,2.11,70,56,61,61,Medium,Yes,No,High School,Low,5.9,6.7,High,Average,18,Pass,Average
3661,Male,17,10,61,2.2,3.74,100,42,64,70,Low,Yes,Yes,Postgraduate,Low,5.0,5.7,Low,Average,15,Pass,Good
3662,Female,15,10,95,4.8,3.79,100,66,90,90,Low,Yes,No,Postgraduate,Low,8.7,6.9,Medium,Poor,7,Pass,Excellent
3663,Female,22,College-1,53,5.8,3.16,100,49,68,80,High,No,Yes,Postgraduate,High,4.9,6.8,Low,Good,17,Pass,Good
3664,Female,16,12,91,7.1,3.42,100,91,96,100,Medium,Yes,Yes,Postgraduate,Low,7.4,6.9,High,Poor,8,Pass,Excellent
3665,Female,16,9,56,3.4,2.23,79,49,57,65,Medium,Yes,Yes,Graduate,Medium,8.1,2.5,High,Good,16,Pass,Average
3666,Male,21,11,74,7.7,2.05,100,71,82,88,Low,Yes,No,High School,Medium,7.4,1.2,High,Average,12,Pass,Excellent
3667,Female,16,10,53,6.2,2.82,100,66,78,81,Medium,No,No,Postgraduate,Low,7.4,3.7,Low,Average,17,Pass,Good
3668,Female,15,12,51,3.4,3.6,100,52,73,73,High,Yes,Yes,Graduate,High,7.1,1.9,Medium,Excellent,18,Pass,Good
3669,Female,19,9,85,6.9,3.88,100,71,81,87,Medium,Yes,Yes,Graduate,Low,8.2,5.0,Medium,Excellent,9,Pass,Excellent
3670,Female,19,College-1,100,7.9,2.12,100,92,92,100,Low,Yes,No,High School,Medium,7.5,3.2,Medium,Average,5,Pass,Excellent
3671,Male,22,10,95,4.1,3.95,100,71,86,85,High,Yes,Yes,Graduate,High,4.8,7.3,High,Poor,7,Pass,Excellent
3672,Male,17,12,70,6.8,2.72,100,76,89,92,High,No,Yes,High School,Low,5.5,7.7,Low,Average,13,Pass,Excellent
3673,Male,18,11,99,7.6,2.09,100,89,94,100,Medium,Yes,No,Postgraduate,Medium,6.8,5.8,Medium,Good,6,Pass,Excellent
3674,Female,19,College-2,96,5.3,2.94,100,71,88,95,High,No,Yes,Postgraduate,Low,6.1,5.1,High,Good,6,Pass,Excellent
3675,Female,19,College-1,67,3.2,2.37,87,45,60,69,Medium,No,Yes,High School,High,5.7,5.2,Low,Average,14,Pass,Average
3676,Male,15,11,89,5.4,2.92,100,65,88,86,High,No,No,High School,High,6.0,4.5,Medium,Excellent,8,Pass,Excellent
3677,Male,15,College-2,84,5.6,3.76,100,77,85,87,Medium,Yes,No,High School,Low,6.2,3.0,Low,Poor,9,Pass,Excellent
3678,Female,20,12,82,5.1,2.49,88,58,78,77,Low,No,Yes,High School,Low,8.4,3.7,High,Good,10,Pass,Good
3679,Male,22,College-2,93,6.7,3.74,100,81,94,97,High,No,No,Postgraduate,Medium,5.4,5.1,High,Good,7,Pass,Excellent
3680,Male,21,10,55,2.9,2.89,84,42,59,57,Medium,No,No,Graduate,High,6.3,6.1,Low,Excellent,17,Pass,Average
3681,Female,15,12,57,6.7,2.73,100,62,87,83,Low,Yes,No,Graduate,Medium,8.5,7.4,High,Excellent,16,Pass,Good
3682,Male,19,College-1,57,4.1,3.65,100,57,82,79,High,No,Yes,High School,Medium,4.9,4.0,Medium,Average,16,Pass,Good
3683,Female,19,12,77,5.2,2.17,90,59,82,81,Medium,No,Yes,Graduate,High,5.3,7.4,Low,Average,11,Pass,Good
3684,Female,15,11,94,2.7,2.11,85,67,81,75,Low,No,No,High School,Low,7.8,1.4,Medium,Poor,7,Pass,Good
3685,Male,19,12,77,5.7,3.84,100,74,80,86,Medium,No,No,High School,High,8.1,5.6,High,Good,11,Pass,Excellent
3686,Male,21,12,78,7.3,2.05,95,71,80,89,Low,Yes,No,High School,High,5.9,6.6,High,Average,11,Pass,Excellent
3687,Male,21,College-2,55,4.2,2.67,92,51,77,74,Low,No,Yes,Graduate,High,6.3,6.2,Medium,Average,17,Pass,Good
3688,Female,22,College-2,100,5.7,2.82,100,82,96,95,Low,No,No,High School,Low,6.4,6.0,Low,Excellent,5,Pass,Excellent
3689,Female,17,11,57,7.6,3.64,100,74,87,89,High,No,Yes,Graduate,Medium,7.5,7.8,Medium,Average,16,Pass,Excellent
3690,Male,18,10,77,1.7,2.05,80,47,70,60,High,Yes,No,High School,Low,8.1,5.5,High,Average,11,Pass,Average
3691,Female,16,College-1,97,1.8,2.97,96,53,73,79,High,Yes,No,High School,Medium,6.3,3.9,High,Excellent,6,Pass,Good
3692,Male,18,9,94,2.3,3.21,100,66,77,84,High,No,No,Postgraduate,Medium,9.0,4.8,Low,Poor,7,Pass,Good
3693,Male,15,12,66,1.4,3.86,99,42,74,71,Low,No,No,Postgraduate,Medium,5.8,2.9,Low,Excellent,14,Pass,Good
3694,Male,20,College-2,55,5.4,2.03,86,44,73,66,Medium,No,No,Graduate,High,7.9,6.9,High,Good,17,Pass,Average
3695,Male,22,College-1,100,6.0,3.18,100,84,86,97,High,Yes,No,Postgraduate,Medium,4.7,3.1,Medium,Good,5,Pass,Excellent
3696,Male,16,College-1,71,6.5,3.56,100,68,90,90,High,No,Yes,Graduate,Low,6.9,6.2,Medium,Good,13,Pass,Excellent
3697,Female,18,9,100,5.8,2.59,100,81,95,97,Medium,Yes,Yes,Postgraduate,Low,7.4,2.2,Medium,Average,5,Pass,Excellent
3698,Female,21,College-1,78,5.3,3.95,100,61,78,80,High,Yes,No,Postgraduate,High,6.5,7.2,Medium,Excellent,11,Pass,Good
3699,Male,21,10,52,6.1,2.23,77,53,65,70,High,Yes,Yes,Postgraduate,Medium,7.3,1.4,Medium,Average,17,Pass,Good
3700,Female,22,11,57,7.0,2.74,100,55,74,86,High,Yes,Yes,High School,High,5.7,2.4,High,Excellent,16,Pass,Excellent
3701,Female,20,12,50,3.7,3.53,100,47,66,72,Medium,No,Yes,High School,High,5.3,5.3,Low,Excellent,18,Pass,Good
3702,Female,22,11,75,5.5,2.03,93,67,73,78,Medium,Yes,No,Postgraduate,Low,7.7,4.3,Medium,Good,12,Pass,Good
3703,Male,21,9,91,7.5,3.35,100,93,100,100,Medium,Yes,Yes,Postgraduate,High,8.6,3.8,Low,Average,8,Pass,Excellent
3704,Female,22,10,93,2.1,2.46,87,62,71,72,Low,Yes,No,Postgraduate,Low,4.8,2.3,Low,Good,7,Pass,Good
3705,Male,19,10,51,2.5,2.09,62,44,55,48,Medium,No,Yes,Postgraduate,Low,7.9,7.8,High,Excellent,18,Fail,Poor
3706,Female,20,College-1,83,6.0,2.15,84,70,76,80,Medium,Yes,Yes,Postgraduate,High,7.8,5.1,Medium,Excellent,10,Pass,Good
3707,Male,22,10,74,7.6,3.47,100,69,82,94,Medium,Yes,Yes,Postgraduate,Medium,8.9,4.0,Medium,Good,12,Pass,Excellent
3708,Female,15,11,77,6.9,2.68,100,79,86,92,Medium,No,No,Graduate,Low,5.7,4.6,High,Average,11,Pass,Excellent
3709,Male,20,11,73,5.4,2.51,88,54,71,77,High,No,No,Postgraduate,High,6.9,4.4,High,Average,12,Pass,Good
3710,Male,18,College-2,50,7.1,3.64,100,50,81,80,High,No,No,Graduate,Medium,6.8,6.8,Low,Poor,18,Pass,Good
3711,Female,18,College-2,98,5.9,3.03,100,81,92,96,Low,Yes,No,High School,Medium,5.3,1.3,Low,Good,6,Pass,Excellent
3712,Female,15,11,78,6.5,3.38,100,77,81,91,High,No,No,Graduate,Low,7.3,7.6,High,Average,11,Pass,Excellent
3713,Female,17,9,73,4.6,2.57,83,66,80,77,High,Yes,Yes,Postgraduate,Low,8.7,5.1,Medium,Excellent,12,Pass,Good
3714,Female,20,College-2,74,6.4,2.51,100,61,80,89,Medium,Yes,No,High School,High,6.3,5.2,Medium,Excellent,12,Pass,Excellent
3715,Male,21,10,98,3.2,2.24,86,67,81,81,Medium,No,Yes,High School,Low,8.7,5.7,Medium,Excellent,6,Pass,Good
3716,Male,21,9,84,6.2,2.96,100,76,92,90,Low,Yes,Yes,High School,High,6.0,2.6,High,Average,9,Pass,Excellent
3717,Female,16,College-1,67,3.3,2.55,95,58,84,77,High,No,Yes,Postgraduate,High,6.4,3.5,Medium,Average,14,Pass,Good
3718,Male,18,12,94,2.1,3.58,100,65,75,76,Low,Yes,No,Postgraduate,Medium,7.8,7.6,Low,Average,7,Pass,Good
3719,Male,19,10,62,2.6,2.89,86,38,69,65,High,No,No,Postgraduate,High,7.2,1.1,High,Poor,15,Pass,Average
3720,Male,16,11,56,4.0,3.49,100,40,78,72,High,No,No,Graduate,Low,6.0,3.7,Medium,Average,16,Pass,Good
3721,Female,16,9,57,5.8,2.1,85,51,74,69,High,Yes,Yes,Postgraduate,Low,7.3,2.4,High,Good,16,Pass,Average
3722,Male,20,College-2,99,6.4,3.67,100,91,88,94,High,No,No,Postgraduate,High,7.7,2.9,Low,Good,6,Pass,Excellent
3723,Male,19,College-1,91,3.1,3.02,100,68,85,86,Medium,No,Yes,Postgraduate,Medium,8.3,7.5,Medium,Excellent,8,Pass,Excellent
3724,Female,20,College-2,92,3.4,3.04,100,70,93,90,Low,Yes,No,High School,Low,6.5,2.6,High,Average,7,Pass,Excellent
3725,Female,19,College-1,81,2.4,3.32,93,58,70,74,High,Yes,Yes,High School,High,8.1,7.7,Medium,Average,10,Pass,Good
3726,Female,19,College-2,100,4.3,3.14,100,63,83,83,Medium,Yes,No,High School,Low,6.1,5.1,Low,Good,5,Pass,Good
3727,Female,20,10,59,5.7,2.24,77,60,65,71,Low,Yes,Yes,Graduate,Medium,6.8,1.2,Low,Good,16,Pass,Good
3728,Female,19,11,68,2.5,3.22,91,37,69,64,Medium,No,No,High School,Low,6.4,2.1,Medium,Poor,13,Pass,Average
3729,Male,17,11,78,1.3,3.83,100,46,80,71,High,No,No,Postgraduate,Low,8.2,5.0,Medium,Poor,11,Pass,Good
3730,Male,22,College-1,56,4.3,3.38,100,50,79,79,Low,No,No,Postgraduate,Low,8.0,6.9,Medium,Poor,16,Pass,Good
3731,Female,16,College-1,83,5.4,2.41,100,66,76,81,Medium,No,Yes,Graduate,Medium,6.4,2.7,Low,Poor,10,Pass,Good
3732,Female,20,12,50,7.7,2.97,100,71,86,92,High,No,Yes,High School,Low,8.2,2.8,Medium,Poor,18,Pass,Excellent
3733,Male,17,12,84,7.5,3.85,100,82,89,99,High,No,Yes,High School,Medium,9.0,7.1,High,Average,9,Pass,Excellent
3734,Male,21,College-2,78,7.9,2.22,97,83,82,97,Low,No,No,Postgraduate,High,6.4,7.3,Low,Average,11,Pass,Excellent
3735,Male,19,College-2,75,3.7,2.27,76,53,65,69,High,No,No,High School,Low,5.2,2.6,Low,Excellent,12,Pass,Average
3736,Female,18,11,58,8.0,2.4,100,71,93,88,High,Yes,Yes,Postgraduate,Medium,5.0,4.9,High,Average,16,Pass,Excellent
3737,Female,20,College-2,93,4.0,2.56,100,72,94,91,High,Yes,No,Postgraduate,Low,6.7,7.2,High,Average,7,Pass,Excellent
3738,Male,22,11,63,5.0,3.52,100,62,78,82,Medium,Yes,Yes,Postgraduate,Medium,8.0,2.0,Low,Good,15,Pass,Good
3739,Male,17,11,70,3.0,2.67,87,55,73,70,Low,Yes,No,Postgraduate,Low,5.8,6.6,Medium,Poor,13,Pass,Good
3740,Female,16,12,100,6.9,3.23,100,82,86,100,High,No,No,Graduate,Medium,7.8,3.1,High,Average,5,Pass,Excellent
3741,Female,17,12,94,3.7,3.55,100,64,84,82,Medium,Yes,No,High School,Medium,4.5,2.9,Low,Average,7,Pass,Good
3742,Female,16,10,75,6.9,2.4,93,70,82,87,Low,No,No,High School,Medium,7.6,7.1,High,Average,12,Pass,Excellent
3743,Male,19,College-2,76,5.2,3.16,100,65,90,86,Low,Yes,No,High School,High,8.7,1.3,High,Good,11,Pass,Excellent
3744,Male,22,11,65,4.6,2.04,82,53,60,71,High,No,No,Postgraduate,Low,8.0,5.3,Medium,Average,14,Pass,Good
3745,Male,19,College-2,81,3.7,2.01,87,69,77,81,Medium,No,No,High School,Medium,5.1,3.8,Low,Good,10,Pass,Good
3746,Male,22,9,100,1.7,2.82,84,55,71,69,Medium,Yes,Yes,Postgraduate,Medium,7.1,5.2,Low,Poor,5,Pass,Average
3747,Male,16,12,99,5.2,3.87,100,76,87,89,Medium,No,Yes,Postgraduate,High,6.7,1.7,High,Good,6,Pass,Excellent
3748,Male,21,11,80,5.0,3.57,100,66,84,85,Low,Yes,Yes,Postgraduate,High,6.1,2.5,Low,Excellent,10,Pass,Excellent
3749,Male,22,College-2,100,6.8,2.91,100,91,100,98,Medium,No,Yes,Postgraduate,High,8.9,1.3,High,Excellent,5,Pass,Excellent
3750,Female,20,College-1,61,5.4,2.88,100,62,86,86,Medium,Yes,Yes,High School,Low,7.6,1.4,High,Average,15,Pass,Excellent
3751,Male,21,9,60,2.1,2.04,78,43,67,62,High,No,Yes,Postgraduate,Low,6.3,3.8,Low,Average,15,Pass,Average
3752,Male,18,9,88,3.8,2.01,84,62,69,71,Medium,Yes,Yes,High School,High,7.7,4.6,Medium,Good,8,Pass,Good
3753,Female,18,12,91,6.5,2.93,100,88,91,96,Low,No,Yes,High School,Low,4.9,6.5,Low,Good,8,Pass,Excellent
3754,Male,17,10,94,2.5,2.1,71,69,64,65,Low,No,Yes,Postgraduate,High,8.3,2.0,High,Poor,7,Pass,Average
3755,Male,16,9,54,5.4,3.25,100,55,73,81,Medium,No,No,High School,Low,5.2,2.0,High,Good,17,Pass,Good
3756,Male,20,College-2,95,1.4,2.13,86,58,67,70,Low,Yes,Yes,Graduate,Low,7.2,5.0,High,Good,7,Pass,Good
3757,Female,20,9,56,2.2,2.12,61,35,45,43,High,Yes,No,Graduate,Low,5.2,7.0,Low,Poor,16,Fail,Poor
3758,Male,16,9,87,4.4,3.18,100,74,86,85,Medium,No,Yes,Graduate,Low,7.0,4.1,Medium,Excellent,9,Pass,Excellent
3759,Male,19,College-1,95,4.8,2.99,100,63,74,84,High,Yes,No,Postgraduate,Low,8.1,1.8,Low,Excellent,7,Pass,Good
3760,Male,18,College-2,71,7.1,2.6,100,80,83,91,Low,No,No,Graduate,Low,8.8,6.2,High,Poor,13,Pass,Excellent
3761,Female,16,9,80,4.9,3.84,100,62,74,82,High,No,No,Graduate,Medium,6.1,4.0,Low,Excellent,10,Pass,Good
3762,Male,21,9,51,4.1,3.99,100,40,76,75,Low,No,Yes,High School,Low,6.5,4.3,Low,Excellent,18,Pass,Good
3763,Female,15,9,63,7.4,2.78,100,74,81,88,High,No,No,High School,Medium,7.8,2.6,High,Poor,15,Pass,Excellent
3764,Male,19,11,53,6.8,2.93,100,51,81,81,Medium,Yes,No,Graduate,Medium,5.9,2.8,High,Average,17,Pass,Good
3765,Male,18,10,75,3.8,3.79,100,64,90,86,Medium,No,Yes,Graduate,Medium,6.4,2.5,Low,Average,12,Pass,Excellent
3766,Female,15,9,79,4.2,2.38,95,69,87,87,Low,Yes,Yes,High School,Low,9.0,4.2,High,Excellent,11,Pass,Excellent
3767,Male,15,12,82,4.1,3.32,100,67,80,85,Medium,Yes,No,Postgraduate,Medium,8.1,4.8,Low,Poor,10,Pass,Excellent
3768,Female,21,9,88,5.5,3.27,100,79,89,90,Medium,Yes,No,Postgraduate,High,8.4,7.6,Low,Average,8,Pass,Excellent
3769,Female,15,12,73,6.2,3.04,100,71,83,85,High,Yes,No,High School,High,7.8,7.0,Low,Average,12,Pass,Excellent
3770,Female,22,10,67,6.8,3.9,100,71,81,89,Low,Yes,No,High School,Low,6.3,5.8,Low,Poor,14,Pass,Excellent
3771,Female,20,College-2,93,5.1,3.05,100,71,91,95,Medium,Yes,Yes,High School,Low,6.0,6.9,Low,Excellent,7,Pass,Excellent
3772,Male,22,9,98,6.4,2.98,100,83,94,100,Medium,Yes,Yes,Graduate,Medium,5.8,2.9,High,Average,6,Pass,Excellent
3773,Male,21,10,82,2.0,2.16,67,45,51,56,Low,No,No,Postgraduate,Medium,6.9,6.8,High,Good,10,Pass,Average
3774,Female,15,9,95,6.7,3.46,100,84,98,100,Medium,No,Yes,Graduate,Medium,5.9,4.2,High,Excellent,7,Pass,Excellent
3775,Male,15,College-2,95,5.5,2.3,92,68,83,90,High,Yes,No,Postgraduate,Low,7.1,5.1,Low,Average,7,Pass,Excellent
3776,Female,21,11,71,6.9,3.18,100,73,91,94,High,Yes,Yes,Graduate,Medium,4.8,5.3,Low,Excellent,13,Pass,Excellent
3777,Female,18,College-1,54,5.6,2.71,86,59,75,71,Low,No,Yes,Graduate,Medium,6.5,1.9,Low,Average,17,Pass,Good
3778,Male,15,College-1,67,7.5,2.12,99,77,90,91,Medium,No,Yes,Graduate,Medium,5.7,2.4,Medium,Excellent,14,Pass,Excellent
3779,Male,17,9,96,5.8,3.69,100,69,89,88,Low,No,Yes,Postgraduate,High,5.9,5.1,High,Excellent,6,Pass,Excellent
3780,Female,17,10,71,7.2,2.25,98,80,86,88,Medium,No,No,High School,High,5.6,1.0,High,Average,13,Pass,Excellent
3781,Female,17,11,69,6.7,2.76,97,65,76,89,Medium,Yes,Yes,High School,Medium,6.7,5.5,Medium,Poor,13,Pass,Excellent
3782,Female,21,12,84,7.6,2.36,100,73,78,90,Medium,No,No,Graduate,High,8.0,3.3,Medium,Poor,9,Pass,Excellent
3783,Female,18,12,68,2.3,2.17,64,41,58,55,Medium,No,No,Graduate,Low,7.7,7.6,Low,Poor,13,Pass,Average
3784,Female,22,College-2,94,2.1,2.89,100,56,72,76,High,Yes,Yes,Postgraduate,Low,7.2,6.1,Low,Poor,7,Pass,Good
3785,Female,21,12,65,5.1,3.61,100,53,84,83,High,Yes,Yes,High School,Medium,6.2,7.4,Low,Poor,14,Pass,Good
3786,Female,17,12,63,7.6,2.46,100,72,94,92,High,Yes,No,Graduate,Medium,4.6,5.5,Medium,Good,15,Pass,Excellent
3787,Female,19,12,81,2.3,2.23,86,52,72,70,Low,No,No,High School,Medium,8.8,3.3,Low,Average,10,Pass,Good
3788,Female,17,College-2,84,1.6,2.77,96,58,78,75,High,Yes,No,High School,Low,6.7,4.4,Medium,Excellent,9,Pass,Good
3789,Male,17,9,52,7.3,3.32,100,62,81,82,Low,No,Yes,High School,Medium,5.9,5.1,High,Poor,17,Pass,Good
3790,Female,22,11,84,1.3,2.28,85,58,78,68,Low,Yes,Yes,Postgraduate,Low,8.1,2.3,High,Excellent,9,Pass,Average
3791,Male,19,12,94,7.9,3.0,100,79,90,94,Medium,Yes,Yes,Postgraduate,High,7.2,1.4,Low,Average,7,Pass,Excellent
3792,Female,22,10,96,2.9,2.85,100,71,83,81,High,Yes,Yes,Postgraduate,Medium,6.5,5.9,Low,Excellent,6,Pass,Good
3793,Male,21,10,50,7.5,2.74,100,56,74,80,Medium,Yes,No,Graduate,Medium,6.5,1.5,Medium,Good,18,Pass,Good
3794,Female,20,11,89,1.1,2.34,77,41,51,61,Low,No,Yes,Graduate,Medium,5.0,3.4,High,Poor,8,Pass,Average
3795,Female,17,College-2,68,1.7,2.05,69,39,52,49,High,Yes,Yes,Postgraduate,Low,8.8,7.6,Low,Average,13,Fail,Poor
3796,Female,19,10,82,5.7,3.11,100,67,76,90,Low,No,Yes,Postgraduate,High,7.8,1.6,High,Good,10,Pass,Excellent
3797,Female,17,College-1,63,2.2,2.08,80,38,61,57,Medium,No,Yes,Graduate,Medium,5.5,4.4,Low,Average,15,Pass,Average
3798,Female,18,10,60,7.3,3.0,100,76,87,92,High,No,Yes,Postgraduate,High,5.8,4.4,Low,Average,15,Pass,Excellent
3799,Female,16,12,58,2.0,3.0,89,45,65,64,Low,Yes,Yes,Postgraduate,High,6.5,3.6,Low,Average,16,Pass,Average
3800,Female,22,11,68,6.1,2.22,85,73,84,84,Low,Yes,Yes,High School,Low,8.4,2.0,High,Average,13,Pass,Good
3801,Female,22,College-1,87,4.4,3.64,100,60,79,81,Medium,Yes,No,Graduate,Medium,5.7,4.8,Medium,Good,9,Pass,Good
3802,Male,21,College-1,68,2.9,3.2,100,52,75,72,Low,Yes,Yes,High School,Medium,5.9,6.5,High,Average,13,Pass,Good
3803,Female,16,10,62,4.4,2.89,100,50,82,74,High,Yes,Yes,High School,Medium,6.1,7.9,Medium,Average,15,Pass,Good
3804,Female,15,11,57,2.0,3.88,100,40,76,67,Medium,Yes,No,High School,Medium,8.6,2.8,High,Poor,16,Pass,Average
3805,Female,15,9,91,4.8,2.45,96,71,80,85,Low,No,No,High School,Low,8.6,6.5,High,Average,8,Pass,Excellent
3806,Male,16,12,96,2.8,2.39,81,52,62,71,Low,Yes,Yes,Postgraduate,Medium,4.9,2.6,Low,Excellent,6,Pass,Good
3807,Male,22,9,84,3.8,3.39,100,64,87,85,High,No,No,Postgraduate,High,8.9,7.9,Medium,Average,9,Pass,Excellent
3808,Male,16,9,88,6.2,3.91,100,68,81,88,Low,No,Yes,Postgraduate,Low,6.8,4.2,Medium,Poor,8,Pass,Excellent
3809,Female,18,College-2,86,2.7,2.26,84,65,75,70,High,Yes,Yes,Postgraduate,Low,8.7,3.6,Low,Poor,9,Pass,Good
3810,Female,21,11,75,6.9,2.47,100,81,84,96,High,Yes,Yes,Graduate,Low,8.0,2.4,High,Excellent,12,Pass,Excellent
3811,Female,20,College-1,68,6.8,3.85,100,77,84,91,Medium,Yes,No,Postgraduate,Low,8.0,6.8,Low,Poor,13,Pass,Excellent
3812,Female,18,College-1,50,3.0,2.83,76,46,69,57,Low,Yes,No,Postgraduate,Medium,4.5,2.3,Low,Poor,18,Pass,Average
3813,Male,19,College-2,51,7.8,3.29,100,61,75,86,Medium,Yes,Yes,High School,High,5.5,4.6,Medium,Poor,18,Pass,Excellent
3814,Male,16,10,77,1.2,3.24,100,38,67,63,High,Yes,Yes,High School,Medium,4.9,5.6,Low,Poor,11,Pass,Average
3815,Female,17,College-2,76,7.8,3.62,100,85,99,100,Low,No,No,Postgraduate,Medium,8.3,5.2,Medium,Average,11,Pass,Excellent
3816,Male,18,12,56,7.8,2.67,95,76,85,91,Medium,Yes,Yes,Graduate,Low,4.7,7.7,Medium,Excellent,16,Pass,Excellent
3817,Male,22,11,99,5.9,2.96,100,73,84,93,Low,No,No,Graduate,High,7.4,3.4,Low,Poor,6,Pass,Excellent
3818,Male,21,9,81,7.5,3.96,100,74,92,99,Medium,No,No,High School,High,8.0,7.6,Low,Excellent,10,Pass,Excellent
3819,Male,21,10,62,4.3,2.63,91,59,75,71,High,Yes,No,High School,Low,5.2,7.2,Low,Poor,15,Pass,Good
3820,Female,17,10,50,2.0,3.04,82,35,57,55,Medium,Yes,Yes,High School,Medium,5.9,4.1,Low,Average,18,Pass,Average
3821,Female,21,11,76,3.1,2.55,81,49,57,64,Medium,No,No,High School,High,4.6,2.8,Medium,Poor,11,Pass,Average
3822,Female,18,College-1,90,5.5,2.52,98,67,77,90,High,Yes,Yes,High School,High,6.1,1.9,Low,Excellent,8,Pass,Excellent
3823,Female,16,College-2,88,3.9,2.02,76,65,77,75,High,Yes,No,Graduate,High,6.3,7.6,High,Excellent,8,Pass,Good
3824,Female,21,11,57,2.0,3.37,100,45,74,66,Medium,Yes,No,Graduate,High,6.7,6.6,High,Poor,16,Pass,Average
3825,Male,20,College-2,61,4.9,2.91,97,58,77,74,Medium,No,No,Graduate,Low,5.2,6.9,Medium,Good,15,Pass,Good
3826,Female,17,College-2,78,5.7,2.22,96,69,90,88,High,Yes,Yes,Graduate,Low,9.0,1.3,High,Good,11,Pass,Excellent
3827,Female,15,11,61,7.1,3.5,100,66,80,89,Medium,Yes,No,Graduate,Medium,4.7,3.0,High,Average,15,Pass,Excellent
3828,Male,22,12,52,6.6,2.1,76,57,64,71,High,Yes,Yes,Postgraduate,Low,4.7,6.1,Low,Poor,17,Pass,Good
3829,Female,15,12,73,7.2,2.62,100,81,92,94,Low,No,Yes,Postgraduate,Low,5.3,4.5,Low,Excellent,12,Pass,Excellent
3830,Female,19,College-2,62,1.5,3.49,89,41,69,60,Medium,Yes,Yes,Postgraduate,High,6.9,3.0,Medium,Good,15,Pass,Average
3831,Male,19,10,54,3.8,2.64,84,51,65,63,High,Yes,No,High School,Medium,4.9,8.0,Low,Average,17,Pass,Average
3832,Female,19,11,85,4.1,2.99,94,53,65,72,Low,No,Yes,Graduate,High,8.7,6.3,Medium,Excellent,9,Pass,Good
3833,Female,15,12,65,5.7,2.37,91,60,73,79,Low,Yes,Yes,Graduate,Medium,6.8,5.6,Low,Average,14,Pass,Good
3834,Male,18,9,90,6.6,2.49,100,80,95,92,Medium,No,No,High School,Medium,7.3,1.2,High,Poor,8,Pass,Excellent
3835,Male,19,11,67,7.3,2.67,100,67,77,87,High,Yes,No,High School,Medium,7.4,1.2,High,Poor,14,Pass,Excellent
3836,Female,20,11,61,6.5,3.76,100,73,83,90,Medium,No,Yes,Postgraduate,Medium,6.5,5.9,High,Good,15,Pass,Excellent
3837,Female,18,11,90,7.7,3.22,100,85,84,98,Low,Yes,No,High School,Medium,4.7,5.4,High,Average,8,Pass,Excellent
3838,Male,19,College-2,57,2.7,2.76,84,42,60,57,Low,Yes,Yes,Postgraduate,Medium,8.5,2.4,Medium,Good,16,Pass,Average
3839,Male,21,College-1,67,6.7,2.6,98,70,79,86,Low,No,Yes,Graduate,Medium,8.0,1.7,Medium,Good,14,Pass,Excellent
3840,Female,15,College-2,91,6.3,3.18,100,70,91,96,High,Yes,Yes,Graduate,Medium,7.3,5.8,Low,Excellent,8,Pass,Excellent
3841,Female,22,9,51,2.1,3.9,100,43,77,72,Medium,No,No,Postgraduate,Medium,7.3,6.1,Medium,Poor,18,Pass,Good
3842,Female,19,College-2,100,6.6,2.37,96,91,99,97,Medium,Yes,No,Postgraduate,High,8.0,5.6,Medium,Poor,5,Pass,Excellent
3843,Male,17,11,55,3.8,2.87,86,46,71,66,Low,No,Yes,Postgraduate,High,6.3,2.0,High,Poor,17,Pass,Average
3844,Female,19,12,61,3.7,3.73,100,43,79,74,High,No,No,High School,Low,5.0,6.6,Medium,Poor,15,Pass,Good
3845,Male,15,College-2,88,2.9,2.55,91,55,75,71,High,Yes,No,High School,High,8.0,1.2,Low,Excellent,8,Pass,Good
3846,Female,16,College-1,56,2.9,2.36,68,43,63,53,Low,No,Yes,Graduate,High,5.0,1.8,High,Average,16,Pass,Poor
3847,Male,20,10,55,6.4,2.51,84,63,81,81,Low,Yes,No,High School,Low,9.0,3.1,Low,Average,17,Pass,Good
3848,Female,15,11,57,7.7,2.45,90,68,80,81,High,Yes,Yes,Postgraduate,Low,5.9,2.3,Low,Excellent,16,Pass,Good
3849,Female,20,College-2,92,1.2,3.74,100,49,71,69,Low,Yes,Yes,Postgraduate,Medium,8.2,5.1,High,Good,7,Pass,Average
3850,Male,22,10,62,1.5,2.16,75,42,63,57,Low,Yes,Yes,High School,Low,6.5,5.0,High,Excellent,15,Pass,Average
3851,Female,15,9,53,7.2,3.49,100,58,75,84,Low,No,Yes,Postgraduate,Low,6.4,6.8,Low,Excellent,17,Pass,Good
3852,Male,22,12,84,6.6,3.93,100,68,90,90,Low,Yes,Yes,Graduate,Medium,8.7,4.3,Medium,Poor,9,Pass,Excellent
3853,Female,16,12,92,3.3,2.56,82,53,63,68,Low,No,Yes,Graduate,Medium,6.1,3.6,Medium,Average,7,Pass,Average
3854,Male,21,College-1,93,5.3,3.76,100,83,96,98,High,Yes,No,Postgraduate,Low,7.0,3.3,High,Poor,7,Pass,Excellent
3855,Male,19,12,82,3.6,2.1,71,58,64,69,High,No,No,Postgraduate,Low,5.3,7.5,Medium,Excellent,10,Pass,Average
3856,Female,18,12,99,1.9,3.49,100,49,71,80,High,No,No,Graduate,Medium,6.9,4.2,High,Excellent,6,Pass,Good
3857,Male,21,11,57,5.3,2.33,77,51,64,70,Low,No,No,Graduate,High,8.9,3.3,High,Average,16,Pass,Good
3858,Male,16,10,91,4.3,3.67,100,69,82,85,Low,No,Yes,Postgraduate,Low,8.1,2.2,Low,Poor,8,Pass,Excellent
3859,Male,16,9,61,5.4,3.45,100,63,86,86,Low,Yes,No,Postgraduate,Low,7.2,2.3,Medium,Excellent,15,Pass,Excellent
3860,Female,20,College-1,94,1.6,2.12,74,55,63,61,Medium,Yes,No,Graduate,Low,8.5,1.6,Medium,Good,7,Pass,Average
3861,Female,18,12,75,4.8,2.35,85,52,60,72,Low,No,No,Graduate,Low,5.0,3.9,High,Poor,12,Pass,Good
3862,Female,17,12,71,1.4,2.02,71,47,58,58,Low,No,No,Graduate,Medium,6.9,7.8,Medium,Good,13,Pass,Average
3863,Female,19,10,78,3.5,2.09,73,59,71,65,Medium,No,No,High School,Medium,5.5,1.4,High,Poor,11,Pass,Average
3864,Female,22,11,61,8.0,3.36,100,66,90,90,Low,Yes,No,Postgraduate,High,6.1,5.3,Medium,Excellent,15,Pass,Excellent
3865,Male,18,College-2,83,7.0,2.34,95,77,86,91,Low,No,Yes,High School,Low,5.8,5.0,Low,Poor,10,Pass,Excellent
3866,Male,15,10,58,2.1,2.39,79,35,59,61,High,Yes,No,High School,Medium,8.9,5.1,High,Average,16,Pass,Average
3867,Male,17,College-1,93,5.8,2.61,96,79,94,93,Low,Yes,No,Postgraduate,Medium,4.8,7.1,Low,Poor,7,Pass,Excellent
3868,Male,21,College-1,50,5.1,3.42,98,45,72,76,High,Yes,No,Postgraduate,Medium,6.4,5.9,High,Excellent,18,Pass,Good
3869,Female,17,9,79,3.9,3.49,100,63,79,86,High,No,Yes,High School,High,7.2,4.3,High,Average,11,Pass,Excellent
3870,Female,17,College-1,80,5.2,2.81,100,76,88,88,Medium,Yes,No,Graduate,High,4.6,6.6,Medium,Excellent,10,Pass,Excellent
3871,Female,19,College-2,62,5.7,2.92,95,51,67,77,High,Yes,No,Postgraduate,Medium,6.1,7.0,Medium,Good,15,Pass,Good
3872,Male,20,12,70,3.9,4.0,100,50,72,72,Low,Yes,No,Postgraduate,Low,8.8,3.0,Low,Average,13,Pass,Good
3873,Female,22,11,92,6.1,2.58,100,66,91,91,Low,No,Yes,Graduate,High,7.3,1.2,Low,Poor,7,Pass,Excellent
3874,Female,16,11,82,4.3,3.56,100,71,77,81,High,Yes,No,Graduate,High,7.3,4.4,Low,Poor,10,Pass,Good
3875,Male,17,9,72,6.1,2.03,97,62,84,88,Medium,Yes,No,High School,Low,5.2,3.3,Low,Average,12,Pass,Excellent
3876,Male,18,9,74,2.2,3.68,100,52,70,76,Medium,Yes,No,Graduate,Low,6.8,1.7,High,Excellent,12,Pass,Good
3877,Female,17,12,79,7.3,3.92,100,80,98,100,Medium,No,Yes,Graduate,Low,7.1,5.1,Medium,Average,11,Pass,Excellent
3878,Female,16,College-2,76,5.6,2.11,83,61,67,78,High,Yes,Yes,Graduate,Low,6.1,4.5,High,Excellent,11,Pass,Good
3879,Male,19,College-1,91,7.7,2.31,100,77,93,94,High,Yes,No,High School,Medium,7.2,3.8,Medium,Excellent,8,Pass,Excellent
3880,Male,15,12,97,1.6,2.02,74,63,71,72,Low,Yes,No,Postgraduate,Medium,6.5,6.9,Low,Excellent,6,Pass,Good
3881,Female,17,12,50,1.7,3.95,100,37,75,69,High,Yes,Yes,Postgraduate,Medium,5.7,5.7,High,Average,18,Pass,Average
3882,Female,19,10,63,6.0,3.18,100,57,83,79,Low,No,Yes,High School,High,7.0,4.9,Low,Excellent,15,Pass,Good
3883,Female,20,10,54,8.0,2.27,89,72,87,85,High,Yes,No,Graduate,High,7.1,1.5,High,Excellent,17,Pass,Excellent
3884,Female,18,9,64,7.6,3.63,100,73,91,89,Low,No,Yes,High School,Medium,5.2,6.3,High,Average,14,Pass,Excellent
3885,Female,21,12,81,5.7,2.07,92,61,80,85,Medium,No,No,Postgraduate,Medium,7.5,2.7,Low,Good,10,Pass,Excellent
3886,Male,22,10,74,2.8,3.42,100,53,80,80,High,No,No,High School,Low,8.9,2.6,High,Good,12,Pass,Good
3887,Male,15,12,76,1.0,2.52,84,35,63,56,High,No,No,Postgraduate,Low,7.2,1.5,Low,Excellent,11,Pass,Average
3888,Male,17,10,63,5.8,2.45,92,50,73,76,High,No,Yes,High School,Medium,5.2,2.2,High,Good,15,Pass,Good
3889,Female,20,College-1,74,7.6,2.11,100,71,91,92,Medium,Yes,Yes,High School,Low,8.6,3.0,Medium,Poor,12,Pass,Excellent
3890,Female,22,College-1,52,6.2,2.04,86,56,66,72,Medium,Yes,No,Postgraduate,Low,6.2,1.3,High,Excellent,17,Pass,Good
3891,Female,22,12,94,2.9,3.31,100,62,73,77,Medium,No,No,Postgraduate,Low,4.9,6.3,High,Average,7,Pass,Good
3892,Female,20,11,56,3.1,2.62,82,35,59,60,High,No,Yes,Postgraduate,Low,8.1,5.0,High,Excellent,16,Pass,Average
3893,Female,21,10,53,1.4,2.85,81,36,65,59,Medium,Yes,No,Postgraduate,High,5.3,2.0,High,Poor,17,Pass,Average
3894,Female,16,11,79,6.5,2.6,93,79,90,90,Medium,Yes,Yes,Postgraduate,Low,9.0,1.5,High,Average,11,Pass,Excellent
3895,Female,21,12,93,3.7,2.55,86,60,70,72,Low,No,No,Graduate,Medium,6.6,3.5,Low,Excellent,7,Pass,Good
3896,Female,17,College-2,86,3.1,2.1,71,65,61,64,High,Yes,No,Postgraduate,High,4.8,7.3,Medium,Excellent,9,Pass,Average
3897,Male,20,College-2,56,3.0,3.85,100,35,64,69,High,No,Yes,Graduate,Low,6.6,5.1,High,Average,16,Pass,Average
3898,Female,21,12,96,7.9,2.83,100,78,94,95,Low,Yes,Yes,Postgraduate,High,5.0,7.0,Medium,Good,6,Pass,Excellent
3899,Female,16,11,54,1.5,2.26,61,35,41,47,Medium,No,Yes,Graduate,High,4.8,1.8,Medium,Poor,17,Fail,Poor
3900,Female,21,College-1,91,2.9,2.72,100,67,90,83,High,Yes,Yes,Postgraduate,High,8.5,3.2,Medium,Good,8,Pass,Good
3901,Female,16,10,59,3.7,3.94,100,49,75,72,Medium,Yes,Yes,High School,Low,6.0,7.1,Low,Average,16,Pass,Good
3902,Female,20,11,54,3.1,2.46,83,48,58,64,High,No,No,Graduate,Low,7.0,3.8,Medium,Good,17,Pass,Average
3903,Male,16,College-2,98,4.4,2.28,91,70,78,86,Low,No,Yes,Postgraduate,High,8.2,3.4,Medium,Average,6,Pass,Excellent
3904,Female,16,11,89,5.8,3.57,100,76,82,92,Low,Yes,Yes,High School,Medium,7.0,3.3,Medium,Average,8,Pass,Excellent
3905,Female,22,College-2,57,6.6,3.86,100,63,74,87,Medium,No,Yes,Graduate,Medium,9.0,5.3,Medium,Excellent,16,Pass,Excellent
3906,Female,22,College-1,58,8.0,2.99,100,72,80,89,Medium,Yes,No,High School,High,5.3,5.8,High,Poor,16,Pass,Excellent
3907,Female,17,College-2,87,3.2,2.72,84,55,65,69,High,No,Yes,High School,Low,7.3,7.9,Low,Good,9,Pass,Average
3908,Female,21,College-2,65,1.2,2.45,69,36,57,49,High,No,No,Postgraduate,Low,6.6,1.2,Medium,Good,14,Fail,Poor
3909,Female,22,10,55,1.4,3.32,84,35,66,60,Low,No,No,Graduate,Low,4.7,7.9,Medium,Excellent,17,Pass,Average
3910,Male,18,College-2,52,7.6,3.59,100,68,78,90,High,No,No,Postgraduate,Low,5.7,7.9,Medium,Average,17,Pass,Excellent
3911,Female,20,9,91,2.5,3.68,100,55,84,80,Medium,Yes,No,Postgraduate,Medium,8.7,6.6,Low,Average,8,Pass,Good
3912,Female,17,11,82,3.8,3.3,100,58,73,82,Medium,No,Yes,Postgraduate,Medium,5.4,7.5,Medium,Poor,10,Pass,Good
3913,Female,21,11,77,7.6,3.66,100,77,89,98,Low,No,Yes,Graduate,High,5.8,5.9,Low,Excellent,11,Pass,Excellent
3914,Male,17,11,59,3.4,2.49,92,43,60,70,Low,Yes,No,Graduate,Low,7.9,7.9,Medium,Good,16,Pass,Good
3915,Female,17,9,95,2.3,3.42,100,54,71,80,High,Yes,No,Postgraduate,High,8.7,2.7,Low,Excellent,7,Pass,Good
3916,Male,16,9,50,5.0,3.73,100,51,78,79,Low,No,No,High School,Medium,6.7,4.3,High,Good,18,Pass,Good
3917,Male,22,College-2,56,2.0,3.74,100,42,72,67,Medium,Yes,No,Graduate,Low,4.5,6.6,Low,Good,16,Pass,Average
3918,Male,19,11,76,2.5,2.06,70,43,52,61,Low,Yes,Yes,Graduate,Medium,8.0,1.5,Medium,Poor,11,Pass,Average
3919,Female,17,10,65,2.0,2.51,77,37,53,55,Medium,Yes,Yes,Postgraduate,Low,7.7,1.7,Medium,Good,14,Pass,Average
3920,Male,19,11,67,1.5,2.77,92,46,77,69,Low,Yes,Yes,Postgraduate,High,5.0,5.7,Low,Excellent,14,Pass,Average
3921,Female,15,9,77,6.7,3.79,100,80,89,91,Medium,Yes,Yes,Graduate,High,8.4,5.9,Low,Good,11,Pass,Excellent
3922,Female,19,College-2,91,6.6,3.51,100,69,77,94,Low,Yes,Yes,High School,Low,8.6,4.3,High,Excellent,8,Pass,Excellent
3923,Male,18,11,69,5.1,2.33,98,59,81,85,Medium,No,No,Postgraduate,High,5.3,2.1,Medium,Average,13,Pass,Excellent
3924,Male,21,12,95,7.3,3.46,100,94,98,100,Low,No,No,Postgraduate,Medium,5.2,3.2,Low,Good,7,Pass,Excellent
3925,Male,20,11,57,3.0,2.81,90,35,64,62,Medium,No,Yes,Postgraduate,High,8.6,6.1,High,Poor,16,Pass,Average
3926,Female,18,College-2,64,7.5,2.5,100,77,91,89,High,Yes,Yes,High School,Low,6.6,5.8,Low,Average,14,Pass,Excellent
3927,Male,20,9,59,6.2,2.21,91,53,78,75,High,No,Yes,Postgraduate,Low,8.6,7.3,High,Poor,16,Pass,Good
3928,Female,17,College-2,59,6.6,3.63,100,55,73,79,High,Yes,Yes,High School,Medium,7.5,4.6,Medium,Excellent,16,Pass,Good
3929,Female,21,12,54,7.3,2.07,85,70,70,83,Medium,Yes,No,High School,High,6.1,4.7,Low,Excellent,17,Pass,Good
3930,Female,19,College-1,59,2.0,3.87,100,41,70,66,High,No,No,Graduate,High,8.4,6.4,High,Average,16,Pass,Average
3931,Male,21,10,50,3.5,2.1,68,36,55,51,High,Yes,No,Graduate,Low,6.9,4.7,Medium,Average,18,Pass,Poor
3932,Male,20,9,73,2.3,3.23,100,51,71,70,Medium,Yes,Yes,High School,Low,8.6,1.3,Low,Good,12,Pass,Good
3933,Female,18,9,52,4.3,2.32,75,52,59,63,Medium,No,No,Postgraduate,High,8.7,4.6,Medium,Average,17,Pass,Average
3934,Male,22,College-2,67,1.4,3.82,100,44,78,74,Low,No,No,Graduate,Low,6.1,4.8,High,Poor,14,Pass,Good
3935,Female,15,9,62,3.9,3.15,100,58,79,76,Low,Yes,No,Graduate,High,8.5,6.0,Low,Average,15,Pass,Good
3936,Male,21,10,62,5.5,3.48,100,65,81,83,Medium,Yes,No,Postgraduate,Low,5.7,7.3,Medium,Good,15,Pass,Good
3937,Male,18,12,69,1.5,2.98,98,41,71,68,High,Yes,Yes,Postgraduate,Low,6.9,4.3,Low,Poor,13,Pass,Average
3938,Male,20,College-2,78,5.2,3.53,100,70,88,87,Low,Yes,Yes,Graduate,Medium,5.8,6.1,Low,Good,11,Pass,Excellent
3939,Male,17,12,51,7.3,3.09,100,58,86,82,High,No,Yes,High School,Low,7.9,2.3,Low,Poor,18,Pass,Good
3940,Female,21,12,91,3.4,3.26,100,53,74,81,Medium,Yes,No,High School,Medium,8.6,6.4,High,Average,8,Pass,Good
3941,Male,19,College-2,65,3.7,2.23,84,51,59,65,Medium,Yes,Yes,Postgraduate,High,7.8,5.8,Medium,Good,14,Pass,Average
3942,Male,15,12,54,6.9,3.77,100,56,83,80,Medium,No,No,Postgraduate,Low,5.5,5.1,High,Excellent,17,Pass,Good
3943,Female,19,College-1,68,3.7,3.49,100,45,69,70,Low,No,No,Graduate,Medium,4.8,7.3,High,Average,13,Pass,Good
3944,Male,20,12,64,7.2,2.97,100,77,83,90,Low,Yes,Yes,High School,High,4.8,6.0,High,Average,14,Pass,Excellent
3945,Female,16,College-2,57,3.8,2.47,77,46,68,68,High,No,Yes,High School,Low,5.3,1.3,Medium,Good,16,Pass,Average
3946,Female,22,College-2,70,3.6,2.02,77,62,66,73,Low,Yes,Yes,Postgraduate,Low,8.7,1.2,Medium,Average,13,Pass,Good
3947,Female,19,10,96,1.0,3.01,91,63,84,79,High,No,No,High School,Low,8.9,1.4,High,Good,6,Pass,Good
3948,Female,15,10,91,6.6,3.32,100,74,85,96,Low,Yes,No,Graduate,Low,7.2,4.7,High,Poor,8,Pass,Excellent
3949,Female,15,10,55,3.0,2.19,69,35,60,59,Medium,No,Yes,Graduate,Medium,4.6,2.2,High,Poor,17,Pass,Average
3950,Male,17,College-2,60,6.8,2.49,93,62,80,82,Low,Yes,No,Postgraduate,Medium,8.7,5.1,High,Poor,15,Pass,Good
3951,Female,15,12,74,2.2,2.32,81,49,70,65,Medium,Yes,Yes,Postgraduate,Medium,5.0,2.9,Low,Excellent,12,Pass,Average
3952,Male,19,9,63,7.1,2.57,92,57,78,84,Low,No,No,Graduate,Medium,4.7,2.0,High,Average,15,Pass,Good
3953,Female,16,College-1,50,1.2,3.38,89,35,65,61,Medium,No,No,High School,Medium,7.1,6.3,Low,Average,18,Pass,Average
3954,Male,21,12,63,6.2,3.04,100,57,77,84,Medium,Yes,No,High School,Medium,7.5,5.3,Low,Good,15,Pass,Good
3955,Male,20,11,94,6.4,3.62,100,85,86,98,Medium,Yes,No,Postgraduate,High,6.7,1.9,High,Average,7,Pass,Excellent
3956,Male,19,9,50,7.1,2.03,78,62,64,69,Low,Yes,Yes,Postgraduate,Low,6.8,1.9,Medium,Poor,18,Pass,Average
3957,Female,21,College-2,53,5.1,3.38,99,46,76,72,High,No,No,Postgraduate,Low,7.6,1.0,Low,Good,17,Pass,Good
3958,Female,22,11,86,6.5,3.44,100,74,86,91,High,Yes,No,Graduate,Medium,5.0,6.6,Medium,Poor,9,Pass,Excellent
3959,Male,19,12,81,4.1,3.04,100,59,78,83,High,No,Yes,High School,High,5.9,3.9,High,Poor,10,Pass,Good
3960,Male,19,10,70,7.4,3.17,100,82,88,92,Low,Yes,No,High School,Low,7.2,3.9,Medium,Average,13,Pass,Excellent
3961,Male,22,10,66,1.1,2.14,63,45,49,55,High,Yes,Yes,Graduate,Medium,8.1,3.4,Low,Good,14,Pass,Average
3962,Male,15,10,92,2.1,3.73,100,65,86,79,Low,No,No,High School,High,7.0,7.6,Low,Good,7,Pass,Good
3963,Female,22,College-2,91,7.1,3.59,100,78,83,98,Low,No,No,Postgraduate,High,5.6,4.2,High,Excellent,8,Pass,Excellent
3964,Male,22,9,95,4.2,2.95,97,68,83,88,High,No,No,Graduate,Medium,7.6,6.7,High,Average,7,Pass,Excellent
3965,Female,19,10,52,7.2,3.39,100,69,92,92,Medium,Yes,Yes,High School,Low,8.5,6.0,High,Excellent,17,Pass,Excellent
3966,Male,20,10,81,3.9,3.57,100,70,85,88,High,Yes,Yes,High School,High,7.6,2.1,Medium,Poor,10,Pass,Excellent
3967,Male,19,11,78,2.4,3.95,100,61,76,74,Medium,Yes,No,Graduate,Medium,6.2,2.3,Medium,Poor,11,Pass,Good
3968,Female,20,College-2,79,1.5,3.79,100,41,75,70,High,No,No,Graduate,Medium,5.2,5.1,High,Poor,11,Pass,Good
3969,Male,15,College-2,57,2.1,3.74,100,39,71,66,High,No,Yes,Graduate,High,8.3,1.1,Medium,Average,16,Pass,Average
3970,Male,18,11,90,7.2,3.77,100,71,92,94,High,Yes,No,High School,Low,5.4,4.2,High,Good,8,Pass,Excellent
3971,Male,15,12,66,4.9,2.3,94,47,65,70,Low,No,Yes,Postgraduate,Low,8.9,2.7,High,Excellent,14,Pass,Good
3972,Female,22,College-2,83,6.7,3.17,100,73,84,91,High,Yes,Yes,Postgraduate,Medium,8.1,4.8,Low,Average,10,Pass,Excellent
3973,Male,18,9,98,4.6,3.11,100,76,80,89,High,No,Yes,High School,Low,7.9,7.1,High,Average,6,Pass,Excellent
3974,Female,15,College-2,70,1.7,2.83,80,39,58,59,Medium,Yes,Yes,High School,Low,8.6,1.4,Low,Excellent,13,Pass,Average
3975,Male,20,College-1,93,4.6,2.65,100,60,82,81,High,Yes,No,Postgraduate,High,5.4,5.6,Low,Good,7,Pass,Good
3976,Male,15,9,89,3.3,2.55,90,55,69,71,Medium,Yes,No,Graduate,Medium,6.1,3.9,Low,Good,8,Pass,Good
3977,Female,19,12,83,4.4,3.83,100,61,75,84,Medium,Yes,Yes,Postgraduate,High,5.8,2.0,Medium,Excellent,10,Pass,Good
3978,Male,18,12,99,5.2,3.86,100,66,78,89,Medium,Yes,No,Postgraduate,Low,8.5,4.6,High,Poor,6,Pass,Excellent
3979,Male,15,College-2,97,4.5,2.66,100,75,85,93,Low,No,Yes,High School,Medium,7.0,1.1,Low,Average,6,Pass,Excellent
3980,Male,16,10,70,3.6,3.13,97,47,68,75,High,No,Yes,Postgraduate,Medium,6.8,1.5,Medium,Poor,13,Pass,Good
3981,Male,21,College-1,80,1.1,3.51,100,50,72,72,Medium,No,No,Postgraduate,Low,8.1,1.6,High,Excellent,10,Pass,Good
3982,Female,18,11,86,7.8,2.08,99,78,89,100,Medium,No,Yes,Postgraduate,Low,8.9,1.5,Low,Poor,9,Pass,Excellent
3983,Female,16,10,99,1.4,3.58,100,54,80,76,High,Yes,No,Postgraduate,Low,7.8,5.1,Medium,Excellent,6,Pass,Good
3984,Male,22,College-1,69,7.0,3.46,100,71,81,88,Low,Yes,No,High School,Medium,8.3,6.9,Low,Average,13,Pass,Excellent
3985,Male,22,9,78,2.6,3.46,100,48,82,74,Medium,Yes,Yes,Postgraduate,Low,8.3,5.9,Medium,Poor,11,Pass,Good
3986,Female,22,College-2,100,4.4,2.31,100,72,78,89,High,Yes,No,Graduate,Low,4.9,6.4,Low,Poor,5,Pass,Excellent
3987,Female,19,11,95,7.1,3.26,100,92,100,100,Low,Yes,No,Graduate,High,8.5,5.6,High,Excellent,7,Pass,Excellent
3988,Male,22,11,88,4.8,2.34,97,77,81,91,Medium,No,No,High School,Medium,5.5,7.2,Medium,Average,8,Pass,Excellent
3989,Male,15,11,50,2.3,2.85,86,37,58,60,Low,Yes,No,High School,Low,8.8,1.0,Medium,Excellent,18,Pass,Average
3990,Female,22,10,50,2.8,2.59,80,35,51,57,Medium,No,Yes,Postgraduate,High,6.8,7.9,Low,Average,18,Pass,Average
3991,Male,18,10,96,1.4,3.48,100,59,81,81,Medium,No,No,Postgraduate,Medium,4.6,3.2,Medium,Average,6,Pass,Good
3992,Female,18,College-2,56,1.1,3.85,93,41,74,62,Medium,No,Yes,Postgraduate,High,7.1,6.2,Medium,Excellent,16,Pass,Average
3993,Male,17,College-1,58,1.1,3.16,93,43,66,63,Medium,Yes,No,Graduate,Low,7.8,2.2,Medium,Poor,16,Pass,Average
3994,Male,21,College-2,57,4.1,2.7,94,50,65,72,High,Yes,No,Graduate,Low,4.8,4.3,Medium,Excellent,16,Pass,Good
3995,Male,18,College-1,69,6.1,2.83,93,58,72,84,Low,Yes,No,Postgraduate,Low,7.5,5.3,High,Good,13,Pass,Good
3996,Male,18,12,78,3.8,3.75,100,49,82,77,Low,Yes,Yes,High School,Medium,8.8,3.3,Low,Poor,11,Pass,Good
3997,Female,18,College-1,83,5.6,2.82,100,72,83,93,Medium,Yes,Yes,High School,Low,7.0,5.1,Medium,Excellent,10,Pass,Excellent
3998,Female,17,10,64,6.5,3.21,100,67,91,90,High,Yes,No,Graduate,Medium,5.8,2.4,Medium,Average,14,Pass,Excellent
3999,Male,20,9,95,2.2,3.92,100,59,81,81,Medium,No,No,High School,Low,7.4,5.2,High,Poor,7,Pass,Good
4000,Male,17,10,80,5.5,2.26,96,75,81,91,Low,Yes,Yes,Postgraduate,High,5.7,2.8,Medium,Poor,10,Pass,Excellent
4001,Male,21,9,92,2.6,2.28,89,66,84,83,Low,No,Yes,High School,Medium,7.4,5.6,Low,Poor,7,Pass,Good
4002,Female,20,10,98,6.9,3.62,100,91,100,99,Low,Yes,No,High School,High,5.8,7.2,High,Excellent,6,Pass,Excellent
4003,Male,15,College-2,80,2.4,2.23,85,52,75,72,Medium,Yes,No,Postgraduate,Low,6.3,3.1,Medium,Good,10,Pass,Good
4004,Male,16,12,61,6.2,3.91,100,64,76,86,Medium,No,No,Postgraduate,Low,7.0,1.4,High,Excellent,15,Pass,Excellent
4005,Male,18,12,99,3.2,3.78,100,58,72,83,Low,No,No,High School,Low,5.4,7.0,Medium,Average,6,Pass,Good
4006,Male,18,12,81,4.3,3.19,99,59,84,82,High,No,No,High School,Medium,4.7,7.6,High,Excellent,10,Pass,Good
4007,Female,15,11,59,5.1,2.15,74,62,71,69,Medium,No,No,Postgraduate,Medium,5.5,5.2,Low,Average,16,Pass,Average
4008,Male,18,10,85,1.6,3.63,100,49,66,69,High,No,Yes,High School,Medium,8.5,1.7,Low,Excellent,9,Pass,Average
4009,Female,18,9,59,2.4,2.8,76,45,57,56,High,No,No,High School,High,7.6,6.3,High,Poor,16,Pass,Average
4010,Female,19,10,83,4.0,3.86,100,69,84,81,Low,No,Yes,Postgraduate,Medium,6.2,5.2,High,Poor,10,Pass,Good
4011,Female,19,11,87,6.8,2.29,100,72,91,94,High,Yes,Yes,Graduate,Low,8.4,6.6,Low,Good,9,Pass,Excellent
4012,Female,17,College-1,69,3.4,3.22,91,43,66,65,Medium,No,No,Postgraduate,Medium,8.4,7.4,Medium,Poor,13,Pass,Average
4013,Male,22,College-1,100,4.4,3.49,100,65,74,82,Low,No,No,Graduate,Low,5.9,5.9,Low,Excellent,5,Pass,Good
4014,Male,22,12,69,4.3,3.77,100,50,68,78,Medium,No,No,Graduate,Medium,5.1,1.5,Medium,Poor,13,Pass,Good
4015,Female,21,12,94,2.4,2.54,92,61,73,77,High,Yes,No,Postgraduate,Medium,5.5,3.1,Low,Average,7,Pass,Good
4016,Female,20,9,50,6.9,2.99,100,64,82,88,Medium,Yes,No,High School,High,8.8,7.9,High,Poor,18,Pass,Excellent
4017,Male,18,12,55,3.4,3.59,100,53,72,70,Low,No,Yes,Postgraduate,Medium,6.2,3.4,Medium,Excellent,17,Pass,Good
4018,Female,17,College-2,80,7.4,2.47,100,68,80,87,Medium,Yes,Yes,Graduate,Low,5.5,2.4,Low,Good,10,Pass,Excellent
4019,Male,15,9,97,7.8,2.9,100,79,90,100,Low,Yes,No,Graduate,Medium,5.4,6.9,Low,Excellent,6,Pass,Excellent
4020,Male,20,11,84,3.2,3.54,100,62,86,85,High,No,No,High School,High,7.5,4.2,Medium,Poor,9,Pass,Excellent
4021,Female,21,College-2,50,4.6,3.7,100,43,71,76,Medium,No,No,Postgraduate,Low,4.8,1.4,High,Excellent,18,Pass,Good
4022,Male,22,College-2,98,8.0,3.03,100,86,91,100,Medium,No,No,High School,Low,5.8,2.4,Low,Poor,6,Pass,Excellent
4023,Female,16,10,80,4.1,2.47,93,58,69,77,Medium,No,No,Postgraduate,High,5.4,3.6,High,Poor,10,Pass,Good
4024,Male,17,9,61,4.2,3.69,100,51,72,74,High,No,No,Graduate,Medium,5.1,5.3,High,Excellent,15,Pass,Good
4025,Male,15,College-1,81,7.1,2.71,100,80,83,96,Medium,Yes,Yes,Graduate,Low,4.8,3.0,Low,Excellent,10,Pass,Excellent
4026,Female,17,12,62,4.8,3.06,93,48,73,75,High,Yes,Yes,Postgraduate,Medium,4.8,1.6,Medium,Poor,15,Pass,Good
4027,Female,16,College-1,82,4.7,3.32,100,56,82,85,Medium,No,No,Graduate,Medium,5.4,4.9,High,Poor,10,Pass,Excellent
4028,Female,21,College-2,96,3.5,3.33,100,72,84,86,High,No,Yes,Postgraduate,High,7.1,2.7,Low,Average,6,Pass,Excellent
4029,Male,17,12,70,3.6,2.69,95,60,81,79,High,No,No,Graduate,High,7.6,1.8,Medium,Excellent,13,Pass,Good
4030,Male,20,College-2,94,4.2,3.46,100,69,88,84,High,No,No,Graduate,Low,5.4,5.8,Low,Excellent,7,Pass,Good
4031,Male,15,11,63,7.9,2.95,100,69,92,95,Low,Yes,No,High School,High,7.4,3.1,High,Excellent,15,Pass,Excellent
4032,Female,22,College-1,69,1.9,3.77,100,51,74,71,High,Yes,Yes,Graduate,Low,4.5,2.0,Medium,Average,13,Pass,Good
4033,Female,22,9,96,7.8,3.83,100,91,99,100,Medium,Yes,No,High School,High,5.6,7.4,Low,Excellent,6,Pass,Excellent
4034,Female,15,12,96,5.6,2.2,100,83,84,93,High,Yes,Yes,High School,Low,5.3,3.8,High,Average,6,Pass,Excellent
4035,Male,16,9,77,4.4,2.68,93,51,66,71,Low,Yes,Yes,Postgraduate,Low,8.7,3.8,Medium,Average,11,Pass,Good
4036,Male,22,10,61,1.8,2.59,89,35,61,56,Low,No,Yes,Postgraduate,High,5.6,1.5,Medium,Excellent,15,Pass,Average
4037,Male,21,12,65,3.2,3.56,100,51,71,74,Low,Yes,No,Graduate,Low,6.5,2.3,High,Excellent,14,Pass,Good
4038,Male,18,College-2,77,2.4,2.17,70,56,55,65,Medium,Yes,No,High School,High,6.8,5.4,High,Average,11,Pass,Average
4039,Male,18,College-1,54,3.0,3.73,100,35,64,67,Low,No,No,Postgraduate,Medium,6.6,2.7,High,Excellent,17,Pass,Average
4040,Female,17,11,72,6.7,2.67,100,75,89,87,Low,No,No,Postgraduate,Low,7.6,5.8,Low,Average,12,Pass,Excellent
4041,Male,18,11,58,7.1,3.85,100,72,78,88,Medium,No,No,High School,High,7.9,4.2,Low,Poor,16,Pass,Excellent
4042,Female,15,College-1,71,5.7,2.67,96,60,74,79,Low,Yes,Yes,Postgraduate,Low,5.5,5.0,High,Good,13,Pass,Good
4043,Male,21,12,91,6.5,2.6,100,69,83,95,High,Yes,Yes,Graduate,Medium,7.3,5.5,High,Poor,8,Pass,Excellent
4044,Male,21,12,74,5.4,2.13,79,69,75,74,Low,Yes,No,High School,Medium,4.6,3.4,High,Excellent,12,Pass,Good
4045,Female,15,12,81,2.0,3.98,100,57,83,76,Low,No,Yes,High School,High,8.0,3.4,Low,Average,10,Pass,Good
4046,Female,17,College-2,56,3.8,3.77,100,52,79,76,High,Yes,No,Graduate,Medium,8.6,4.5,High,Poor,16,Pass,Good
4047,Male,20,10,79,2.6,2.79,91,54,75,75,High,Yes,Yes,Graduate,Low,6.1,6.8,Low,Poor,11,Pass,Good
4048,Male,20,9,67,5.4,3.65,100,53,68,82,Low,No,Yes,Graduate,Medium,8.7,7.5,Medium,Average,14,Pass,Good
4049,Female,16,11,78,1.7,2.26,66,48,56,56,Medium,Yes,Yes,Postgraduate,Medium,8.6,3.5,Medium,Average,11,Pass,Average
4050,Female,21,11,66,6.6,2.65,100,59,81,82,Low,No,No,Postgraduate,Medium,9.0,2.0,Medium,Average,14,Pass,Good
4051,Female,19,9,97,1.8,2.37,90,64,85,78,High,No,Yes,Graduate,Low,6.3,6.6,High,Good,6,Pass,Good
4052,Female,18,College-2,58,4.6,2.02,83,47,63,70,High,Yes,Yes,Graduate,Low,5.1,7.4,Low,Poor,16,Pass,Good
4053,Female,15,College-1,91,1.9,3.7,100,45,73,76,Medium,Yes,No,High School,Medium,8.8,6.3,Medium,Excellent,8,Pass,Good
4054,Male,21,9,92,1.0,3.32,100,61,73,74,Low,Yes,Yes,High School,Medium,7.1,4.1,High,Poor,7,Pass,Good
4055,Male,18,College-1,77,5.5,3.22,100,64,78,87,Medium,No,No,Graduate,Low,6.3,7.6,Low,Excellent,11,Pass,Excellent
4056,Male,19,College-1,86,6.1,3.45,100,65,76,84,Medium,No,Yes,Graduate,Low,8.8,3.1,Medium,Poor,9,Pass,Good
4057,Male,16,College-2,66,3.3,3.8,100,45,66,72,High,Yes,No,Graduate,Low,4.8,5.7,Medium,Poor,14,Pass,Good
4058,Female,20,9,73,3.8,3.85,100,58,72,75,Medium,No,Yes,Postgraduate,Medium,5.0,7.9,Medium,Poor,12,Pass,Good
4059,Male,22,10,53,3.4,3.43,100,44,67,72,High,No,Yes,Postgraduate,High,7.9,6.2,High,Poor,17,Pass,Good
4060,Male,17,11,57,6.9,3.53,100,68,81,86,High,No,No,Graduate,High,8.7,4.0,High,Good,16,Pass,Excellent
4061,Female,20,College-1,89,1.8,3.83,100,61,78,79,Low,Yes,Yes,Postgraduate,Medium,8.8,2.5,Low,Excellent,8,Pass,Good
4062,Female,21,College-1,87,2.8,2.86,100,51,72,76,Low,No,Yes,Graduate,Medium,7.9,6.4,High,Excellent,9,Pass,Good
4063,Female,17,9,72,6.9,3.49,100,66,88,86,Low,No,Yes,Graduate,Low,4.8,1.7,High,Good,12,Pass,Excellent
4064,Female,22,12,95,5.1,3.9,100,67,84,88,High,No,No,High School,Low,8.7,4.3,High,Good,7,Pass,Excellent
4065,Male,19,11,83,5.1,2.45,91,76,88,91,Medium,Yes,No,Postgraduate,High,5.6,2.4,High,Excellent,10,Pass,Excellent
4066,Male,19,9,81,5.6,3.26,100,77,91,89,High,No,No,Graduate,Low,4.8,2.8,High,Good,10,Pass,Excellent
4067,Male,17,10,56,6.8,3.64,100,59,82,86,Medium,No,No,High School,High,5.1,3.7,High,Poor,16,Pass,Excellent
4068,Female,16,12,70,6.5,2.56,96,61,83,87,Medium,Yes,No,Graduate,High,5.3,4.6,Low,Average,13,Pass,Excellent
4069,Male,15,College-2,78,6.0,3.6,100,69,84,85,Medium,No,Yes,Postgraduate,Low,7.2,1.7,High,Average,11,Pass,Excellent
4070,Female,15,College-1,86,3.9,3.47,100,59,78,80,Medium,No,Yes,Postgraduate,Low,5.1,6.7,Medium,Poor,9,Pass,Good
4071,Female,22,10,92,2.1,3.85,100,53,71,80,Medium,No,Yes,Graduate,Medium,8.1,4.8,High,Good,7,Pass,Good
4072,Female,18,10,84,7.5,3.69,100,85,88,100,High,Yes,Yes,Graduate,Medium,8.9,6.1,Low,Poor,9,Pass,Excellent
4073,Female,22,10,98,4.2,3.64,100,75,87,91,Medium,Yes,No,Graduate,High,6.6,5.8,Low,Good,6,Pass,Excellent
4074,Male,21,11,51,5.9,2.66,84,63,76,76,Medium,Yes,No,Postgraduate,High,6.0,1.4,Medium,Excellent,18,Pass,Good
4075,Female,18,10,71,2.3,3.26,94,42,69,67,Low,Yes,No,High School,Low,5.7,4.4,High,Average,13,Pass,Average
4076,Female,20,College-2,59,7.6,2.54,97,63,80,82,High,Yes,Yes,Graduate,Medium,8.3,1.8,High,Average,16,Pass,Good
4077,Male,18,College-1,72,4.6,3.16,100,62,88,80,High,Yes,Yes,Postgraduate,High,8.3,3.4,Low,Poor,12,Pass,Good
4078,Male,18,11,89,3.9,2.79,97,68,84,80,Medium,No,Yes,Postgraduate,High,7.7,6.4,High,Average,8,Pass,Good
4079,Female,22,10,82,2.2,3.86,100,60,87,77,Low,No,Yes,Postgraduate,High,6.5,8.0,Medium,Poor,10,Pass,Good
4080,Male,21,College-2,78,6.8,2.86,100,64,82,86,Low,Yes,Yes,High School,Medium,4.7,2.0,Medium,Excellent,11,Pass,Excellent
4081,Female,22,10,54,1.9,3.72,94,35,61,57,Low,No,Yes,Postgraduate,High,5.7,5.1,High,Good,17,Pass,Average
4082,Male,17,9,86,7.7,3.35,100,74,89,91,Low,Yes,Yes,Graduate,High,7.4,7.4,High,Average,9,Pass,Excellent
4083,Male,15,9,56,5.7,3.14,100,48,70,76,High,No,Yes,Graduate,High,7.8,4.8,High,Excellent,16,Pass,Good
4084,Male,16,12,100,2.6,2.82,100,57,85,83,High,No,No,Graduate,Medium,8.0,4.6,Low,Average,5,Pass,Good
4085,Female,21,College-1,93,2.8,3.48,100,63,73,78,Low,No,No,Postgraduate,Low,6.1,6.2,High,Good,7,Pass,Good
4086,Male,18,College-2,93,2.1,3.27,100,60,76,81,High,No,No,Graduate,Low,6.5,4.3,High,Good,7,Pass,Good
4087,Female,22,College-2,67,3.9,2.91,93,43,74,69,Medium,Yes,Yes,High School,High,7.5,2.3,High,Good,14,Pass,Average
4088,Female,15,12,79,6.6,2.77,100,73,84,90,Low,Yes,No,High School,High,8.4,4.0,Medium,Excellent,11,Pass,Excellent
4089,Female,16,College-1,74,3.5,3.35,100,49,71,75,Low,Yes,Yes,Postgraduate,Medium,5.2,1.2,High,Average,12,Pass,Good
4090,Female,15,9,79,1.7,2.63,90,43,70,71,High,No,No,High School,Medium,8.6,6.0,High,Excellent,11,Pass,Good
4091,Female,22,11,71,6.4,2.15,96,57,81,81,High,Yes,Yes,High School,High,8.8,2.1,High,Poor,13,Pass,Good
4092,Male,18,12,75,2.4,3.72,100,47,69,70,Low,Yes,Yes,Graduate,Medium,7.5,6.5,High,Excellent,12,Pass,Good
4093,Female,22,12,73,4.2,3.66,100,63,81,85,Low,Yes,Yes,High School,Medium,6.6,4.8,Medium,Poor,12,Pass,Excellent
4094,Male,16,11,100,7.0,2.85,100,77,93,97,Medium,Yes,No,Postgraduate,High,5.8,1.5,High,Poor,5,Pass,Excellent
4095,Male,22,College-1,59,5.1,2.4,81,49,73,74,High,Yes,Yes,High School,Medium,8.6,4.0,Medium,Average,16,Pass,Good
4096,Female,16,College-1,97,6.8,3.82,100,85,96,96,Medium,No,Yes,Graduate,Medium,8.7,4.0,Medium,Poor,6,Pass,Excellent
4097,Male,18,College-1,65,7.1,2.96,100,77,82,90,Medium,No,Yes,Graduate,Low,8.4,7.4,Low,Average,14,Pass,Excellent
4098,Male,20,9,63,6.8,2.07,81,64,77,75,Low,Yes,No,High School,Low,7.9,7.1,Low,Average,15,Pass,Good
4099,Female,22,College-2,68,6.1,2.08,83,68,75,78,Medium,No,Yes,Postgraduate,Medium,7.3,2.7,Low,Poor,13,Pass,Good
4100,Female,20,College-1,86,7.8,3.57,100,88,91,96,Medium,No,Yes,High School,Medium,6.7,7.9,High,Poor,9,Pass,Excellent
4101,Male,18,12,55,7.8,2.93,100,66,90,87,Low,Yes,Yes,Graduate,Low,5.2,5.6,Medium,Poor,17,Pass,Excellent
4102,Female,21,9,85,4.2,3.06,98,67,75,84,Low,No,Yes,Graduate,Low,5.0,3.2,High,Poor,9,Pass,Good
4103,Female,17,College-2,77,5.1,3.4,100,62,83,83,High,No,Yes,Graduate,Medium,5.7,2.7,High,Excellent,11,Pass,Good
4104,Male,19,College-1,72,6.3,3.11,100,77,84,94,Low,Yes,Yes,Graduate,High,8.1,6.9,Low,Good,12,Pass,Excellent
4105,Male,16,9,93,5.0,3.07,100,61,84,85,Medium,No,No,Postgraduate,Medium,8.4,5.2,Medium,Poor,7,Pass,Excellent
4106,Female,21,College-2,55,3.4,2.73,94,37,58,68,Low,No,No,Postgraduate,Medium,8.6,2.7,Medium,Average,17,Pass,Average
4107,Female,18,College-2,90,1.7,3.08,95,49,65,75,High,Yes,No,Postgraduate,Low,8.8,1.1,Low,Excellent,8,Pass,Good
4108,Male,16,12,87,5.9,3.24,100,79,95,96,Low,Yes,Yes,Graduate,Medium,5.0,5.2,Low,Excellent,9,Pass,Excellent
4109,Male,18,11,84,1.3,2.2,70,48,66,64,High,No,Yes,Graduate,Low,5.7,4.4,Low,Poor,9,Pass,Average
4110,Female,15,9,53,5.6,3.32,98,64,76,76,High,No,Yes,Postgraduate,High,6.1,3.3,Medium,Average,17,Pass,Good
4111,Male,17,College-2,64,1.9,3.61,100,37,68,69,Low,Yes,No,High School,Low,6.1,2.9,Low,Good,14,Pass,Average
4112,Male,17,12,82,5.6,2.03,89,79,78,87,Medium,Yes,No,Postgraduate,High,8.6,2.7,High,Excellent,10,Pass,Excellent
4113,Male,15,College-2,91,2.8,2.46,97,69,91,87,Medium,Yes,No,Graduate,Medium,6.7,5.6,Medium,Good,8,Pass,Excellent
4114,Female,18,12,71,2.4,3.3,96,48,78,68,Low,Yes,Yes,Postgraduate,High,8.7,3.0,Low,Average,13,Pass,Average
4115,Male,20,9,62,6.2,2.78,100,62,73,80,Low,Yes,No,High School,Low,6.3,1.6,Medium,Average,15,Pass,Good
4116,Male,20,10,96,5.6,3.68,100,80,89,92,Low,Yes,No,Postgraduate,High,6.7,6.3,Low,Excellent,6,Pass,Excellent
4117,Male,22,9,100,7.1,2.37,99,87,89,96,Low,Yes,No,Postgraduate,Low,5.3,6.8,Low,Excellent,5,Pass,Excellent
4118,Female,20,12,71,1.6,2.37,73,52,62,64,Medium,No,No,Graduate,High,8.5,1.0,Medium,Poor,13,Pass,Average
4119,Female,19,10,98,6.8,2.08,92,91,87,92,High,Yes,Yes,High School,High,4.8,7.1,Medium,Average,6,Pass,Excellent
4120,Male,20,12,63,1.9,2.46,68,35,44,50,Low,Yes,Yes,High School,High,8.0,7.1,Low,Poor,15,Pass,Poor
4121,Male,15,College-2,87,3.4,2.05,70,64,70,72,Low,No,No,Graduate,High,6.8,5.5,Low,Poor,9,Pass,Good
4122,Female,19,11,82,7.9,2.45,100,73,86,95,Low,No,Yes,High School,Medium,4.5,5.9,Low,Good,10,Pass,Excellent
4123,Male,20,10,89,3.9,2.03,90,69,83,83,Medium,Yes,No,Graduate,Medium,8.7,3.9,Medium,Poor,8,Pass,Good
4124,Male,19,10,64,7.6,2.02,95,71,87,89,Low,No,Yes,High School,Low,4.9,2.0,High,Excellent,14,Pass,Excellent
4125,Female,17,College-1,94,4.9,2.48,93,75,79,82,Medium,Yes,No,Graduate,High,5.2,5.3,Low,Poor,7,Pass,Good
4126,Female,19,College-1,61,5.6,2.3,79,49,65,72,High,No,Yes,Graduate,Medium,8.0,2.0,High,Excellent,15,Pass,Good
4127,Male,18,College-1,66,4.8,3.74,100,50,83,76,Medium,Yes,No,High School,Low,6.6,1.2,High,Good,14,Pass,Good
4128,Male,18,11,89,2.9,2.82,100,50,80,74,High,No,Yes,Postgraduate,High,5.1,6.6,Medium,Average,8,Pass,Good
4129,Female,22,College-2,59,2.9,3.91,100,45,77,75,Medium,Yes,Yes,Graduate,High,5.8,6.4,Medium,Poor,16,Pass,Good
4130,Female,19,11,80,1.9,2.59,93,44,74,74,Medium,Yes,No,High School,Medium,5.8,5.8,Low,Excellent,10,Pass,Good
4131,Male,16,College-2,53,3.9,3.0,84,49,73,68,Low,No,Yes,High School,High,6.8,7.6,High,Excellent,17,Pass,Average
4132,Male,17,10,90,1.4,3.51,98,42,75,72,Low,No,No,Postgraduate,High,7.8,7.4,High,Poor,8,Pass,Good
4133,Female,19,9,53,6.4,2.2,93,57,76,76,High,Yes,Yes,Graduate,High,6.9,6.9,Low,Average,17,Pass,Good
4134,Female,17,College-2,88,3.9,3.24,100,70,82,88,High,No,Yes,Postgraduate,Low,8.8,4.0,High,Excellent,8,Pass,Excellent
4135,Female,22,12,77,4.1,3.79,100,62,88,82,High,No,No,Postgraduate,High,8.3,2.5,Medium,Average,11,Pass,Good
4136,Female,17,11,78,4.9,2.7,100,67,78,87,High,Yes,No,High School,Medium,8.2,5.6,Low,Average,11,Pass,Excellent
4137,Female,16,10,80,5.4,2.89,100,71,83,90,Medium,Yes,No,Postgraduate,High,8.3,2.8,High,Average,10,Pass,Excellent
4138,Female,19,College-2,75,3.2,2.09,87,48,63,72,High,No,No,High School,High,6.7,3.7,Medium,Poor,12,Pass,Good
4139,Female,16,11,91,2.7,3.2,96,53,73,79,Low,Yes,No,Postgraduate,Low,8.0,3.0,Medium,Good,8,Pass,Good
4140,Male,15,College-1,99,3.4,2.5,92,62,73,78,High,No,Yes,High School,Medium,8.0,6.6,Low,Poor,6,Pass,Good
4141,Female,17,College-1,62,2.8,2.61,93,39,64,65,Low,No,Yes,Graduate,Low,8.0,3.5,Medium,Poor,15,Pass,Average
4142,Male,21,College-1,78,4.4,3.2,100,63,82,85,Low,No,Yes,High School,Low,7.8,1.5,Medium,Average,11,Pass,Excellent
4143,Female,15,9,61,2.6,3.31,100,37,62,70,Medium,Yes,No,Graduate,High,4.8,4.2,Medium,Poor,15,Pass,Good
4144,Male,22,9,89,1.2,2.24,71,41,57,62,High,No,Yes,High School,Medium,5.2,4.3,Low,Poor,8,Pass,Average
4145,Male,20,College-2,55,6.3,3.66,100,64,90,83,Medium,Yes,No,Graduate,Low,7.2,6.3,Medium,Excellent,17,Pass,Good
4146,Male,21,10,67,7.9,3.29,100,73,90,91,High,No,Yes,Graduate,High,6.2,5.7,High,Excellent,14,Pass,Excellent
4147,Female,18,11,69,5.2,3.06,100,52,70,79,Medium,Yes,Yes,High School,Low,7.0,6.6,Low,Poor,13,Pass,Good
4148,Male,15,11,94,2.0,2.87,93,57,76,73,High,No,Yes,High School,Low,8.7,6.2,Low,Average,7,Pass,Good
4149,Female,21,12,64,6.8,2.14,96,66,73,85,Low,No,No,Graduate,Low,7.1,1.8,High,Average,14,Pass,Excellent
4150,Female,17,12,98,1.2,2.85,100,47,74,78,Low,Yes,No,Graduate,Low,7.9,4.4,High,Excellent,6,Pass,Good
4151,Female,19,11,63,3.4,3.11,97,41,75,71,Low,Yes,Yes,Graduate,High,6.7,1.3,High,Average,15,Pass,Good
4152,Male,21,9,96,2.7,2.78,99,57,77,76,Medium,No,Yes,Graduate,Low,7.5,3.4,High,Poor,6,Pass,Good
4153,Female,16,11,53,1.1,3.89,100,35,59,58,Low,No,No,Postgraduate,Medium,5.5,1.0,Low,Excellent,17,Pass,Average
4154,Male,15,9,88,1.4,3.71,100,45,67,75,High,Yes,Yes,Graduate,High,8.7,2.7,High,Average,8,Pass,Good
4155,Male,18,College-2,57,5.8,3.15,100,66,83,81,Medium,No,No,Postgraduate,Low,7.0,7.2,High,Excellent,16,Pass,Good
4156,Male,17,10,90,1.8,3.79,100,48,70,75,Medium,Yes,No,Graduate,Medium,7.3,1.2,High,Excellent,8,Pass,Good
4157,Female,17,9,58,4.3,3.51,100,40,64,67,Medium,No,No,Graduate,Medium,4.7,5.3,Medium,Excellent,16,Pass,Average
4158,Female,18,College-1,96,6.4,3.01,100,76,80,89,Medium,Yes,Yes,High School,Medium,6.6,7.4,High,Excellent,6,Pass,Excellent
4159,Male,21,12,63,1.9,3.08,93,42,73,66,High,Yes,No,Postgraduate,Low,6.0,4.6,High,Excellent,15,Pass,Average
4160,Male,15,9,72,1.1,3.44,97,51,67,69,Medium,Yes,Yes,Graduate,Low,5.5,1.5,Low,Good,12,Pass,Average
4161,Female,20,12,94,4.7,3.38,100,80,91,94,Low,No,Yes,Postgraduate,Medium,6.2,2.3,High,Good,7,Pass,Excellent
4162,Female,16,College-2,63,7.2,2.06,95,63,76,83,Medium,No,Yes,Postgraduate,Medium,8.4,4.2,Low,Good,15,Pass,Good
4163,Female,15,11,93,6.1,3.51,100,68,84,92,High,Yes,Yes,Postgraduate,Low,7.9,5.2,High,Good,7,Pass,Excellent
4164,Female,20,12,96,6.6,3.49,100,78,86,95,High,No,Yes,Graduate,High,7.1,1.6,Low,Good,6,Pass,Excellent
4165,Male,16,9,87,3.5,3.11,100,61,76,82,Medium,Yes,No,Postgraduate,Medium,4.8,7.6,Low,Poor,9,Pass,Good
4166,Female,15,College-2,93,1.3,3.19,90,49,66,68,Medium,No,Yes,Graduate,High,7.7,2.6,Low,Average,7,Pass,Average
4167,Female,20,12,67,6.3,3.76,100,65,90,83,Low,Yes,No,Graduate,Low,8.1,1.1,High,Excellent,14,Pass,Good
4168,Male,20,10,50,4.8,3.33,99,50,69,74,High,No,No,Graduate,High,6.1,1.9,Low,Excellent,18,Pass,Good
4169,Female,18,12,60,7.6,3.4,100,75,95,93,Low,Yes,Yes,Graduate,High,6.6,2.7,Low,Excellent,15,Pass,Excellent
4170,Female,15,11,80,7.8,3.58,100,72,87,94,Low,Yes,No,Graduate,Low,6.6,6.0,High,Poor,10,Pass,Excellent
4171,Female,18,9,53,7.0,3.86,100,67,79,84,Low,Yes,Yes,High School,Low,5.3,6.6,Low,Excellent,17,Pass,Good
4172,Female,15,9,98,6.8,2.08,98,93,94,100,Medium,No,No,Postgraduate,High,8.7,3.4,Medium,Poor,6,Pass,Excellent
4173,Female,16,9,95,3.9,2.46,98,59,82,82,Low,Yes,No,Graduate,Medium,4.6,7.3,Medium,Poor,7,Pass,Good
4174,Male,20,9,86,6.7,3.62,100,78,83,92,Low,Yes,No,Graduate,High,7.5,2.2,High,Excellent,9,Pass,Excellent
4175,Male,20,9,86,3.2,3.28,97,49,77,78,Low,No,No,Graduate,High,8.3,3.1,Low,Excellent,9,Pass,Good
4176,Male,19,College-2,93,3.0,3.96,100,57,77,78,Medium,No,Yes,Graduate,High,7.0,5.2,High,Poor,7,Pass,Good
4177,Male,16,College-2,76,4.0,2.76,95,52,80,78,Low,Yes,No,Postgraduate,High,7.8,4.5,Low,Average,11,Pass,Good
4178,Female,20,9,55,4.6,2.02,79,44,62,64,Medium,No,Yes,High School,Medium,7.2,4.1,Low,Average,17,Pass,Average
4179,Male,17,College-2,66,1.2,2.95,86,36,56,57,Medium,No,Yes,Postgraduate,Low,6.9,3.0,High,Poor,14,Pass,Average
4180,Male,15,College-1,86,1.7,2.63,84,58,63,66,High,No,Yes,Postgraduate,Medium,7.8,3.5,High,Good,9,Pass,Average
4181,Male,15,10,82,7.6,2.31,92,88,88,96,Low,No,Yes,High School,Low,8.2,1.4,Medium,Average,10,Pass,Excellent
4182,Female,22,11,100,6.7,2.32,95,79,87,91,Low,Yes,Yes,Graduate,Medium,6.8,3.4,Low,Poor,5,Pass,Excellent
4183,Female,16,10,63,4.8,2.35,86,46,62,68,Low,No,Yes,Postgraduate,Medium,5.0,4.7,Low,Excellent,15,Pass,Average
4184,Male,16,11,68,5.5,2.95,99,60,81,81,Medium,No,Yes,Graduate,Medium,6.7,4.4,Low,Poor,13,Pass,Good
4185,Male,19,11,75,5.0,3.52,100,70,86,89,Medium,Yes,No,Graduate,Medium,5.0,7.2,High,Excellent,12,Pass,Excellent
4186,Female,21,9,83,6.2,2.11,100,78,97,92,High,Yes,No,High School,Low,5.2,2.0,Medium,Good,10,Pass,Excellent
4187,Male,18,9,89,6.4,2.03,84,83,76,89,Medium,No,No,Graduate,Medium,7.0,6.7,Medium,Average,8,Pass,Excellent
4188,Female,20,9,57,7.9,3.6,100,78,89,92,Medium,No,No,Graduate,Medium,6.3,3.6,High,Poor,16,Pass,Excellent
4189,Male,20,College-2,70,6.6,3.17,100,69,79,87,High,Yes,No,Postgraduate,Medium,7.3,5.4,Low,Average,13,Pass,Excellent
4190,Male,19,11,57,2.1,3.56,96,42,61,69,Low,Yes,Yes,High School,Low,8.0,7.9,High,Poor,16,Pass,Average
4191,Male,19,10,98,3.0,3.5,100,72,84,85,Low,No,Yes,Postgraduate,High,7.4,1.2,Medium,Excellent,6,Pass,Excellent
4192,Male,18,9,77,1.1,2.22,70,53,54,59,Low,Yes,No,Postgraduate,Low,4.6,6.0,Medium,Excellent,11,Pass,Average
4193,Male,18,College-1,59,6.1,2.18,88,63,82,78,Medium,No,Yes,Graduate,Low,4.7,4.2,Low,Poor,16,Pass,Good
4194,Male,21,10,95,3.6,2.07,79,71,81,79,High,No,Yes,Postgraduate,Medium,4.8,1.4,Medium,Excellent,7,Pass,Good
4195,Male,16,10,72,3.6,2.8,100,51,72,78,High,Yes,Yes,Postgraduate,Low,6.0,6.3,Medium,Excellent,12,Pass,Good
4196,Female,21,12,94,1.2,2.37,85,57,66,66,High,No,No,Graduate,Medium,7.1,5.8,Low,Average,7,Pass,Average
4197,Female,20,12,55,6.0,2.57,92,56,69,75,Medium,Yes,No,Graduate,High,6.7,6.2,High,Average,17,Pass,Good
4198,Male,20,11,68,7.6,3.08,100,78,81,95,High,No,No,Graduate,Medium,4.8,2.0,Low,Good,13,Pass,Excellent
4199,Male,15,11,60,3.7,3.4,100,58,73,77,Medium,No,Yes,Graduate,Medium,4.7,4.1,Low,Good,15,Pass,Good
4200,Male,21,11,72,4.0,2.13,75,64,62,70,Low,Yes,No,Graduate,Low,5.9,6.6,High,Average,12,Pass,Good
4201,Male,18,College-2,75,6.4,3.31,100,78,92,95,High,Yes,Yes,High School,Low,5.4,1.2,Medium,Excellent,12,Pass,Excellent
4202,Male,17,10,56,3.5,3.4,94,52,80,73,Low,No,Yes,High School,High,5.6,2.1,Low,Average,16,Pass,Good
4203,Male,19,College-1,89,4.4,3.84,100,75,93,93,Medium,No,Yes,Graduate,Low,6.7,2.4,High,Excellent,8,Pass,Excellent
4204,Female,17,College-1,91,2.9,3.12,98,53,82,75,Medium,No,No,High School,High,8.3,6.1,Medium,Excellent,8,Pass,Good
4205,Female,19,10,85,3.2,2.97,100,65,86,85,High,Yes,Yes,High School,High,7.2,3.8,Low,Excellent,9,Pass,Excellent
4206,Male,19,College-2,57,1.3,2.21,61,40,43,47,Medium,No,Yes,Graduate,Medium,6.8,1.8,High,Poor,16,Fail,Poor
4207,Male,16,12,73,1.9,2.01,61,51,55,52,High,Yes,Yes,Graduate,Low,7.8,4.2,High,Good,12,Pass,Poor
4208,Female,22,College-2,82,7.6,2.9,100,87,97,96,Medium,Yes,No,Graduate,Low,8.6,6.8,Medium,Good,10,Pass,Excellent
4209,Female,17,11,85,3.4,3.49,100,66,84,83,Medium,Yes,No,Postgraduate,High,7.0,5.8,High,Excellent,9,Pass,Good
4210,Female,20,10,68,7.0,3.98,100,69,79,90,Medium,No,No,Graduate,Low,5.5,4.0,Low,Good,13,Pass,Excellent
4211,Male,17,12,73,2.2,2.93,98,43,67,72,High,Yes,No,Postgraduate,Medium,8.3,1.6,Low,Excellent,12,Pass,Good
4212,Male,19,11,63,3.1,2.68,95,52,80,76,High,No,Yes,Graduate,High,8.8,4.7,Low,Good,15,Pass,Good
4213,Male,20,10,61,6.7,2.37,100,74,94,94,Medium,Yes,Yes,Graduate,Low,5.3,3.5,Medium,Average,15,Pass,Excellent
4214,Female,22,11,70,4.7,2.37,80,68,74,79,Low,No,Yes,Graduate,High,8.4,1.8,Medium,Excellent,13,Pass,Good
4215,Male,17,9,57,6.6,3.88,100,62,87,86,Low,No,Yes,High School,High,4.8,6.1,High,Average,16,Pass,Excellent
4216,Male,18,College-2,77,4.9,3.39,100,62,73,84,Medium,Yes,Yes,Graduate,High,6.1,2.1,High,Good,11,Pass,Good
4217,Male,22,11,93,3.6,2.43,100,70,86,84,High,Yes,No,Postgraduate,High,6.4,6.6,High,Poor,7,Pass,Good
4218,Male,15,11,70,3.3,3.22,92,50,78,72,Low,No,Yes,Graduate,High,6.5,2.4,Medium,Excellent,13,Pass,Good
4219,Female,20,10,73,4.6,2.49,91,64,71,75,High,No,No,High School,High,7.2,2.5,High,Good,12,Pass,Good
4220,Female,22,College-2,97,4.2,3.88,100,75,79,90,Low,No,Yes,High School,High,8.9,4.3,Medium,Excellent,6,Pass,Excellent
4221,Female,22,College-2,66,1.4,3.91,100,43,66,63,Medium,Yes,No,Graduate,Low,6.7,4.8,Low,Excellent,14,Pass,Average
4222,Male,20,11,68,7.3,3.94,100,76,81,87,High,No,Yes,High School,High,7.4,5.8,Low,Average,13,Pass,Excellent
4223,Male,22,College-1,57,7.7,2.62,100,64,80,87,High,No,Yes,Graduate,Medium,7.6,5.0,High,Poor,16,Pass,Excellent
4224,Male,16,College-1,56,4.3,3.29,100,46,71,70,High,Yes,No,High School,High,4.6,3.6,High,Excellent,16,Pass,Good
4225,Male,21,College-2,97,3.4,3.8,100,68,84,84,High,Yes,No,Graduate,High,4.8,2.8,Medium,Average,6,Pass,Good
4226,Female,22,12,54,5.1,2.95,93,52,72,78,Low,Yes,Yes,Graduate,Low,8.0,2.2,Medium,Good,17,Pass,Good
4227,Female,21,11,76,1.3,3.41,90,54,79,68,Medium,Yes,No,Graduate,High,7.8,5.1,Low,Average,11,Pass,Average
4228,Male,15,College-2,66,4.7,2.62,99,47,65,76,High,No,No,Graduate,Medium,6.8,5.0,Medium,Average,14,Pass,Good
4229,Female,19,10,54,6.0,3.38,100,57,83,83,Low,Yes,No,Postgraduate,Low,6.7,5.7,Low,Average,17,Pass,Good
4230,Female,20,12,68,6.8,2.05,93,68,77,82,Medium,Yes,Yes,Graduate,High,5.6,7.1,High,Poor,13,Pass,Good
4231,Male,21,10,62,5.4,2.46,85,63,78,75,High,No,Yes,High School,Medium,6.2,6.5,Low,Average,15,Pass,Good
4232,Female,15,College-2,71,1.8,3.04,92,40,63,65,Medium,Yes,Yes,Postgraduate,High,8.1,4.4,Low,Good,13,Pass,Average
4233,Male,22,College-1,72,2.9,3.22,100,47,77,78,High,No,Yes,Graduate,Low,4.7,3.7,Medium,Poor,12,Pass,Good
4234,Male,19,College-1,81,4.2,2.27,90,62,70,80,Medium,No,No,Postgraduate,Medium,8.7,7.3,High,Poor,10,Pass,Good
4235,Male,20,College-1,50,2.7,2.01,72,35,50,48,High,No,No,High School,Low,4.8,2.1,Low,Good,18,Fail,Poor
4236,Female,16,11,90,3.9,3.72,100,54,78,82,Low,Yes,No,Postgraduate,Medium,5.6,5.9,High,Average,8,Pass,Good
4237,Male,18,9,76,7.3,3.73,100,72,79,89,Low,No,No,High School,Low,8.4,3.9,High,Good,11,Pass,Excellent
4238,Male,21,10,63,2.3,2.34,73,36,59,53,High,No,Yes,Postgraduate,Medium,8.9,1.8,Medium,Good,15,Pass,Poor
4239,Male,20,12,85,7.8,3.3,100,78,92,99,Low,Yes,Yes,Postgraduate,High,5.8,6.7,Low,Good,9,Pass,Excellent
4240,Male,20,11,100,4.5,3.05,100,80,86,89,High,Yes,Yes,Graduate,Low,8.6,7.6,Low,Good,5,Pass,Excellent
4241,Female,16,12,95,6.7,3.2,100,71,92,90,High,No,No,Postgraduate,High,7.1,7.2,Low,Average,7,Pass,Excellent
4242,Male,17,9,77,5.2,3.76,100,64,89,88,Low,No,Yes,High School,Low,7.1,6.2,Medium,Poor,11,Pass,Excellent
4243,Male,18,College-1,57,6.8,3.26,100,69,83,87,Medium,Yes,No,Postgraduate,Low,5.7,3.9,Low,Good,16,Pass,Excellent
4244,Male,22,12,94,5.7,3.21,100,68,77,88,Low,No,Yes,High School,Low,8.0,6.2,High,Poor,7,Pass,Excellent
4245,Female,17,9,100,7.2,2.08,97,76,85,92,Low,Yes,No,Postgraduate,Low,4.8,2.9,Medium,Average,5,Pass,Excellent
4246,Male,21,10,82,5.1,2.29,100,74,82,90,Medium,No,Yes,Postgraduate,Medium,5.0,5.5,Low,Poor,10,Pass,Excellent
4247,Female,20,12,92,7.3,3.95,100,82,83,95,High,Yes,Yes,Postgraduate,Low,8.0,6.1,Medium,Average,7,Pass,Excellent
4248,Male,17,10,54,3.4,3.69,100,52,75,75,Medium,No,Yes,Graduate,High,8.3,5.2,Medium,Average,17,Pass,Good
4249,Female,17,12,99,6.8,2.89,100,80,85,94,High,No,Yes,High School,High,5.2,2.9,Medium,Average,6,Pass,Excellent
4250,Female,15,12,93,2.8,3.05,92,50,68,72,High,No,No,Postgraduate,Medium,4.5,3.8,Medium,Good,7,Pass,Good
4251,Male,21,11,54,4.4,3.41,100,44,67,74,High,No,No,Graduate,Medium,6.7,4.5,Low,Good,17,Pass,Good
4252,Male,18,9,87,2.4,2.74,81,51,63,67,High,Yes,Yes,Postgraduate,High,4.6,6.2,Low,Good,9,Pass,Average
4253,Female,20,College-1,62,3.7,2.85,83,57,63,66,Low,No,No,High School,Medium,8.8,3.6,Medium,Good,15,Pass,Average
4254,Male,17,College-1,69,3.9,2.19,89,48,67,74,High,Yes,No,Postgraduate,High,6.2,3.3,Low,Good,13,Pass,Good
4255,Male,18,College-2,68,3.3,2.95,100,45,80,77,Medium,No,No,High School,Low,7.9,7.1,Low,Poor,13,Pass,Good
4256,Female,19,College-1,50,7.2,3.81,100,66,76,85,Medium,No,No,High School,High,6.0,4.7,Low,Poor,18,Pass,Excellent
4257,Male,19,College-1,75,5.1,3.59,100,66,90,83,Medium,No,Yes,Graduate,Medium,8.2,4.7,Low,Average,12,Pass,Good
4258,Female,16,11,92,2.4,3.93,100,49,77,74,Medium,No,Yes,High School,Low,4.9,1.9,Low,Good,7,Pass,Good
4259,Female,15,College-2,69,3.2,3.97,100,47,80,71,Low,Yes,Yes,Postgraduate,Low,6.1,2.3,Low,Excellent,13,Pass,Good
4260,Male,17,College-2,91,6.3,3.16,100,69,91,88,Low,No,Yes,Postgraduate,High,6.5,4.7,Low,Good,8,Pass,Excellent
4261,Male,16,12,96,6.8,3.88,100,79,85,93,Medium,No,Yes,Graduate,High,6.5,2.1,High,Average,6,Pass,Excellent
4262,Female,18,College-2,60,1.4,3.26,86,35,56,58,High,Yes,No,High School,High,8.6,5.0,High,Good,15,Pass,Average
4263,Male,18,College-2,99,3.3,2.88,100,71,83,90,High,No,No,Graduate,High,7.6,4.4,Medium,Poor,6,Pass,Excellent
4264,Male,22,9,67,3.8,3.45,98,61,75,81,Low,Yes,Yes,Graduate,Medium,5.6,5.5,Low,Average,14,Pass,Good
4265,Male,20,College-2,57,4.1,2.96,93,46,69,73,Medium,No,No,High School,Medium,5.8,7.0,Low,Average,16,Pass,Good
4266,Female,16,12,56,4.6,3.22,97,43,71,75,Medium,Yes,No,High School,High,8.8,7.5,High,Poor,16,Pass,Good
4267,Male,20,11,85,3.5,2.45,80,56,64,69,Medium,No,Yes,Postgraduate,Medium,8.6,5.4,Low,Poor,9,Pass,Average
4268,Male,15,College-1,99,7.2,3.63,100,75,92,97,Low,Yes,No,Postgraduate,Medium,7.7,5.9,Low,Excellent,6,Pass,Excellent
4269,Male,18,College-2,79,6.6,3.82,100,74,79,93,Low,Yes,Yes,High School,Low,6.5,7.3,High,Average,11,Pass,Excellent
4270,Female,21,9,65,3.5,2.99,94,50,70,70,Low,No,No,Postgraduate,Medium,5.9,2.4,Low,Average,14,Pass,Good
4271,Male,22,10,55,6.9,2.5,100,64,79,86,Medium,No,Yes,Postgraduate,Medium,5.5,4.6,High,Poor,17,Pass,Excellent
4272,Female,16,11,88,7.3,2.92,100,88,88,100,High,Yes,No,High School,High,6.2,1.4,Low,Poor,8,Pass,Excellent
4273,Female,18,College-2,76,6.3,3.72,100,76,91,95,Low,Yes,Yes,Postgraduate,Low,8.2,2.4,High,Good,11,Pass,Excellent
4274,Male,15,College-2,65,2.9,2.66,78,47,59,58,Medium,No,No,High School,High,7.4,5.5,Medium,Excellent,14,Pass,Average
4275,Female,17,College-1,92,4.2,3.71,100,65,86,84,High,No,Yes,Postgraduate,High,7.2,2.5,High,Excellent,7,Pass,Good
4276,Female,19,12,82,1.1,3.14,100,42,64,72,Medium,No,Yes,Postgraduate,Medium,5.3,3.9,High,Good,10,Pass,Good
4277,Female,16,10,69,2.0,2.18,79,40,55,58,Medium,No,Yes,Graduate,High,7.0,6.9,High,Average,13,Pass,Average
4278,Male,17,10,78,2.1,2.48,91,39,69,65,High,No,Yes,High School,Medium,6.6,2.3,Medium,Poor,11,Pass,Average
4279,Female,21,9,57,6.0,3.96,100,54,78,83,High,No,Yes,High School,Medium,5.7,1.4,Medium,Excellent,16,Pass,Good
4280,Female,21,College-2,89,2.5,2.93,86,55,66,75,Medium,No,No,High School,Medium,6.2,1.2,High,Good,8,Pass,Good
4281,Male,20,11,65,1.1,2.26,79,37,53,54,Low,Yes,No,High School,High,7.6,6.6,High,Good,14,Pass,Poor
4282,Male,17,11,98,1.3,2.29,83,49,69,69,Low,No,Yes,Postgraduate,Medium,7.0,2.1,Medium,Average,6,Pass,Average
4283,Female,19,11,83,2.7,3.76,100,55,73,73,Low,Yes,Yes,High School,Low,8.5,3.8,Low,Average,10,Pass,Good
4284,Female,15,12,80,4.0,3.91,100,68,79,81,Medium,Yes,No,Graduate,High,4.6,2.4,Low,Average,10,Pass,Good
4285,Male,15,College-1,89,5.1,3.71,100,60,82,81,Medium,No,Yes,Postgraduate,Medium,6.4,5.9,Medium,Average,8,Pass,Good
4286,Female,20,10,70,1.2,2.22,78,41,58,55,Low,No,No,Postgraduate,Low,6.6,7.7,High,Good,13,Pass,Average
4287,Male,20,9,91,7.3,2.39,99,92,95,100,Medium,No,No,High School,Low,5.6,7.4,High,Poor,8,Pass,Excellent
4288,Female,19,11,60,3.3,3.33,96,51,65,68,High,No,No,Graduate,High,5.7,6.2,High,Excellent,15,Pass,Average
4289,Male,16,9,82,5.2,2.71,100,60,76,80,High,Yes,No,High School,Medium,6.3,7.6,Low,Excellent,10,Pass,Good
4290,Female,19,College-2,50,6.5,2.67,98,60,81,85,Low,No,Yes,High School,High,7.4,6.1,High,Excellent,18,Pass,Excellent
4291,Female,16,11,54,7.8,2.25,100,76,85,92,High,Yes,Yes,Postgraduate,Low,5.9,5.3,Low,Poor,17,Pass,Excellent
4292,Female,20,College-1,86,1.2,2.62,78,56,62,63,High,Yes,Yes,High School,High,4.7,3.1,High,Excellent,9,Pass,Average
4293,Female,20,11,94,2.6,2.98,93,62,75,78,Medium,No,Yes,Graduate,Medium,6.0,1.7,Medium,Average,7,Pass,Good
4294,Male,20,9,94,6.0,2.51,100,82,87,97,Low,Yes,No,High School,Low,5.9,4.7,Low,Excellent,7,Pass,Excellent
4295,Male,22,12,83,3.1,3.76,100,50,72,80,Low,No,No,Graduate,Medium,7.1,4.3,Medium,Excellent,10,Pass,Good
4296,Male,16,12,89,7.0,3.37,100,81,94,94,Low,No,Yes,Graduate,Low,7.8,1.7,Low,Average,8,Pass,Excellent
4297,Female,18,College-2,98,4.9,3.3,100,78,87,89,Medium,Yes,No,Graduate,Low,5.3,7.2,Low,Poor,6,Pass,Excellent
4298,Female,22,College-2,99,7.1,2.29,93,90,85,98,Medium,No,No,Postgraduate,High,6.0,6.2,Low,Excellent,6,Pass,Excellent
4299,Female,21,College-2,87,2.8,2.55,82,52,65,67,Low,No,Yes,Graduate,High,6.1,5.3,Medium,Excellent,9,Pass,Average
4300,Female,20,College-2,94,2.1,3.52,100,61,81,84,Low,Yes,No,Graduate,Low,8.4,3.8,Low,Excellent,7,Pass,Good
4301,Male,22,College-2,50,3.3,3.7,100,45,66,71,High,Yes,No,Postgraduate,Low,6.7,1.3,Medium,Excellent,18,Pass,Good
4302,Female,19,12,75,6.8,2.3,99,72,83,94,Low,No,No,Graduate,High,6.8,4.0,Low,Excellent,12,Pass,Excellent
4303,Female,15,9,83,4.0,3.13,100,54,79,83,High,Yes,No,Graduate,Low,5.8,2.9,Medium,Average,10,Pass,Good
4304,Male,18,College-2,71,6.0,2.83,100,56,84,82,High,No,No,High School,Low,7.9,1.0,Low,Excellent,13,Pass,Good
4305,Male,18,10,90,2.3,2.55,81,48,60,62,Low,No,Yes,Postgraduate,Low,4.9,2.1,Low,Poor,8,Pass,Average
4306,Male,15,10,84,7.9,2.38,100,74,84,92,Medium,No,No,Graduate,High,8.4,3.5,High,Excellent,9,Pass,Excellent
4307,Female,17,College-2,54,6.8,2.52,86,63,70,77,Low,Yes,Yes,Graduate,Low,7.1,5.6,Medium,Good,17,Pass,Good
4308,Male,17,11,100,3.2,3.62,100,72,79,87,Low,No,No,High School,Medium,5.2,3.2,Low,Good,5,Pass,Excellent
4309,Female,15,12,95,3.1,2.03,79,62,65,68,Low,Yes,Yes,Postgraduate,Low,6.6,2.3,High,Good,7,Pass,Average
4310,Female,19,College-2,54,2.8,2.92,89,48,68,62,High,No,No,High School,Low,5.6,3.0,Medium,Average,17,Pass,Average
4311,Male,16,College-2,95,5.5,2.78,100,71,91,96,High,No,No,High School,Medium,5.8,4.6,Medium,Average,7,Pass,Excellent
4312,Female,20,College-1,58,6.6,2.96,100,63,84,88,High,No,Yes,High School,High,5.9,7.4,Low,Poor,16,Pass,Excellent
4313,Male,22,College-2,89,1.6,2.76,97,43,62,72,Low,No,Yes,Graduate,Low,8.7,1.4,Low,Poor,8,Pass,Good
4314,Female,15,10,77,5.7,3.74,100,74,93,93,Medium,No,Yes,Postgraduate,Medium,6.5,4.3,High,Average,11,Pass,Excellent
4315,Female,17,10,92,1.3,3.34,100,51,73,71,Medium,No,No,Postgraduate,High,5.6,7.3,High,Average,7,Pass,Good
4316,Male,16,10,50,3.2,2.64,89,36,60,63,High,Yes,Yes,Postgraduate,Low,7.4,1.7,High,Excellent,18,Pass,Average
4317,Male,19,10,90,4.6,3.93,100,68,89,91,Medium,Yes,No,Graduate,Medium,5.2,3.8,Medium,Average,8,Pass,Excellent
4318,Female,21,College-1,87,4.1,2.68,93,56,74,78,Low,No,Yes,Graduate,Medium,6.9,2.7,Low,Good,9,Pass,Good
4319,Male,21,College-1,81,1.7,3.05,87,54,76,73,Medium,No,No,High School,Medium,8.7,4.9,Medium,Poor,10,Pass,Good
4320,Male,19,10,53,2.0,3.56,98,35,73,62,Low,Yes,No,Graduate,Low,6.2,6.1,Medium,Poor,17,Pass,Average
4321,Male,16,9,62,4.1,3.78,100,61,87,83,High,Yes,No,Graduate,High,6.8,6.0,Medium,Good,15,Pass,Good
4322,Female,21,College-1,89,6.6,3.23,100,85,88,99,Medium,Yes,Yes,Postgraduate,Low,7.3,1.6,Medium,Excellent,8,Pass,Excellent
4323,Male,21,9,83,4.0,2.17,86,54,72,78,Medium,Yes,Yes,Graduate,Low,6.3,4.0,High,Poor,10,Pass,Good
4324,Female,15,10,91,4.5,3.69,100,58,85,83,Medium,No,Yes,High School,High,8.0,1.5,Low,Excellent,8,Pass,Good
4325,Female,19,12,62,4.4,2.57,83,47,68,72,Medium,Yes,Yes,Postgraduate,High,5.9,3.9,High,Average,15,Pass,Good
4326,Female,22,9,97,4.8,3.14,100,64,86,84,Medium,Yes,Yes,Graduate,Medium,5.5,5.8,Medium,Poor,6,Pass,Good
4327,Female,20,College-2,56,4.2,2.05,71,48,56,56,Medium,No,Yes,Postgraduate,Low,5.6,7.0,High,Poor,16,Pass,Average
4328,Female,16,11,99,1.3,3.85,100,60,74,80,Medium,Yes,No,Graduate,High,6.6,3.7,Low,Poor,6,Pass,Good
4329,Male,18,9,64,5.1,2.12,80,53,67,69,High,No,No,Postgraduate,Low,5.4,4.9,Low,Poor,14,Pass,Average
4330,Female,22,College-2,77,3.5,2.72,98,64,75,80,High,No,Yes,Graduate,High,7.1,1.7,Low,Poor,11,Pass,Good
4331,Male,22,9,74,7.2,3.09,100,79,83,89,Low,Yes,Yes,Postgraduate,Medium,7.3,3.7,High,Average,12,Pass,Excellent
4332,Male,17,College-1,70,1.3,3.33,87,35,58,62,Low,No,No,Graduate,Medium,5.8,2.5,Low,Good,13,Pass,Average
4333,Male,19,11,68,7.4,2.64,100,81,91,95,High,Yes,Yes,High School,Low,5.4,1.7,Medium,Poor,13,Pass,Excellent
4334,Male,21,College-2,51,3.3,3.17,100,40,63,63,Medium,Yes,Yes,High School,Medium,8.5,6.9,High,Average,18,Pass,Average
4335,Male,20,12,73,1.7,3.03,83,45,62,63,Medium,No,Yes,Graduate,Medium,8.7,4.2,High,Poor,12,Pass,Average
4336,Female,16,College-2,89,3.1,2.64,88,65,69,79,Medium,Yes,Yes,High School,Low,4.9,2.9,Medium,Average,8,Pass,Good
4337,Male,18,12,68,1.2,2.35,83,48,62,60,Low,Yes,No,Graduate,High,6.4,8.0,Medium,Excellent,13,Pass,Average
4338,Male,19,12,76,7.6,3.06,100,76,81,89,Medium,No,Yes,High School,Low,8.7,2.4,Low,Average,11,Pass,Excellent
4339,Male,16,College-2,94,5.9,2.36,94,84,81,95,Low,No,Yes,Graduate,Low,7.3,1.1,High,Good,7,Pass,Excellent
4340,Male,15,College-1,93,4.5,2.17,83,61,75,81,High,Yes,No,High School,Medium,8.6,2.1,Medium,Good,7,Pass,Good
4341,Male,19,College-2,88,6.5,3.67,100,67,75,84,Medium,Yes,No,High School,Medium,8.3,3.4,High,Average,8,Pass,Good
4342,Male,19,College-1,55,4.4,2.03,81,47,66,68,High,No,No,Graduate,Low,5.9,4.4,High,Poor,17,Pass,Average
4343,Male,20,10,74,1.2,2.16,73,43,64,62,High,No,Yes,Graduate,Low,6.5,5.0,Medium,Good,12,Pass,Average
4344,Male,19,11,57,5.4,3.95,100,61,82,83,Medium,No,No,Graduate,High,9.0,6.8,High,Poor,16,Pass,Good
4345,Male,20,9,85,7.6,2.27,100,76,86,94,Low,Yes,No,Graduate,High,8.2,2.7,High,Poor,9,Pass,Excellent
4346,Male,20,College-2,74,2.0,2.74,76,47,66,60,High,Yes,Yes,Postgraduate,Low,7.9,5.4,High,Excellent,12,Pass,Average
4347,Male,17,College-1,99,2.9,3.94,100,58,82,80,Medium,No,Yes,Postgraduate,High,6.2,3.8,Medium,Excellent,6,Pass,Good
4348,Female,19,9,100,4.8,3.73,100,64,78,91,Low,Yes,No,Graduate,High,5.5,4.9,High,Poor,5,Pass,Excellent
4349,Male,20,College-1,52,6.2,2.13,74,64,71,69,Medium,Yes,Yes,High School,High,8.7,7.8,High,Excellent,17,Pass,Average
4350,Female,18,12,72,1.9,3.67,100,36,65,66,High,Yes,Yes,Postgraduate,High,4.7,4.5,High,Excellent,12,Pass,Average
4351,Female,22,12,87,1.4,2.88,85,60,80,71,High,No,No,Postgraduate,Medium,7.2,2.0,High,Poor,9,Pass,Good
4352,Male,21,9,83,3.5,2.83,100,65,78,79,Medium,No,No,Graduate,High,7.9,2.3,Low,Excellent,10,Pass,Good
4353,Male,19,10,80,2.0,2.21,85,54,77,68,High,No,Yes,Graduate,High,5.3,7.0,High,Excellent,10,Pass,Average
4354,Male,22,12,78,5.8,3.21,100,61,83,83,Low,No,No,Graduate,Low,7.6,1.9,High,Average,11,Pass,Good
4355,Male,16,11,73,4.4,3.71,100,56,83,80,Low,Yes,No,High School,Low,8.1,3.4,Low,Average,12,Pass,Good
4356,Female,18,10,56,7.1,2.5,97,69,87,86,High,Yes,No,Graduate,Low,9.0,8.0,High,Poor,16,Pass,Excellent
4357,Female,21,College-2,81,3.0,3.72,100,64,88,81,Medium,Yes,No,Postgraduate,Medium,6.1,1.6,High,Average,10,Pass,Good
4358,Male,19,12,69,7.0,3.4,100,71,80,90,Medium,No,Yes,High School,Medium,7.5,5.3,Medium,Poor,13,Pass,Excellent
4359,Female,18,12,84,6.9,3.51,100,72,78,87,Low,No,No,High School,Medium,7.3,1.1,High,Excellent,9,Pass,Excellent
4360,Female,18,College-1,70,4.8,3.62,100,49,74,74,High,No,Yes,High School,Medium,8.8,5.2,Low,Excellent,13,Pass,Good
4361,Male,21,College-2,83,4.3,3.64,100,61,74,85,Low,No,Yes,Graduate,High,5.5,5.6,Low,Poor,10,Pass,Excellent
4362,Female,19,10,80,5.3,3.87,100,71,77,85,Low,No,Yes,Postgraduate,Low,8.5,2.9,High,Poor,10,Pass,Excellent
4363,Male,16,College-1,50,7.7,2.84,95,65,77,87,High,Yes,No,Postgraduate,High,4.8,5.6,Medium,Poor,18,Pass,Excellent
4364,Male,19,11,97,6.1,2.62,100,73,91,92,Medium,No,No,High School,High,4.7,1.4,High,Good,6,Pass,Excellent
4365,Male,17,9,99,1.2,3.61,100,56,74,79,Low,No,Yes,High School,Medium,6.7,5.8,Medium,Good,6,Pass,Good
4366,Female,15,9,93,7.1,2.73,100,92,100,100,Medium,No,No,Graduate,Medium,6.0,2.5,Low,Excellent,7,Pass,Excellent
4367,Female,16,12,77,2.1,3.13,95,59,85,76,High,Yes,No,Postgraduate,Low,5.8,3.3,Medium,Good,11,Pass,Good
4368,Female,15,9,74,4.9,2.8,91,59,70,76,High,No,No,Graduate,Low,5.3,6.9,Low,Good,12,Pass,Good
4369,Male,21,College-2,93,1.1,3.28,100,52,70,77,Low,Yes,Yes,Postgraduate,High,4.9,7.8,Low,Good,7,Pass,Good
4370,Male,20,College-2,71,4.1,2.85,100,65,85,83,Low,No,Yes,Graduate,Low,4.9,1.2,Medium,Poor,13,Pass,Good
4371,Female,15,College-1,89,3.1,2.71,100,68,86,84,Low,No,Yes,Postgraduate,High,4.6,6.0,High,Average,8,Pass,Good
4372,Male,22,12,57,5.5,3.16,100,59,77,84,Low,No,Yes,Postgraduate,High,8.1,7.0,Low,Average,16,Pass,Good
4373,Male,21,11,85,7.7,3.63,100,72,83,91,High,Yes,No,Graduate,Medium,7.2,2.7,High,Excellent,9,Pass,Excellent
4374,Female,15,College-1,50,4.1,2.38,88,40,60,65,Low,No,Yes,Postgraduate,High,8.4,3.0,High,Good,18,Pass,Average
4375,Male,22,11,81,7.9,3.05,100,85,100,100,High,No,No,Postgraduate,Low,5.9,2.5,Medium,Poor,10,Pass,Excellent
4376,Female,18,11,52,6.9,2.61,100,55,76,82,Medium,No,Yes,High School,Medium,5.0,2.6,Low,Excellent,17,Pass,Good
4377,Female,20,12,59,4.7,3.79,100,60,74,82,Medium,No,Yes,Postgraduate,Medium,7.9,4.5,High,Poor,16,Pass,Good
4378,Female,16,9,73,1.3,2.25,67,42,60,58,High,Yes,Yes,High School,Low,6.6,3.2,Low,Average,12,Pass,Average
4379,Female,18,10,71,5.6,3.94,100,73,83,83,Medium,No,No,Postgraduate,High,8.4,4.3,Low,Excellent,13,Pass,Good
4380,Male,16,11,98,7.9,2.3,100,87,96,100,Medium,Yes,No,Postgraduate,Low,7.7,1.3,Medium,Poor,6,Pass,Excellent
4381,Male,21,9,55,4.9,2.99,93,45,76,75,Medium,No,No,Postgraduate,High,5.0,4.6,Medium,Good,17,Pass,Good
4382,Female,17,11,84,4.5,2.9,98,58,74,85,High,Yes,No,High School,Medium,5.8,2.7,Medium,Average,9,Pass,Excellent
4383,Male,19,10,71,6.9,2.42,92,76,91,89,Low,No,Yes,High School,Medium,7.6,3.7,Low,Poor,13,Pass,Excellent
4384,Female,18,11,72,1.3,3.9,100,43,64,68,Low,Yes,No,Postgraduate,Low,7.3,6.0,Medium,Average,12,Pass,Average
4385,Female,15,9,77,1.5,2.51,86,53,65,68,Low,Yes,Yes,Graduate,High,6.2,3.6,Low,Average,11,Pass,Average
4386,Female,20,9,88,5.1,3.86,100,75,93,91,Low,Yes,No,Graduate,High,8.0,2.5,High,Poor,8,Pass,Excellent
4387,Male,22,9,78,6.7,2.89,100,71,86,93,Medium,No,Yes,High School,High,6.4,1.1,Medium,Average,11,Pass,Excellent
4388,Female,15,11,96,2.6,3.24,100,61,75,83,Medium,Yes,Yes,High School,Low,5.6,2.2,High,Average,6,Pass,Good
4389,Female,19,12,74,7.4,3.93,100,72,90,90,High,No,No,High School,Medium,6.1,4.2,Medium,Good,12,Pass,Excellent
4390,Female,16,9,92,1.4,2.67,93,47,72,75,Medium,No,No,Graduate,High,5.7,2.8,Medium,Poor,7,Pass,Good
4391,Male,15,College-2,93,3.1,2.43,84,62,74,77,Low,Yes,No,High School,Low,8.6,7.0,High,Excellent,7,Pass,Good
4392,Female,18,10,91,6.2,3.55,100,76,94,92,Medium,Yes,Yes,High School,High,7.9,7.3,High,Excellent,8,Pass,Excellent
4393,Female,21,College-2,75,7.1,3.2,100,69,77,91,High,No,Yes,Graduate,High,4.9,5.8,High,Poor,12,Pass,Excellent
4394,Male,16,11,85,6.8,3.64,100,85,87,93,High,No,Yes,Postgraduate,Low,7.1,4.8,High,Good,9,Pass,Excellent
4395,Female,22,10,72,1.8,3.34,100,42,71,68,Low,Yes,No,Postgraduate,High,6.1,1.2,Low,Poor,12,Pass,Average
4396,Male,16,9,61,6.1,2.99,100,64,74,87,Medium,No,No,High School,High,8.0,1.9,Low,Poor,15,Pass,Excellent
4397,Male,17,11,51,6.1,2.74,100,65,80,84,Low,Yes,No,Graduate,Medium,8.6,2.9,Medium,Excellent,18,Pass,Good
4398,Male,22,College-2,67,4.8,3.23,97,50,74,75,Low,No,Yes,Postgraduate,Low,6.4,6.8,Medium,Average,14,Pass,Good
4399,Male,15,College-2,93,7.4,2.38,100,83,83,98,Medium,Yes,No,High School,Medium,8.7,7.1,High,Good,7,Pass,Excellent
4400,Female,19,9,92,7.4,2.96,100,78,84,93,Low,No,Yes,Graduate,High,7.3,1.9,Medium,Average,7,Pass,Excellent
4401,Male,20,College-1,66,3.5,2.28,70,56,61,60,Medium,No,Yes,Graduate,High,6.5,6.3,High,Average,14,Pass,Average
4402,Male,21,11,81,5.7,3.85,100,64,89,92,High,No,No,Postgraduate,Medium,4.6,3.1,Medium,Poor,10,Pass,Excellent
4403,Female,18,11,97,5.4,3.63,100,71,92,91,Medium,No,No,Postgraduate,High,4.7,7.8,Low,Poor,6,Pass,Excellent
4404,Male,22,College-2,70,2.2,2.59,85,54,67,66,High,No,No,Postgraduate,Low,8.2,1.1,High,Excellent,13,Pass,Average
4405,Male,16,10,75,7.7,2.6,100,66,82,92,Medium,Yes,No,High School,Medium,7.1,1.6,Medium,Average,12,Pass,Excellent
4406,Male,22,10,93,3.3,3.2,100,62,83,79,Medium,Yes,Yes,Graduate,Low,7.0,3.5,Medium,Average,7,Pass,Good
4407,Male,21,9,88,5.9,3.75,100,72,94,96,Medium,No,Yes,Postgraduate,High,5.3,1.8,Medium,Excellent,8,Pass,Excellent
4408,Male,22,10,58,2.9,2.43,75,53,57,65,Low,No,Yes,Postgraduate,High,6.8,1.9,Low,Good,16,Pass,Average
4409,Female,16,11,81,1.2,3.36,93,38,62,64,Medium,No,Yes,Postgraduate,Low,5.1,7.7,Medium,Good,10,Pass,Average
4410,Female,16,College-1,65,6.6,3.54,100,74,80,89,Medium,Yes,No,Postgraduate,Low,5.5,4.1,Low,Average,14,Pass,Excellent
4411,Male,15,College-2,63,3.9,2.22,87,47,59,71,Medium,No,No,Graduate,Low,4.8,3.4,Medium,Excellent,15,Pass,Good
4412,Male,18,9,85,5.1,3.04,100,72,88,85,High,Yes,Yes,Postgraduate,High,7.6,6.9,Low,Poor,9,Pass,Excellent
4413,Male,21,College-2,70,5.9,2.31,81,71,74,77,Low,Yes,No,Postgraduate,Medium,5.6,5.5,Medium,Average,13,Pass,Good
4414,Female,16,9,55,7.8,3.65,100,65,90,92,Low,Yes,No,High School,High,8.4,5.2,High,Good,17,Pass,Excellent
4415,Female,20,10,80,6.5,3.5,100,75,94,96,High,No,Yes,Postgraduate,Low,4.8,3.6,Low,Excellent,10,Pass,Excellent
4416,Female,17,College-1,76,5.3,3.29,100,60,85,83,Low,Yes,Yes,Graduate,Medium,4.7,2.4,Low,Average,11,Pass,Good
4417,Male,20,9,84,6.6,2.14,98,76,91,90,High,Yes,Yes,Postgraduate,Low,7.7,7.5,High,Good,9,Pass,Excellent
4418,Female,17,11,81,5.6,2.19,84,66,67,75,Low,Yes,Yes,Graduate,Medium,7.6,2.5,Medium,Average,10,Pass,Good
4419,Male,19,College-2,51,4.3,3.29,92,40,66,64,Low,No,Yes,High School,Low,8.4,1.4,High,Good,18,Pass,Average
4420,Female,17,10,84,5.8,2.72,96,75,86,85,Low,No,No,Graduate,Low,7.3,5.6,Medium,Good,9,Pass,Excellent
4421,Male,17,College-1,65,5.4,2.74,95,60,85,83,High,Yes,Yes,Graduate,High,7.2,1.4,Medium,Good,14,Pass,Good
4422,Female,21,College-2,56,3.5,3.93,100,42,72,72,Medium,No,No,Postgraduate,High,6.6,4.4,High,Good,16,Pass,Good
4423,Male,16,11,90,4.0,2.43,92,55,73,76,High,Yes,No,Graduate,Medium,6.0,5.6,Low,Excellent,8,Pass,Good
4424,Female,18,10,52,2.7,3.75,100,39,74,69,Low,Yes,No,Postgraduate,High,6.5,6.8,Medium,Excellent,17,Pass,Average
4425,Male,21,10,74,2.6,2.5,91,55,67,73,Low,No,Yes,Postgraduate,Low,8.9,2.5,Medium,Excellent,12,Pass,Good
4426,Female,16,12,91,8.0,3.68,100,76,82,92,Medium,Yes,No,Postgraduate,Low,6.3,5.3,Low,Good,8,Pass,Excellent
4427,Female,19,10,71,3.7,2.26,86,52,65,74,High,No,Yes,Graduate,High,7.9,2.2,Low,Average,13,Pass,Good
4428,Male,21,11,78,6.9,2.61,100,77,83,92,High,Yes,No,High School,Medium,8.5,3.8,Medium,Poor,11,Pass,Excellent
4429,Male,16,12,82,4.6,3.93,100,58,82,86,Low,Yes,No,High School,Low,8.9,5.8,Medium,Good,10,Pass,Excellent
4430,Male,16,12,54,7.0,2.0,80,53,60,72,Low,Yes,Yes,Postgraduate,High,8.9,1.8,Low,Excellent,17,Pass,Good
4431,Male,18,10,50,6.2,2.97,97,59,77,81,High,Yes,Yes,High School,Low,7.2,5.4,Low,Good,18,Pass,Good
4432,Female,21,9,60,1.8,3.68,97,37,62,61,Low,No,No,Postgraduate,High,5.7,1.3,High,Average,15,Pass,Average
4433,Female,21,College-1,66,4.2,3.73,100,62,73,81,High,Yes,No,Graduate,Low,6.5,1.2,High,Average,14,Pass,Good
4434,Male,22,10,51,6.9,3.53,100,54,83,78,High,No,Yes,Postgraduate,High,8.6,6.4,Low,Excellent,18,Pass,Good
4435,Female,21,11,68,3.2,3.49,100,57,78,81,Low,Yes,Yes,Graduate,Medium,6.5,1.4,High,Average,13,Pass,Good
4436,Female,19,11,57,2.0,3.54,95,42,61,62,Medium,Yes,No,Postgraduate,High,5.7,2.7,High,Good,16,Pass,Average
4437,Male,18,9,67,1.8,2.87,79,45,59,59,High,Yes,No,High School,High,8.3,1.9,High,Average,14,Pass,Average
4438,Male,15,11,95,5.5,3.54,100,76,84,92,Low,No,No,High School,High,7.3,3.3,High,Poor,7,Pass,Excellent
4439,Female,19,College-2,91,4.2,2.24,95,71,87,87,Low,Yes,Yes,High School,Low,6.2,1.8,High,Average,8,Pass,Excellent
4440,Male,22,College-2,95,7.1,3.11,100,91,98,100,Low,No,No,High School,High,8.0,4.9,Low,Excellent,7,Pass,Excellent
4441,Male,18,College-1,62,5.4,3.04,98,49,66,79,Low,Yes,Yes,High School,High,8.0,7.9,Low,Poor,15,Pass,Good
4442,Male,20,9,86,7.7,2.22,91,77,92,90,Medium,Yes,No,Postgraduate,High,8.2,7.2,Low,Excellent,9,Pass,Excellent
4443,Female,20,11,73,3.0,3.62,100,46,74,76,Low,No,Yes,Postgraduate,Medium,4.7,1.5,High,Poor,12,Pass,Good
4444,Male,22,9,70,5.6,3.84,100,64,80,86,High,No,No,Graduate,Medium,5.2,7.6,Medium,Excellent,13,Pass,Excellent
4445,Female,17,College-1,63,2.3,3.85,100,45,65,69,Medium,No,Yes,High School,Low,8.3,8.0,High,Poor,15,Pass,Average
4446,Female,15,College-2,50,1.7,2.2,58,35,51,50,Medium,No,Yes,Graduate,High,5.8,6.5,Low,Poor,18,Pass,Poor
4447,Female,19,10,60,2.9,3.23,98,35,74,72,Low,Yes,No,Graduate,Medium,8.8,7.3,Low,Good,15,Pass,Good
4448,Male,20,9,57,7.7,2.25,91,65,75,79,High,No,No,Postgraduate,Low,7.9,7.8,High,Poor,16,Pass,Good
4449,Female,17,College-1,70,2.6,3.27,100,41,73,70,High,No,No,Postgraduate,Medium,7.1,5.6,High,Poor,13,Pass,Good
4450,Female,18,College-2,83,6.3,2.37,91,69,84,88,Medium,Yes,Yes,Graduate,High,6.4,6.1,High,Average,10,Pass,Excellent
4451,Female,19,College-2,94,6.4,3.19,100,77,80,92,Medium,Yes,Yes,High School,High,5.9,2.6,Low,Excellent,7,Pass,Excellent
4452,Male,19,11,51,1.1,3.55,89,35,67,62,Medium,No,Yes,Postgraduate,Medium,7.9,6.3,Medium,Excellent,18,Pass,Average
4453,Male,20,College-1,93,7.1,2.58,100,78,97,97,High,Yes,No,Postgraduate,High,6.8,4.5,Medium,Average,7,Pass,Excellent
4454,Female,18,9,72,2.2,3.11,92,40,68,68,High,Yes,Yes,High School,Medium,9.0,3.3,Low,Poor,12,Pass,Average
4455,Male,21,10,69,6.1,2.68,100,63,80,88,Low,No,Yes,High School,Medium,6.0,4.4,Medium,Excellent,13,Pass,Excellent
4456,Female,21,College-2,61,4.0,3.84,100,52,68,77,Low,Yes,No,High School,High,6.2,2.3,Low,Poor,15,Pass,Good
4457,Male,20,11,81,3.1,2.61,97,58,72,76,Low,Yes,Yes,Postgraduate,High,6.0,2.1,Low,Average,10,Pass,Good
4458,Male,22,9,50,3.8,2.19,75,48,67,66,Low,Yes,Yes,Postgraduate,Medium,5.0,3.1,High,Average,18,Pass,Average
4459,Male,22,College-1,94,4.2,3.64,100,58,84,85,High,Yes,No,Postgraduate,Medium,4.7,2.4,High,Good,7,Pass,Excellent
4460,Male,19,10,77,7.8,3.27,100,77,83,92,Medium,No,Yes,Postgraduate,Low,7.8,3.8,Low,Excellent,11,Pass,Excellent
4461,Male,21,10,90,1.7,3.77,100,51,75,76,Low,Yes,Yes,High School,Low,5.4,5.4,Low,Good,8,Pass,Good
4462,Female,18,9,93,3.5,2.09,78,60,71,77,Low,No,No,High School,High,7.4,7.1,High,Excellent,7,Pass,Good
4463,Male,21,10,81,3.9,2.55,85,53,63,68,Low,Yes,No,Postgraduate,High,5.6,6.8,Medium,Average,10,Pass,Average
4464,Male,20,11,98,3.9,2.01,80,76,70,81,Low,No,No,Postgraduate,Low,4.5,2.1,High,Average,6,Pass,Good
4465,Male,17,College-2,99,5.1,2.23,94,83,95,97,Medium,No,Yes,Postgraduate,Low,7.0,1.8,Medium,Poor,6,Pass,Excellent
4466,Male,17,10,94,2.0,3.79,100,66,78,78,High,Yes,Yes,Postgraduate,High,6.4,2.6,Medium,Good,7,Pass,Good
4467,Female,15,10,69,1.0,2.75,87,49,73,68,Low,No,No,Graduate,Medium,5.4,2.6,High,Average,13,Pass,Average
4468,Female,21,9,51,6.1,2.5,97,56,78,77,Low,No,Yes,Postgraduate,Low,7.8,5.3,Low,Average,18,Pass,Good
4469,Female,17,College-2,67,6.9,3.39,100,60,81,88,Low,No,Yes,Postgraduate,Low,5.7,6.7,High,Good,14,Pass,Excellent
4470,Male,19,10,68,6.6,3.51,100,77,82,93,Medium,No,Yes,Postgraduate,Medium,5.8,7.1,Low,Average,13,Pass,Excellent
4471,Male,22,12,99,1.9,2.29,74,55,70,65,High,Yes,No,Graduate,Medium,6.3,4.7,High,Poor,6,Pass,Average
4472,Male,15,12,82,3.0,2.43,83,55,74,71,Medium,Yes,Yes,Postgraduate,Medium,6.8,1.8,High,Excellent,10,Pass,Good
4473,Male,21,College-1,82,1.5,3.03,100,38,63,70,High,No,Yes,Postgraduate,Low,5.2,4.6,Medium,Average,10,Pass,Good
4474,Female,22,9,88,6.3,2.35,88,71,72,82,Low,No,No,Postgraduate,Low,5.9,1.2,Low,Good,8,Pass,Good
4475,Female,22,11,82,1.1,2.04,65,49,50,55,High,Yes,Yes,Graduate,Low,8.7,4.9,Medium,Good,10,Pass,Average
4476,Female,22,12,97,5.8,2.2,100,84,84,94,High,Yes,Yes,Postgraduate,Medium,7.8,2.3,Low,Good,6,Pass,Excellent
4477,Female,21,College-1,85,5.9,3.27,100,77,84,94,High,No,Yes,Graduate,Low,5.8,4.3,Low,Good,9,Pass,Excellent
4478,Male,20,College-1,67,6.6,3.78,100,65,75,83,Low,No,Yes,High School,High,8.0,1.6,Medium,Good,14,Pass,Good
4479,Male,18,9,53,4.3,2.98,96,41,60,72,High,No,Yes,Postgraduate,High,5.6,5.0,High,Good,17,Pass,Good
4480,Male,15,9,86,1.5,2.49,84,52,72,69,High,Yes,Yes,Graduate,Low,5.6,3.7,High,Average,9,Pass,Average
4481,Male,19,College-1,99,1.7,2.71,89,68,72,73,Medium,Yes,No,Postgraduate,Low,7.2,6.4,Medium,Excellent,6,Pass,Good
4482,Male,19,12,70,3.0,3.27,100,52,84,75,Medium,Yes,Yes,High School,High,8.0,1.1,Low,Good,13,Pass,Good
4483,Male,22,9,86,4.1,3.16,99,60,76,84,High,No,No,Graduate,Medium,6.9,7.5,High,Excellent,9,Pass,Good
4484,Male,21,College-1,56,7.8,3.16,100,75,85,86,Medium,Yes,Yes,Postgraduate,Low,5.7,5.7,High,Good,16,Pass,Excellent
4485,Female,20,10,58,5.1,2.56,82,64,65,71,Low,No,Yes,High School,Medium,6.1,7.0,High,Average,16,Pass,Good
4486,Male,21,College-2,55,5.8,2.23,94,64,79,84,High,No,Yes,High School,High,6.4,3.9,High,Poor,17,Pass,Good
4487,Male,15,9,77,4.5,3.28,100,56,82,83,Low,No,No,Graduate,Low,8.6,6.8,High,Poor,11,Pass,Good
4488,Male,16,College-2,71,3.6,3.18,98,56,73,77,Medium,Yes,No,High School,Medium,5.9,2.2,Medium,Poor,13,Pass,Good
4489,Female,17,12,58,2.9,2.15,75,50,58,64,High,No,No,Postgraduate,Low,8.9,3.2,Low,Average,16,Pass,Average
4490,Female,15,College-1,74,4.0,3.76,100,54,81,76,High,No,No,Graduate,High,8.5,6.4,Low,Poor,12,Pass,Good
4491,Male,20,College-2,100,2.2,3.51,100,51,74,77,Medium,Yes,No,High School,Medium,7.8,5.1,Medium,Poor,5,Pass,Good
4492,Male,20,10,80,5.2,2.95,100,63,86,82,Low,No,No,Postgraduate,Low,7.6,4.4,Medium,Excellent,10,Pass,Good
4493,Female,16,College-1,78,4.3,3.51,100,56,76,80,Low,Yes,Yes,Postgraduate,Low,5.0,7.0,Low,Poor,11,Pass,Good
4494,Male,16,11,69,2.4,2.29,68,50,59,55,Medium,No,Yes,High School,Medium,7.1,7.7,Medium,Good,13,Pass,Average
4495,Female,15,College-2,58,2.2,3.5,100,47,65,65,Low,No,No,High School,High,8.5,5.2,Low,Average,16,Pass,Average
4496,Male,22,College-1,83,4.7,2.86,100,62,79,80,High,Yes,No,High School,Low,7.7,4.7,Medium,Average,10,Pass,Good
4497,Female,16,College-2,85,6.2,2.19,97,82,86,88,Low,Yes,Yes,High School,High,5.0,7.2,Medium,Excellent,9,Pass,Excellent
4498,Male,17,College-1,51,2.9,3.57,100,35,72,68,High,No,Yes,High School,Medium,4.8,3.0,Medium,Good,18,Pass,Average
4499,Female,15,College-2,66,5.8,2.15,94,52,67,74,High,Yes,Yes,High School,High,7.0,1.5,Low,Good,14,Pass,Good
4500,Male,18,10,80,1.7,3.94,100,40,72,70,Medium,No,Yes,High School,Medium,5.6,5.7,Low,Good,10,Pass,Good
4501,Female,18,9,70,2.4,3.46,100,39,74,66,Low,No,No,Graduate,Low,7.3,7.1,Medium,Poor,13,Pass,Average
4502,Female,20,College-2,89,5.7,3.43,100,72,89,92,Medium,No,Yes,Graduate,High,7.8,2.0,Low,Excellent,8,Pass,Excellent
4503,Male,15,10,88,2.0,2.24,88,64,79,71,Low,No,Yes,High School,Low,8.2,1.1,Medium,Excellent,8,Pass,Good
4504,Male,15,12,75,1.3,2.63,72,40,56,53,High,No,Yes,High School,Medium,5.3,4.6,Low,Excellent,12,Pass,Poor
4505,Female,22,11,78,6.8,3.39,100,66,75,87,High,Yes,Yes,High School,Low,8.3,2.0,Low,Poor,11,Pass,Excellent
4506,Male,20,9,81,2.6,2.4,82,59,65,72,Low,No,Yes,Graduate,High,8.3,1.5,Medium,Excellent,10,Pass,Good
4507,Male,22,10,99,2.2,3.06,99,57,82,83,Medium,No,Yes,Graduate,Low,4.9,5.2,Medium,Average,6,Pass,Good
4508,Female,17,10,59,4.7,3.02,100,55,74,78,High,Yes,No,Postgraduate,Low,8.2,7.0,Low,Good,16,Pass,Good
4509,Female,22,College-2,50,2.0,3.89,100,35,64,63,High,Yes,Yes,Graduate,High,6.9,5.6,Low,Good,18,Pass,Average
4510,Female,16,10,80,6.5,3.25,100,66,76,86,Medium,Yes,Yes,Postgraduate,Low,8.1,4.5,Low,Excellent,10,Pass,Excellent
4511,Female,19,9,55,3.8,2.8,90,56,66,74,High,Yes,No,High School,Low,5.8,1.8,High,Poor,17,Pass,Good
4512,Male,18,College-1,97,7.4,3.51,100,92,97,99,Medium,No,No,Postgraduate,High,5.3,7.1,High,Average,6,Pass,Excellent
4513,Male,20,College-2,98,5.5,3.41,100,76,81,94,High,No,Yes,High School,Medium,7.1,4.5,High,Good,6,Pass,Excellent
4514,Male,15,11,61,6.6,2.63,100,53,79,84,Medium,Yes,No,Postgraduate,High,5.0,6.5,High,Average,15,Pass,Good
4515,Female,18,11,75,1.8,2.58,87,49,63,66,Low,No,Yes,High School,Low,4.6,3.1,Medium,Poor,12,Pass,Average
4516,Male,20,11,88,3.1,2.74,94,57,78,80,High,No,Yes,Postgraduate,Medium,7.5,7.4,Medium,Poor,8,Pass,Good
4517,Female,15,College-1,72,6.7,2.2,99,74,80,88,High,Yes,Yes,Postgraduate,High,8.9,3.0,High,Average,12,Pass,Excellent
4518,Female,20,College-2,68,3.9,2.73,91,60,74,74,High,No,No,High School,Medium,5.3,4.2,Low,Good,13,Pass,Good
4519,Female,17,College-1,83,6.2,3.32,100,66,82,92,Medium,No,Yes,Postgraduate,Medium,8.2,6.8,Medium,Poor,10,Pass,Excellent
4520,Female,18,11,86,4.5,2.05,75,68,67,78,Low,Yes,Yes,High School,High,8.5,3.3,Low,Poor,9,Pass,Good
4521,Female,19,College-1,100,5.6,2.14,88,80,83,90,Medium,No,No,Postgraduate,Medium,4.7,1.8,Medium,Average,5,Pass,Excellent
4522,Male,15,11,67,6.1,2.48,100,56,75,84,Low,No,Yes,Graduate,Medium,5.1,3.5,High,Poor,14,Pass,Good
4523,Female,17,College-2,67,6.3,2.61,97,63,84,85,Low,Yes,Yes,Graduate,Medium,6.4,7.3,Low,Poor,14,Pass,Excellent
4524,Female,16,9,73,2.5,2.82,100,41,72,74,Medium,Yes,No,Graduate,Medium,8.4,2.6,Medium,Excellent,12,Pass,Good
4525,Female,15,College-2,64,4.7,3.03,92,47,70,72,High,No,No,Postgraduate,Low,7.0,2.1,Medium,Poor,14,Pass,Good
4526,Female,15,9,71,7.6,2.49,100,82,88,91,Medium,Yes,Yes,Graduate,Low,8.8,1.8,High,Poor,13,Pass,Excellent
4527,Female,15,10,93,7.4,3.41,100,82,99,100,High,Yes,Yes,High School,High,8.8,7.4,Low,Excellent,7,Pass,Excellent
4528,Male,22,9,72,6.4,2.21,88,58,68,80,High,No,No,Postgraduate,Medium,7.5,6.1,Medium,Poor,12,Pass,Good
4529,Male,20,10,84,1.5,3.72,98,52,70,70,Medium,Yes,Yes,Graduate,Medium,5.6,1.4,Low,Excellent,9,Pass,Good
4530,Female,16,12,75,7.1,2.37,100,82,86,96,Medium,Yes,Yes,Graduate,High,6.2,7.9,High,Good,12,Pass,Excellent
4531,Female,16,12,95,7.7,3.73,100,87,89,96,High,No,Yes,High School,High,7.4,4.7,Medium,Good,7,Pass,Excellent
4532,Female,16,9,58,5.6,2.97,100,66,75,81,Medium,No,Yes,High School,Medium,6.4,3.7,Low,Good,16,Pass,Good
4533,Female,21,College-1,51,7.7,3.53,100,67,88,86,Medium,Yes,Yes,Graduate,High,8.9,3.2,Low,Poor,18,Pass,Excellent
4534,Male,19,College-1,75,6.8,2.49,100,81,95,95,Medium,Yes,Yes,Postgraduate,Low,4.6,1.8,Medium,Poor,12,Pass,Excellent
4535,Male,15,College-2,50,2.7,2.71,92,43,60,66,High,No,No,Postgraduate,Low,8.4,1.5,High,Average,18,Pass,Average
4536,Male,16,10,98,2.8,3.68,100,62,80,84,Low,Yes,Yes,High School,High,6.1,1.1,High,Average,6,Pass,Good
4537,Female,17,College-2,91,3.4,2.16,79,69,74,76,Medium,Yes,Yes,High School,High,4.7,3.6,Medium,Good,8,Pass,Good
4538,Male,21,12,90,6.8,2.74,100,79,90,93,Low,No,No,Graduate,Medium,7.7,2.6,Medium,Poor,8,Pass,Excellent
4539,Female,19,College-1,59,2.9,3.28,100,41,70,65,Medium,No,Yes,Postgraduate,Medium,5.8,6.2,Medium,Poor,16,Pass,Average
4540,Male,21,10,51,3.2,3.28,100,51,74,70,High,Yes,Yes,Graduate,High,6.8,2.0,High,Average,18,Pass,Good
4541,Female,21,College-1,95,1.6,2.36,89,52,69,73,Low,No,No,High School,Low,4.7,3.4,Medium,Poor,7,Pass,Good
4542,Male,17,12,94,1.4,2.63,79,50,72,69,Low,Yes,No,Graduate,High,8.2,3.4,High,Average,7,Pass,Average
4543,Male,20,10,67,6.0,3.69,100,57,71,81,Medium,No,Yes,Postgraduate,Low,7.3,5.3,High,Good,14,Pass,Good
4544,Male,16,College-2,55,3.5,2.08,72,51,67,65,Medium,Yes,No,Graduate,Medium,6.3,3.0,Low,Good,17,Pass,Average
4545,Female,15,9,66,3.5,3.31,100,53,71,71,Low,Yes,No,Graduate,Low,6.8,1.1,Low,Average,14,Pass,Good
4546,Male,20,College-1,50,1.4,3.21,85,35,61,54,High,No,No,Postgraduate,Medium,5.4,4.1,Low,Poor,18,Pass,Poor
4547,Female,18,9,95,2.2,3.06,95,58,76,80,Low,No,Yes,Graduate,Medium,6.8,7.7,Low,Excellent,7,Pass,Good
4548,Male,15,College-1,62,7.3,2.21,90,59,67,79,Low,No,No,High School,Low,6.0,6.6,Low,Poor,15,Pass,Good
4549,Male,18,11,60,3.3,2.59,90,49,63,64,High,No,Yes,Postgraduate,High,4.7,4.1,Medium,Excellent,15,Pass,Average
4550,Male,22,10,87,5.9,2.95,100,67,89,93,Medium,Yes,No,Postgraduate,Low,6.6,4.6,Low,Average,9,Pass,Excellent
4551,Female,20,10,63,1.4,3.24,96,40,62,65,High,Yes,Yes,Postgraduate,Low,6.1,7.8,Low,Excellent,15,Pass,Average
4552,Male,20,College-2,89,4.0,3.33,100,56,75,77,Medium,Yes,No,High School,High,7.5,4.2,High,Good,8,Pass,Good
4553,Male,20,11,84,4.8,3.41,100,58,87,83,Low,No,Yes,Postgraduate,Medium,7.2,2.7,High,Excellent,9,Pass,Good
4554,Male,15,College-1,100,2.8,3.26,100,63,79,85,High,No,Yes,Postgraduate,Low,7.8,3.7,Medium,Excellent,5,Pass,Excellent
4555,Male,17,11,93,2.3,3.54,100,61,77,82,Low,No,Yes,Postgraduate,Medium,8.7,1.0,Medium,Average,7,Pass,Good
4556,Female,19,11,55,1.9,3.38,89,35,62,63,Medium,Yes,Yes,Graduate,Low,5.9,2.9,Medium,Good,17,Pass,Average
4557,Male,15,College-1,96,4.5,2.9,97,67,79,88,High,Yes,Yes,Postgraduate,Low,8.4,4.3,Medium,Good,6,Pass,Excellent
4558,Male,16,College-2,63,4.7,2.92,93,64,71,78,Medium,No,Yes,Graduate,Medium,6.0,7.8,Medium,Excellent,15,Pass,Good
4559,Female,21,College-2,65,6.2,2.91,99,67,89,83,Medium,No,Yes,High School,Medium,6.5,1.5,Medium,Poor,14,Pass,Good
4560,Female,15,College-2,73,5.6,2.7,94,56,70,81,Medium,Yes,No,Postgraduate,High,7.9,6.3,Low,Good,12,Pass,Good
4561,Female,22,11,99,1.5,2.56,97,58,80,80,Medium,Yes,No,Graduate,Low,8.0,5.5,Low,Average,6,Pass,Good
4562,Male,17,10,60,4.9,2.15,77,44,57,61,Low,No,No,Postgraduate,Medium,6.5,2.2,Low,Poor,15,Pass,Average
4563,Male,22,10,50,2.9,2.79,80,35,64,60,Medium,Yes,No,High School,Low,5.5,3.0,Medium,Excellent,18,Pass,Average
4564,Female,17,College-2,78,2.2,3.06,93,49,70,67,High,Yes,No,Postgraduate,Medium,4.6,7.0,High,Good,11,Pass,Average
4565,Female,21,College-2,85,3.0,2.99,100,59,82,79,High,No,Yes,High School,Low,5.2,6.5,Low,Excellent,9,Pass,Good
4566,Male,19,College-2,55,1.4,3.22,83,36,57,59,Medium,No,No,Postgraduate,Medium,5.2,3.4,Medium,Excellent,17,Pass,Average
4567,Female,20,9,92,5.6,2.02,79,79,84,87,Low,Yes,No,High School,Low,6.0,5.9,Medium,Average,7,Pass,Excellent
4568,Female,19,10,68,5.9,3.61,100,72,87,91,Medium,No,No,Postgraduate,High,8.3,6.8,Medium,Average,13,Pass,Excellent
4569,Female,19,11,78,7.5,2.7,100,75,81,91,High,Yes,No,Postgraduate,Low,6.2,7.1,Low,Average,11,Pass,Excellent
4570,Male,16,12,60,6.1,3.48,100,69,90,85,High,No,No,High School,High,6.0,6.2,High,Poor,15,Pass,Excellent
4571,Male,15,11,69,5.2,3.21,100,61,86,84,High,No,Yes,Postgraduate,High,8.3,4.1,Low,Average,13,Pass,Good
4572,Male,22,11,74,6.7,2.51,90,79,83,88,High,No,No,Graduate,Medium,7.8,2.0,Low,Average,12,Pass,Excellent
4573,Male,20,College-2,82,6.5,2.81,100,72,85,88,High,Yes,Yes,Graduate,Low,6.2,1.5,Low,Poor,10,Pass,Excellent
4574,Female,21,College-2,75,1.4,2.46,83,45,71,66,High,No,No,Graduate,Medium,5.1,3.9,Low,Good,12,Pass,Average
4575,Male,16,College-1,51,5.6,2.73,100,58,82,81,High,Yes,No,High School,Medium,8.3,3.3,Medium,Good,18,Pass,Good
4576,Male,20,College-1,76,6.1,2.16,97,76,84,88,Low,Yes,No,Graduate,High,8.6,5.1,Low,Poor,11,Pass,Excellent
4577,Female,18,College-1,70,2.8,3.5,100,43,66,74,Medium,No,Yes,Postgraduate,Medium,5.1,1.2,Medium,Average,13,Pass,Good
4578,Male,16,10,95,6.6,3.44,100,81,83,92,High,No,Yes,High School,Low,6.4,7.6,Medium,Good,7,Pass,Excellent
4579,Male,15,College-1,97,1.2,2.05,79,47,56,61,High,Yes,Yes,High School,Low,5.9,5.9,High,Poor,6,Pass,Average
4580,Female,15,10,53,2.8,3.89,100,43,64,68,High,Yes,No,High School,High,5.1,3.5,Low,Poor,17,Pass,Average
4581,Male,22,9,57,1.7,2.33,64,42,49,46,Low,No,Yes,High School,Medium,6.9,3.3,High,Average,16,Fail,Poor
4582,Male,15,9,99,4.1,2.01,76,65,76,80,Low,Yes,No,Postgraduate,Medium,6.7,3.8,Low,Good,6,Pass,Good
4583,Female,20,12,66,1.3,2.73,74,46,68,60,Medium,No,No,Graduate,High,4.5,6.2,High,Excellent,14,Pass,Average
4584,Female,19,12,89,2.1,3.16,92,47,73,75,Medium,No,Yes,High School,Medium,7.6,5.7,Medium,Average,8,Pass,Good
4585,Male,19,11,92,5.9,3.19,100,81,96,94,High,No,No,High School,Medium,4.9,4.8,Medium,Average,7,Pass,Excellent
4586,Male,20,11,77,2.6,3.38,100,51,72,74,Low,No,Yes,High School,Low,6.5,3.3,Medium,Average,11,Pass,Good
4587,Female,15,11,57,5.7,3.31,100,48,72,79,Medium,No,No,High School,Low,8.0,4.3,Medium,Good,16,Pass,Good
4588,Male,22,College-1,55,7.3,2.31,83,64,81,82,Low,No,Yes,Graduate,High,7.9,2.8,Medium,Poor,17,Pass,Good
4589,Male,20,College-2,93,6.2,3.99,100,87,100,98,Low,No,Yes,High School,High,6.2,4.3,High,Poor,7,Pass,Excellent
4590,Female,21,11,59,1.2,3.48,100,37,76,65,High,Yes,Yes,Postgraduate,Low,5.5,7.4,Medium,Excellent,16,Pass,Average
4591,Male,15,12,96,4.9,2.22,83,72,75,86,Medium,Yes,No,Graduate,High,4.6,2.2,Low,Average,6,Pass,Excellent
4592,Male,19,9,97,1.6,3.25,100,47,79,72,Low,Yes,No,Graduate,High,7.0,6.6,Low,Good,6,Pass,Good
4593,Female,15,College-1,93,1.1,3.09,95,60,75,79,Medium,Yes,Yes,Postgraduate,Low,5.0,1.3,Low,Good,7,Pass,Good
4594,Male,22,11,62,6.5,3.72,100,56,86,81,Low,Yes,Yes,High School,Medium,8.0,2.9,Medium,Excellent,15,Pass,Good
4595,Female,16,College-2,54,2.3,2.23,79,40,62,57,Medium,Yes,No,Graduate,Medium,8.9,7.0,Medium,Average,17,Pass,Average
4596,Male,22,10,66,1.9,2.45,81,40,52,60,High,Yes,Yes,Postgraduate,Medium,7.7,2.3,Medium,Excellent,14,Pass,Average
4597,Male,20,11,67,1.7,3.11,81,39,67,57,Low,No,Yes,High School,Medium,5.1,7.6,High,Poor,14,Pass,Average
4598,Female,17,College-1,58,4.5,2.2,90,55,80,70,Medium,Yes,No,Graduate,Low,8.6,7.9,Low,Average,16,Pass,Good
4599,Female,18,College-1,55,6.2,2.57,92,61,81,82,Medium,No,Yes,Postgraduate,Low,8.7,3.6,Low,Average,17,Pass,Good
4600,Male,16,11,87,3.3,2.67,94,55,70,77,High,Yes,Yes,Graduate,High,4.5,1.5,Low,Good,9,Pass,Good
4601,Male,22,9,52,5.6,3.57,100,60,75,84,High,No,Yes,High School,Low,8.8,5.0,Low,Poor,17,Pass,Good
4602,Male,18,12,56,6.2,2.46,82,67,78,81,Medium,No,Yes,High School,Medium,5.5,7.3,High,Poor,16,Pass,Good
4603,Female,15,College-2,78,1.9,2.94,88,47,68,65,High,Yes,Yes,High School,Low,7.8,1.4,Low,Average,11,Pass,Average
4604,Male,15,12,78,5.1,3.35,100,62,81,82,High,Yes,No,Postgraduate,Low,8.2,6.2,Low,Good,11,Pass,Good
4605,Male,20,11,89,5.8,2.97,100,64,83,85,Low,Yes,No,Graduate,Low,7.5,1.4,Low,Poor,8,Pass,Excellent
4606,Male,22,11,56,7.3,2.06,89,57,69,81,Low,No,Yes,Graduate,High,7.3,4.0,Medium,Average,16,Pass,Good
4607,Male,17,12,97,2.7,3.53,100,63,81,85,Medium,Yes,No,Postgraduate,Low,6.2,2.5,Medium,Good,6,Pass,Excellent
4608,Female,18,College-1,89,3.8,2.81,100,70,87,86,High,Yes,Yes,High School,Medium,6.8,3.1,Low,Average,8,Pass,Excellent
4609,Male,22,9,80,7.5,2.26,100,69,78,89,Medium,Yes,Yes,High School,Low,5.1,2.3,Medium,Poor,10,Pass,Excellent
4610,Male,20,11,55,3.0,2.42,69,35,54,50,Medium,Yes,Yes,Graduate,Low,8.7,7.8,High,Poor,17,Pass,Poor
4611,Female,19,9,59,6.4,3.31,100,54,85,85,Medium,Yes,Yes,High School,Medium,8.3,3.7,Low,Poor,16,Pass,Excellent
4612,Female,21,11,52,5.2,3.02,99,46,78,73,Low,No,Yes,Postgraduate,Low,5.7,1.3,High,Average,17,Pass,Good
4613,Male,19,9,57,2.4,2.17,66,50,64,57,High,No,No,High School,Medium,6.1,6.8,High,Average,16,Pass,Average
4614,Female,21,9,97,5.2,3.23,100,67,88,91,Medium,No,No,Graduate,High,6.6,6.5,Medium,Average,6,Pass,Excellent
4615,Female,15,11,53,4.3,3.46,100,39,76,71,High,No,No,Postgraduate,High,7.5,7.0,Low,Excellent,17,Pass,Good
4616,Male,21,12,55,7.3,2.97,100,57,85,85,Medium,Yes,Yes,High School,Low,5.4,1.4,High,Average,17,Pass,Excellent
4617,Male,22,College-1,79,2.1,2.45,81,55,70,69,Medium,Yes,No,Postgraduate,Medium,7.0,3.9,Medium,Good,11,Pass,Average
4618,Female,22,College-1,97,3.6,2.22,91,67,79,85,Medium,Yes,No,High School,High,8.3,5.2,Low,Average,6,Pass,Excellent
4619,Male,20,10,67,2.0,2.88,94,46,66,69,Medium,Yes,Yes,High School,Low,7.0,1.4,High,Average,14,Pass,Average
4620,Female,15,College-1,95,4.9,3.17,100,68,81,87,High,Yes,No,Graduate,Medium,8.7,4.5,High,Good,7,Pass,Excellent
4621,Male,19,11,89,4.5,2.48,100,58,74,82,Low,No,No,Postgraduate,Low,7.2,3.1,High,Poor,8,Pass,Good
4622,Male,21,10,81,1.5,3.17,100,48,67,70,Low,No,Yes,Graduate,Medium,7.9,6.7,High,Average,10,Pass,Good
4623,Female,20,10,77,2.6,2.76,90,59,79,74,Low,No,No,High School,Medium,5.8,5.9,High,Good,11,Pass,Good
4624,Male,22,9,74,6.0,2.56,100,73,93,91,Low,No,No,Graduate,Medium,6.0,3.0,Low,Good,12,Pass,Excellent
4625,Male,15,11,93,2.1,2.2,74,56,72,71,Low,Yes,No,Graduate,High,7.6,3.9,Low,Poor,7,Pass,Good
4626,Female,19,College-1,89,5.5,3.48,100,74,92,93,High,Yes,Yes,High School,High,7.8,6.8,Low,Poor,8,Pass,Excellent
4627,Male,18,10,66,6.1,2.63,100,56,82,80,High,No,Yes,Graduate,High,8.5,1.6,High,Average,14,Pass,Good
4628,Male,22,11,70,3.9,2.94,93,56,68,75,Low,No,No,Graduate,High,8.8,2.3,Medium,Good,13,Pass,Good
4629,Male,20,11,92,2.3,3.19,100,65,89,82,Low,Yes,No,High School,High,5.7,4.1,Low,Excellent,7,Pass,Good
4630,Female,20,College-1,83,2.9,3.14,96,58,75,77,Low,No,Yes,Graduate,Medium,7.2,5.9,High,Good,10,Pass,Good
4631,Male,15,College-1,86,5.3,3.41,100,67,78,90,High,No,Yes,Graduate,High,5.7,5.4,High,Poor,9,Pass,Excellent
4632,Female,21,College-1,72,7.2,2.4,95,80,83,89,Medium,Yes,Yes,Graduate,High,8.0,4.1,Low,Average,12,Pass,Excellent
4633,Female,15,12,87,2.9,3.55,100,68,86,84,Medium,Yes,No,Postgraduate,High,7.8,5.9,Medium,Excellent,9,Pass,Good
4634,Female,18,9,81,3.2,2.81,92,49,75,78,High,No,Yes,Graduate,Medium,4.8,2.1,High,Average,10,Pass,Good
4635,Male,22,College-2,71,3.5,3.76,100,48,75,79,Low,No,No,High School,Medium,7.6,1.7,Medium,Excellent,13,Pass,Good
4636,Female,18,9,52,4.7,2.58,80,59,74,74,Low,No,No,Postgraduate,High,6.5,2.8,Medium,Good,17,Pass,Good
4637,Female,20,College-1,62,7.2,2.09,81,76,78,83,Medium,Yes,No,Graduate,Medium,5.1,1.1,Medium,Good,15,Pass,Good
4638,Female,22,10,95,5.8,2.87,100,84,92,97,High,No,Yes,High School,Low,5.3,2.5,Medium,Average,7,Pass,Excellent
4639,Female,19,College-1,86,5.9,2.16,96,82,82,87,High,Yes,Yes,Graduate,Medium,6.1,7.1,High,Poor,9,Pass,Excellent
4640,Male,18,9,93,5.1,3.78,100,66,84,86,Low,No,No,Postgraduate,High,4.9,2.3,High,Good,7,Pass,Excellent
4641,Female,21,College-2,50,5.1,2.08,86,49,66,67,Medium,No,Yes,Graduate,Medium,7.8,2.9,High,Excellent,18,Pass,Average
4642,Male,22,9,56,6.6,2.45,85,64,77,75,Low,Yes,Yes,High School,High,7.1,3.8,High,Excellent,16,Pass,Good
4643,Female,16,12,83,3.2,2.53,79,60,71,72,Low,No,Yes,High School,High,6.7,1.9,High,Average,10,Pass,Good
4644,Male,15,9,59,1.5,2.89,81,39,54,57,Low,Yes,No,Postgraduate,Medium,5.6,7.8,Low,Excellent,16,Pass,Average
4645,Male,21,College-2,66,5.3,2.83,89,60,80,75,Medium,Yes,No,High School,Low,4.6,2.4,Low,Excellent,14,Pass,Good
4646,Male,15,10,88,3.4,2.01,77,67,73,72,High,Yes,Yes,Postgraduate,High,8.1,2.2,High,Good,8,Pass,Good
4647,Female,16,College-2,62,4.3,2.15,76,62,63,64,Medium,No,Yes,High School,High,8.4,7.7,High,Excellent,15,Pass,Average
4648,Male,15,11,60,7.6,3.41,100,75,82,86,Low,Yes,Yes,Graduate,Low,7.6,2.8,Medium,Average,15,Pass,Excellent
4649,Female,18,9,61,1.4,3.29,91,38,69,59,Medium,No,No,High School,Medium,8.5,2.8,High,Poor,15,Pass,Average
4650,Male,16,College-2,56,3.5,2.68,82,54,64,69,Low,No,No,Graduate,High,6.4,3.9,High,Poor,16,Pass,Average
4651,Male,18,College-1,78,8.0,2.1,88,83,92,94,Low,Yes,Yes,Postgraduate,Low,8.4,5.2,Low,Poor,11,Pass,Excellent
4652,Male,18,10,58,1.8,2.39,80,37,53,53,Low,No,No,High School,Medium,8.9,7.5,Medium,Poor,16,Pass,Poor
4653,Male,21,9,82,3.5,3.99,100,55,73,82,Medium,Yes,No,Postgraduate,High,6.3,1.8,High,Excellent,10,Pass,Good
4654,Female,22,12,52,6.8,3.06,100,58,82,80,High,Yes,Yes,Postgraduate,Medium,6.5,6.8,Low,Average,17,Pass,Good
4655,Female,22,College-2,93,1.7,3.21,96,50,70,74,High,Yes,Yes,High School,Medium,7.2,2.2,Low,Excellent,7,Pass,Good
4656,Male,16,9,78,1.8,2.42,86,48,72,63,High,No,Yes,Graduate,High,8.2,5.6,High,Average,11,Pass,Average
4657,Male,15,11,89,1.3,2.72,83,45,69,64,Medium,Yes,No,Postgraduate,High,5.7,1.1,Medium,Average,8,Pass,Average
4658,Female,20,College-1,58,7.0,3.56,100,63,78,81,Low,Yes,No,High School,Medium,5.4,1.2,High,Excellent,16,Pass,Good
4659,Male,21,College-2,98,7.3,2.22,98,75,93,93,Low,Yes,No,Graduate,Low,8.9,1.3,Medium,Good,6,Pass,Excellent
4660,Female,15,10,64,6.6,2.29,98,59,79,79,High,No,No,Graduate,High,7.7,8.0,High,Good,14,Pass,Good
4661,Female,16,12,82,5.1,2.69,90,73,86,83,Low,No,No,High School,High,7.2,4.3,High,Good,10,Pass,Good
4662,Female,17,9,91,3.3,2.69,93,63,75,80,Medium,No,Yes,High School,High,7.2,7.0,Low,Poor,8,Pass,Good
4663,Female,16,10,96,3.6,3.14,100,61,77,84,Low,No,Yes,Graduate,High,7.2,4.2,Low,Average,6,Pass,Good
4664,Female,21,12,74,3.2,3.43,100,56,70,77,Low,No,Yes,Postgraduate,High,7.3,3.9,High,Excellent,12,Pass,Good
4665,Female,19,College-1,66,1.5,3.31,95,44,61,62,Low,Yes,Yes,High School,Low,8.7,6.3,Low,Good,14,Pass,Average
4666,Male,16,10,82,5.6,2.35,97,77,95,88,High,No,No,Postgraduate,Medium,6.2,4.4,Low,Excellent,10,Pass,Excellent
4667,Male,20,9,63,4.9,2.98,96,46,68,70,Low,Yes,Yes,Graduate,High,5.5,4.3,Low,Poor,15,Pass,Good
4668,Male,15,College-1,84,4.4,2.49,95,59,84,82,High,No,Yes,High School,Low,7.3,6.5,Low,Poor,9,Pass,Good
4669,Male,19,College-1,59,5.8,3.29,100,68,90,84,High,Yes,Yes,High School,High,8.2,1.5,Low,Excellent,16,Pass,Good
4670,Male,18,9,90,2.8,3.01,97,52,77,79,Medium,No,No,Graduate,High,6.9,3.1,High,Poor,8,Pass,Good
4671,Female,19,12,100,3.7,2.61,94,74,83,84,Low,Yes,No,Graduate,High,9.0,7.6,High,Good,5,Pass,Good
4672,Female,15,11,74,7.1,2.49,100,72,89,91,High,Yes,Yes,High School,High,6.6,3.5,High,Average,12,Pass,Excellent
4673,Male,16,College-2,70,1.8,3.73,100,35,72,64,High,Yes,Yes,Postgraduate,Medium,8.6,5.1,Low,Average,13,Pass,Average
4674,Female,16,11,66,6.7,2.07,79,68,79,82,Low,No,No,High School,Low,5.4,3.3,Medium,Poor,14,Pass,Good
4675,Male,16,College-1,50,4.5,2.39,78,56,61,69,High,Yes,No,Postgraduate,High,8.7,4.5,High,Good,18,Pass,Average
4676,Female,17,College-2,53,3.6,2.47,82,53,75,66,Low,No,Yes,Graduate,Medium,8.8,2.0,Medium,Poor,17,Pass,Average
4677,Female,22,College-2,62,5.4,2.09,80,54,70,67,Medium,Yes,Yes,Postgraduate,High,6.4,2.7,Low,Good,15,Pass,Average
4678,Male,15,College-2,62,4.5,2.62,85,60,68,72,Medium,Yes,Yes,Postgraduate,Medium,7.4,7.2,Low,Poor,15,Pass,Good
4679,Female,22,12,55,7.8,2.44,91,72,74,81,High,No,No,Postgraduate,Low,7.3,3.9,High,Average,17,Pass,Good
4680,Male,18,9,59,7.0,3.33,100,63,78,86,High,Yes,No,Postgraduate,High,8.1,2.3,High,Poor,16,Pass,Excellent
4681,Female,21,College-2,76,5.0,2.4,95,57,70,79,High,Yes,No,Postgraduate,Low,5.7,3.9,High,Average,11,Pass,Good
4682,Female,16,12,61,2.9,2.73,88,54,77,73,Medium,No,No,High School,Low,6.4,4.7,Low,Poor,15,Pass,Good
4683,Male,16,11,82,1.8,2.46,72,42,50,56,Medium,Yes,No,Postgraduate,High,7.5,1.5,Low,Good,10,Pass,Average
4684,Female,18,College-1,86,5.6,2.77,100,72,87,88,Low,No,Yes,Postgraduate,Medium,4.8,3.4,Medium,Excellent,9,Pass,Excellent
4685,Female,15,9,70,5.7,3.13,100,58,80,87,Low,No,Yes,Graduate,High,5.0,6.8,Low,Excellent,13,Pass,Excellent
4686,Female,20,11,72,1.2,2.92,84,49,60,59,High,No,No,High School,Medium,6.8,7.2,Medium,Excellent,12,Pass,Average
4687,Female,18,10,80,7.8,3.96,100,71,93,92,High,No,Yes,Graduate,Medium,7.5,4.9,Medium,Average,10,Pass,Excellent
4688,Female,16,12,78,2.2,2.13,77,51,67,68,High,Yes,No,High School,Low,4.7,3.0,High,Good,11,Pass,Average
4689,Male,18,College-2,53,2.3,2.27,81,47,72,59,Medium,Yes,Yes,Graduate,Low,5.9,1.7,High,Average,17,Pass,Average
4690,Male,18,9,62,7.9,3.24,100,74,82,93,Low,No,Yes,Postgraduate,Low,5.7,6.6,Low,Excellent,15,Pass,Excellent
4691,Male,20,9,59,2.6,3.28,95,40,67,66,Low,No,No,Postgraduate,High,5.2,7.0,High,Excellent,16,Pass,Average
4692,Male,19,11,53,3.5,2.02,72,48,57,58,High,Yes,Yes,Postgraduate,High,5.6,7.4,High,Average,17,Pass,Average
4693,Male,18,10,100,2.4,2.28,76,63,67,73,Low,Yes,Yes,Postgraduate,Medium,8.3,6.6,High,Poor,5,Pass,Good
4694,Female,22,10,98,6.7,2.7,100,73,94,100,High,Yes,Yes,High School,High,5.3,5.5,High,Good,6,Pass,Excellent
4695,Male,15,College-2,81,5.4,3.64,100,72,86,90,High,Yes,Yes,Postgraduate,High,4.8,1.4,Medium,Good,10,Pass,Excellent
4696,Male,18,College-1,64,3.7,3.45,100,60,79,75,High,No,No,Graduate,Low,5.5,3.4,High,Excellent,14,Pass,Good
4697,Male,21,12,50,6.4,3.72,100,60,78,80,High,Yes,Yes,High School,High,5.5,6.7,Low,Excellent,18,Pass,Good
4698,Male,17,College-1,99,3.3,2.64,96,60,73,78,Medium,No,Yes,High School,Low,8.5,1.7,Low,Excellent,6,Pass,Good
4699,Male,21,College-1,69,6.1,2.46,87,71,74,83,Medium,Yes,No,High School,Medium,6.6,2.4,Low,Excellent,13,Pass,Good
4700,Female,22,12,100,6.1,2.19,100,78,97,94,Medium,Yes,Yes,High School,High,8.3,5.6,Low,Average,5,Pass,Excellent
4701,Female,18,9,62,5.6,3.85,100,61,77,81,Medium,No,No,High School,High,7.9,1.1,Medium,Poor,15,Pass,Good
4702,Male,18,12,75,8.0,2.3,91,86,82,97,Medium,No,No,Postgraduate,Low,4.8,4.8,High,Average,12,Pass,Excellent
4703,Female,18,12,80,2.6,3.55,100,63,79,82,Medium,No,No,Postgraduate,High,6.7,5.2,Medium,Excellent,10,Pass,Good
4704,Male,18,College-1,83,3.4,3.31,100,63,82,82,Medium,Yes,Yes,Graduate,Low,8.5,5.9,Medium,Average,10,Pass,Good
4705,Female,17,9,87,2.5,3.85,100,48,79,72,Low,Yes,No,Graduate,High,8.9,5.3,Medium,Good,9,Pass,Good
4706,Female,17,College-1,82,4.8,2.99,100,60,78,79,Low,Yes,No,Postgraduate,High,7.9,1.2,High,Good,10,Pass,Good
4707,Male,17,9,93,3.0,3.97,100,58,87,86,High,Yes,No,Postgraduate,Medium,8.8,1.4,Medium,Average,7,Pass,Excellent
4708,Female,15,10,62,1.4,3.14,98,38,64,61,Low,Yes,Yes,High School,Low,7.1,2.6,High,Average,15,Pass,Average
4709,Female,16,11,88,7.1,2.82,100,77,81,97,Medium,Yes,Yes,Graduate,Low,8.5,6.4,Low,Poor,8,Pass,Excellent
4710,Male,19,10,64,5.3,3.47,100,54,75,83,Low,No,Yes,Postgraduate,High,5.9,5.0,High,Average,14,Pass,Good
4711,Female,21,College-2,68,2.6,2.77,78,55,67,61,High,No,No,Graduate,Medium,6.2,7.1,High,Poor,13,Pass,Average
4712,Female,18,11,63,7.3,2.64,96,78,89,87,Medium,No,No,Graduate,Medium,6.3,3.5,High,Average,15,Pass,Excellent
4713,Male,15,College-2,59,4.3,3.23,100,42,71,74,Medium,Yes,Yes,High School,Low,5.4,6.7,Medium,Poor,16,Pass,Good
4714,Female,17,11,67,6.3,2.7,100,64,80,86,Low,No,No,Postgraduate,Low,6.6,3.9,High,Excellent,14,Pass,Excellent
4715,Male,22,11,85,2.1,3.87,100,56,79,79,Low,No,No,Postgraduate,Low,6.4,4.8,High,Excellent,9,Pass,Good
4716,Female,22,College-1,80,4.4,2.27,80,53,60,68,Medium,Yes,Yes,Postgraduate,Medium,8.9,7.6,Medium,Good,10,Pass,Average
4717,Female,15,12,92,4.4,2.43,86,70,74,77,High,No,No,Graduate,Low,8.9,3.4,Medium,Good,7,Pass,Good
4718,Female,18,12,53,2.7,2.3,77,35,57,53,Medium,No,Yes,High School,High,8.7,4.9,High,Good,17,Pass,Poor
4719,Female,20,College-1,76,1.7,2.55,73,39,63,57,Low,Yes,Yes,Graduate,Medium,5.8,3.6,Low,Good,11,Pass,Average
4720,Male,20,11,90,3.9,3.21,100,68,81,86,Medium,No,Yes,Postgraduate,Medium,6.2,2.0,Medium,Good,8,Pass,Excellent
4721,Female,18,College-1,87,2.6,3.72,100,46,81,73,High,No,Yes,Graduate,High,5.9,6.3,Medium,Poor,9,Pass,Good
4722,Male,21,10,97,3.6,3.4,100,73,87,84,High,Yes,No,Postgraduate,High,7.7,3.8,Low,Excellent,6,Pass,Good
4723,Female,22,12,59,6.0,2.98,100,66,76,84,Medium,Yes,No,Graduate,Low,8.0,4.3,Low,Poor,16,Pass,Good
4724,Male,19,11,60,2.6,2.47,70,38,47,57,Low,Yes,No,High School,Medium,8.4,1.8,Medium,Good,15,Pass,Average
4725,Female,17,11,50,7.9,2.94,100,63,87,89,Low,Yes,No,Graduate,High,4.6,1.2,Medium,Poor,18,Pass,Excellent
4726,Male,19,12,70,5.5,2.4,83,52,71,70,Low,No,No,Graduate,Medium,4.8,2.0,Medium,Average,13,Pass,Good
4727,Male,16,College-1,59,3.7,2.23,82,49,71,71,Low,Yes,No,Graduate,High,8.7,5.7,High,Good,16,Pass,Good
4728,Male,20,College-1,87,6.4,2.75,100,81,98,92,High,Yes,Yes,Postgraduate,Low,4.7,1.6,High,Average,9,Pass,Excellent
4729,Female,15,12,79,2.1,2.24,69,48,53,56,Medium,No,Yes,High School,Low,8.1,4.5,Low,Good,11,Pass,Average
4730,Female,16,College-2,55,3.3,3.25,100,46,78,69,High,Yes,Yes,High School,Low,5.1,4.3,High,Excellent,17,Pass,Average
4731,Female,19,12,85,2.0,3.46,96,59,83,81,Low,Yes,No,High School,High,8.0,4.1,Low,Excellent,9,Pass,Good
4732,Female,18,9,79,3.5,3.65,100,62,87,80,Low,Yes,No,Postgraduate,Low,4.7,3.7,High,Excellent,11,Pass,Good
4733,Female,16,9,92,1.0,3.06,100,51,82,79,High,No,Yes,Graduate,Medium,5.6,3.8,Medium,Average,7,Pass,Good
4734,Female,21,College-2,64,1.5,2.51,70,48,64,58,High,Yes,Yes,Postgraduate,High,8.3,7.1,High,Excellent,14,Pass,Average
4735,Female,15,11,70,5.8,3.07,100,61,74,85,Medium,Yes,No,Postgraduate,Low,6.8,1.2,High,Good,13,Pass,Excellent
4736,Male,20,9,82,2.7,2.1,69,64,67,71,High,No,No,High School,Low,8.0,1.6,Low,Excellent,10,Pass,Good
4737,Male,19,11,68,3.9,3.04,98,60,77,81,Low,No,No,Graduate,Low,9.0,1.9,Low,Good,13,Pass,Good
4738,Male,18,College-1,95,8.0,2.66,100,81,90,100,High,No,No,Graduate,Medium,8.3,6.0,High,Good,7,Pass,Excellent
4739,Female,19,College-2,83,7.2,3.42,100,71,82,92,Low,Yes,Yes,Graduate,Low,4.6,4.6,High,Average,10,Pass,Excellent
4740,Female,15,9,70,5.2,2.19,84,52,72,69,High,Yes,No,Graduate,High,6.0,3.3,Medium,Excellent,13,Pass,Average
4741,Male,21,College-2,94,7.5,3.91,100,75,82,98,High,Yes,Yes,Postgraduate,Low,4.9,5.3,High,Good,7,Pass,Excellent
4742,Male,22,College-2,73,6.2,3.42,100,57,77,81,Low,No,Yes,High School,Low,5.8,7.1,Low,Good,12,Pass,Good
4743,Female,19,12,76,1.5,3.27,100,50,78,75,High,Yes,No,Postgraduate,High,5.2,5.2,Low,Good,11,Pass,Good
4744,Male,17,9,89,7.3,2.54,100,82,86,98,High,No,No,Postgraduate,Medium,7.2,6.9,Low,Poor,8,Pass,Excellent
4745,Female,18,11,80,1.3,2.73,92,45,74,71,Medium,Yes,No,High School,Low,7.3,2.5,Medium,Poor,10,Pass,Good
4746,Male,22,9,94,2.1,2.4,74,50,59,61,High,Yes,No,Graduate,Low,9.0,6.7,Low,Good,7,Pass,Average
4747,Female,17,College-1,50,1.9,3.38,97,41,75,65,High,Yes,Yes,High School,Medium,6.3,7.8,Low,Poor,18,Pass,Average
4748,Male,20,9,77,5.2,3.06,100,61,86,81,High,Yes,No,High School,Low,6.4,7.3,Low,Excellent,11,Pass,Good
4749,Male,21,9,52,3.2,2.5,90,49,63,64,Low,Yes,No,High School,Low,6.3,1.3,Medium,Good,17,Pass,Average
4750,Female,17,12,62,2.6,3.14,95,47,79,67,Low,No,No,High School,Medium,6.5,3.2,Low,Good,15,Pass,Average
4751,Female,17,9,77,2.3,2.98,100,58,84,74,Medium,No,Yes,Graduate,Medium,6.0,5.2,Low,Average,11,Pass,Good
4752,Female,17,College-2,64,3.7,3.91,100,46,67,68,High,No,No,Postgraduate,Low,6.9,8.0,Low,Excellent,14,Pass,Average
4753,Male,18,9,66,7.8,3.6,100,79,86,94,High,No,Yes,High School,Low,8.5,6.4,Low,Excellent,14,Pass,Excellent
4754,Female,19,College-2,90,3.5,2.71,100,61,84,83,Medium,No,Yes,Postgraduate,High,6.1,2.3,Medium,Excellent,8,Pass,Good
4755,Male,22,10,56,3.1,3.96,100,44,66,67,Medium,Yes,No,High School,High,9.0,5.6,Medium,Excellent,16,Pass,Average
4756,Male,19,College-2,78,2.0,2.45,77,51,59,63,Medium,No,No,Postgraduate,High,5.4,1.4,Medium,Excellent,11,Pass,Average
4757,Male,19,9,54,5.5,2.75,100,51,67,77,Medium,Yes,No,Graduate,Low,4.9,2.3,High,Poor,17,Pass,Good
4758,Female,17,12,90,4.4,2.15,85,61,80,78,Low,No,No,High School,Medium,7.2,7.0,Medium,Poor,8,Pass,Good
4759,Female,20,12,55,6.1,2.82,95,56,74,74,Low,No,No,Graduate,High,8.4,6.5,High,Poor,17,Pass,Good
4760,Male,17,12,68,5.1,2.81,100,52,83,84,Low,No,No,High School,Low,5.1,1.4,High,Good,13,Pass,Good
4761,Male,17,9,74,2.7,3.9,100,53,70,75,Low,No,No,Graduate,High,7.8,3.9,Medium,Average,12,Pass,Good
4762,Male,17,12,70,1.7,3.51,97,42,74,72,Low,Yes,Yes,High School,High,6.2,1.9,Low,Excellent,13,Pass,Good
4763,Male,19,College-1,91,3.4,3.12,94,52,73,74,Low,No,No,Graduate,High,6.8,2.0,High,Excellent,8,Pass,Good
4764,Male,16,10,55,7.2,3.37,100,55,77,86,Low,Yes,Yes,Postgraduate,High,7.6,6.3,Low,Excellent,17,Pass,Excellent
4765,Female,21,College-1,63,6.1,3.31,100,62,86,82,Medium,No,No,High School,Low,6.4,7.8,High,Good,15,Pass,Good
4766,Female,20,College-2,85,6.8,3.78,100,86,94,97,Medium,No,Yes,High School,High,5.2,4.1,Medium,Average,9,Pass,Excellent
4767,Female,20,College-1,92,5.2,3.78,100,73,87,93,Medium,Yes,No,Graduate,Low,8.6,6.9,Medium,Excellent,7,Pass,Excellent
4768,Male,18,9,51,3.4,3.29,96,51,81,72,High,Yes,Yes,Graduate,Medium,6.1,4.1,High,Poor,18,Pass,Good
4769,Female,18,College-2,50,5.2,3.45,100,46,67,69,Low,Yes,Yes,Graduate,Medium,4.8,3.2,High,Excellent,18,Pass,Average
4770,Female,19,College-1,68,6.9,3.59,100,58,74,88,High,Yes,Yes,Postgraduate,High,8.1,2.3,Medium,Excellent,13,Pass,Excellent
4771,Female,19,12,62,5.9,2.33,81,59,74,72,Medium,Yes,Yes,Graduate,Low,6.2,4.2,Medium,Good,15,Pass,Good
4772,Male,18,College-1,87,5.3,2.99,98,62,88,84,High,No,No,Postgraduate,High,6.8,2.8,Low,Excellent,9,Pass,Good
4773,Female,21,College-1,77,3.9,3.12,100,55,70,79,Medium,No,Yes,High School,Medium,5.9,2.9,Low,Poor,11,Pass,Good
4774,Male,21,College-1,53,5.4,3.29,100,49,81,80,Medium,No,Yes,Postgraduate,Low,5.5,3.4,High,Good,17,Pass,Good
4775,Female,22,11,67,1.8,2.46,68,37,57,58,Medium,No,Yes,Graduate,High,5.1,2.6,Medium,Good,14,Pass,Average
4776,Female,17,9,76,6.7,3.34,100,72,93,92,Medium,No,No,High School,Medium,8.9,2.2,Low,Good,11,Pass,Excellent
4777,Female,21,College-1,95,5.2,3.06,100,64,75,89,Medium,No,No,Postgraduate,Medium,6.2,3.5,High,Poor,7,Pass,Excellent
4778,Female,22,12,70,3.9,3.27,100,55,73,76,High,No,No,Postgraduate,Low,7.3,7.2,Low,Poor,13,Pass,Good
4779,Male,20,11,60,4.1,2.48,79,53,68,70,High,No,No,Postgraduate,High,8.0,7.2,Low,Good,15,Pass,Good
4780,Female,18,12,58,2.7,3.65,97,35,59,62,High,No,No,Postgraduate,High,8.8,1.3,Medium,Good,16,Pass,Average
4781,Male,17,12,79,5.6,2.32,84,68,69,80,Low,No,Yes,High School,High,6.6,6.7,High,Poor,11,Pass,Good
4782,Female,19,12,94,4.0,3.95,100,57,86,82,High,Yes,Yes,High School,High,7.9,6.0,Low,Average,7,Pass,Good
4783,Female,15,College-2,79,7.7,3.05,100,73,93,91,Low,Yes,Yes,Graduate,Medium,6.9,6.0,Low,Average,11,Pass,Excellent
4784,Male,18,12,87,6.9,3.19,100,82,85,93,Low,Yes,Yes,High School,Low,6.5,5.3,High,Excellent,9,Pass,Excellent
4785,Female,16,9,62,6.9,2.99,100,66,78,88,Medium,Yes,Yes,Graduate,High,6.1,2.2,High,Excellent,15,Pass,Excellent
4786,Male,21,College-1,93,4.3,2.54,97,70,90,84,Medium,No,No,High School,Medium,7.4,5.3,High,Excellent,7,Pass,Good
4787,Male,22,12,78,2.2,3.95,100,42,77,69,Low,Yes,Yes,High School,Low,8.0,2.4,Medium,Excellent,11,Pass,Average
4788,Male,21,College-1,66,1.8,2.59,78,47,56,56,Medium,No,No,High School,High,5.1,5.3,Low,Good,14,Pass,Average
4789,Male,22,College-2,74,5.2,3.07,100,55,76,84,High,No,Yes,High School,Medium,6.5,5.4,Low,Poor,12,Pass,Good
4790,Female,16,College-2,72,5.3,3.99,100,55,73,83,Medium,Yes,No,Graduate,Low,4.5,6.9,High,Average,12,Pass,Good
4791,Female,16,9,84,3.4,2.39,77,65,79,77,High,No,No,High School,Medium,6.8,8.0,High,Average,9,Pass,Good
4792,Female,16,10,68,2.6,3.26,100,46,67,69,Low,Yes,Yes,Postgraduate,High,8.8,6.9,High,Excellent,13,Pass,Average
4793,Male,19,College-2,89,3.7,3.21,100,61,78,79,High,Yes,No,Postgraduate,Medium,6.9,4.6,Medium,Average,8,Pass,Good
4794,Female,18,10,62,6.1,2.48,98,54,68,74,Medium,No,Yes,High School,High,6.2,6.6,High,Poor,15,Pass,Good
4795,Female,22,10,84,3.3,2.75,91,59,73,80,Low,No,Yes,Graduate,High,5.8,1.5,Low,Good,9,Pass,Good
4796,Female,19,9,70,7.1,3.64,100,68,92,92,Low,No,Yes,High School,High,8.3,6.5,Low,Average,13,Pass,Excellent
4797,Female,15,9,93,7.4,3.84,100,88,100,100,Low,No,No,High School,Low,6.3,5.2,Low,Poor,7,Pass,Excellent
4798,Female,19,11,64,4.6,2.17,77,63,76,69,Low,No,No,Postgraduate,High,7.4,2.5,Medium,Excellent,14,Pass,Average
4799,Female,18,9,93,2.3,2.35,89,61,79,77,Low,Yes,No,Graduate,Medium,8.7,2.1,Low,Average,7,Pass,Good
4800,Female,20,College-2,90,2.4,3.13,97,53,73,74,Medium,Yes,No,High School,High,6.7,3.9,High,Good,8,Pass,Good
4801,Male,15,College-1,66,4.8,2.8,95,65,88,79,High,Yes,No,Postgraduate,High,7.5,1.7,Low,Average,14,Pass,Good
4802,Female,18,10,69,5.5,2.54,89,55,74,76,High,No,Yes,Graduate,High,6.1,1.4,High,Good,13,Pass,Good
4803,Male,19,9,91,7.7,2.28,100,75,83,96,High,No,Yes,Postgraduate,High,5.1,1.4,Medium,Average,8,Pass,Excellent
4804,Male,19,College-1,55,2.6,3.34,97,43,62,64,High,Yes,No,Graduate,High,5.0,6.5,Medium,Good,17,Pass,Average
4805,Female,18,College-1,90,5.9,2.16,97,69,90,86,High,No,No,Postgraduate,Medium,6.1,4.3,High,Excellent,8,Pass,Excellent
4806,Male,16,9,63,8.0,3.2,100,73,87,96,Low,Yes,Yes,High School,Low,6.4,1.8,High,Poor,15,Pass,Excellent
4807,Male,20,9,51,4.1,3.86,100,55,69,76,Low,Yes,Yes,Postgraduate,High,6.4,7.4,Low,Poor,18,Pass,Good
4808,Male,20,10,61,5.9,2.36,80,54,75,76,High,Yes,Yes,Postgraduate,High,5.1,3.4,Low,Good,15,Pass,Good
4809,Male,17,10,70,5.7,2.97,100,68,88,88,Medium,No,Yes,High School,Low,8.0,5.5,Low,Poor,13,Pass,Excellent
4810,Female,21,11,67,5.7,3.94,100,55,79,86,Low,Yes,Yes,Graduate,Medium,8.7,2.4,Low,Poor,14,Pass,Excellent
4811,Female,17,12,87,1.7,3.2,89,54,74,74,Low,Yes,Yes,Postgraduate,Medium,5.9,4.9,Medium,Poor,9,Pass,Good
4812,Female,20,11,96,1.8,2.85,97,60,78,80,Medium,No,No,High School,High,8.7,7.5,Low,Average,6,Pass,Good
4813,Male,22,12,69,4.2,2.24,80,49,67,64,Low,Yes,Yes,Graduate,Low,8.0,2.1,Medium,Good,13,Pass,Average
4814,Male,22,College-1,99,7.9,2.79,100,81,85,100,Low,Yes,No,Postgraduate,High,5.5,3.7,Low,Average,6,Pass,Excellent
4815,Female,19,9,60,6.3,3.48,100,65,82,82,High,Yes,No,High School,Medium,7.3,2.4,Low,Good,15,Pass,Good
4816,Male,20,College-1,61,6.0,3.65,100,57,81,85,High,Yes,No,Postgraduate,Low,6.9,6.2,Low,Good,15,Pass,Excellent
4817,Female,21,10,90,7.1,3.04,100,75,86,94,High,Yes,Yes,High School,Low,7.8,3.5,Low,Good,8,Pass,Excellent
4818,Male,15,College-2,80,1.2,3.74,100,54,81,76,High,Yes,Yes,Graduate,High,8.4,1.5,Medium,Average,10,Pass,Good
4819,Female,22,11,65,4.4,2.92,93,50,64,75,Low,Yes,Yes,High School,Low,6.8,3.4,Low,Excellent,14,Pass,Good
4820,Male,17,College-1,75,2.6,2.47,84,56,71,66,High,No,No,Postgraduate,Medium,7.8,4.2,Medium,Poor,12,Pass,Average
4821,Male,18,10,58,3.7,2.82,100,44,69,67,Low,No,No,Graduate,Low,5.6,3.4,Medium,Good,16,Pass,Average
4822,Female,20,12,98,5.1,2.42,96,76,80,86,High,No,No,Postgraduate,High,8.7,7.8,Low,Excellent,6,Pass,Excellent
4823,Female,20,12,74,4.5,3.19,100,69,87,89,Medium,Yes,No,Postgraduate,Low,6.2,6.3,Low,Average,12,Pass,Excellent
4824,Male,19,College-1,84,4.9,2.09,78,70,77,74,Medium,No,No,High School,Low,4.8,7.0,Medium,Excellent,9,Pass,Good
4825,Male,22,College-1,94,2.3,2.31,83,59,78,70,Medium,No,Yes,High School,High,5.4,4.9,High,Good,7,Pass,Good
4826,Female,20,12,57,7.5,2.91,99,76,83,90,High,Yes,Yes,Graduate,Low,7.5,4.2,Medium,Good,16,Pass,Excellent
4827,Female,19,College-1,90,5.5,3.52,100,75,94,93,High,No,Yes,Postgraduate,Medium,6.3,6.2,Low,Good,8,Pass,Excellent
4828,Female,15,12,82,2.4,3.03,88,46,62,67,Low,No,No,High School,Medium,7.9,7.9,High,Good,10,Pass,Average
4829,Male,17,10,51,3.9,3.75,100,40,71,67,High,No,Yes,High School,High,4.7,7.0,High,Poor,18,Pass,Average
4830,Female,20,10,78,7.6,3.22,100,85,85,92,Low,No,No,Postgraduate,Medium,5.3,2.3,Medium,Poor,11,Pass,Excellent
4831,Male,19,College-2,72,3.6,3.85,100,46,67,71,Medium,No,No,Postgraduate,Medium,8.1,7.4,High,Poor,12,Pass,Good
4832,Female,20,9,71,7.1,3.19,100,72,92,92,Low,Yes,No,Postgraduate,High,8.3,2.9,Medium,Good,13,Pass,Excellent
4833,Female,15,9,73,3.4,2.27,76,45,66,67,High,No,No,High School,High,6.0,6.9,Medium,Excellent,12,Pass,Average
4834,Male,17,College-1,54,3.8,3.2,100,41,77,74,Medium,No,No,Postgraduate,Medium,6.7,7.6,Medium,Excellent,17,Pass,Good
4835,Female,22,10,61,4.0,3.04,100,48,69,70,Low,Yes,No,High School,High,5.7,2.9,Low,Excellent,15,Pass,Good
4836,Male,18,11,87,3.0,3.54,100,62,79,78,Low,Yes,Yes,High School,High,8.9,3.4,High,Average,9,Pass,Good
4837,Male,22,11,71,3.9,3.64,100,60,85,77,High,Yes,No,Postgraduate,Medium,7.0,4.0,Low,Excellent,13,Pass,Good
4838,Female,19,12,65,6.2,3.72,100,64,90,91,Medium,No,Yes,Graduate,Low,7.1,1.8,High,Excellent,14,Pass,Excellent
4839,Female,18,10,58,2.8,3.33,100,37,65,70,Medium,No,Yes,Graduate,Low,6.9,2.3,Medium,Average,16,Pass,Good
4840,Male,19,9,60,6.8,2.74,100,67,91,84,High,Yes,No,Postgraduate,Low,8.8,6.2,Low,Average,15,Pass,Good
4841,Male,21,College-2,87,3.3,2.49,99,67,81,86,Medium,Yes,Yes,High School,Medium,5.8,4.2,Medium,Good,9,Pass,Excellent
4842,Male,17,9,89,2.9,3.63,100,55,73,81,High,No,Yes,Postgraduate,Medium,7.3,4.6,Low,Poor,8,Pass,Good
4843,Female,21,College-2,53,1.5,2.22,62,35,40,45,Medium,No,Yes,Graduate,Medium,5.1,2.3,Low,Good,17,Fail,Poor
4844,Male,21,12,75,6.8,2.25,100,64,82,91,Low,No,No,Graduate,Low,7.7,7.5,Medium,Excellent,12,Pass,Excellent
4845,Female,18,College-1,77,1.6,3.39,93,50,77,69,Low,Yes,Yes,Postgraduate,High,5.9,3.8,High,Average,11,Pass,Average
4846,Female,22,11,94,5.4,2.38,97,68,88,90,Low,Yes,Yes,Postgraduate,Medium,8.3,7.1,Medium,Poor,7,Pass,Excellent
4847,Female,18,College-1,66,4.2,3.74,100,50,83,79,Low,Yes,No,High School,High,7.8,2.0,Low,Excellent,14,Pass,Good
4848,Male,20,11,94,3.2,3.26,99,66,77,79,Medium,No,No,Graduate,Medium,8.1,5.1,Low,Poor,7,Pass,Good
4849,Male,15,12,80,7.0,2.31,95,76,87,90,Low,No,No,Postgraduate,High,7.2,5.6,Medium,Excellent,10,Pass,Excellent
4850,Female,21,10,50,2.2,3.38,100,35,62,64,Low,Yes,No,High School,High,7.6,5.2,Low,Average,18,Pass,Average
4851,Female,20,College-1,56,5.5,3.52,100,54,82,83,Low,No,No,Postgraduate,High,4.7,7.1,Low,Excellent,16,Pass,Good
4852,Male,21,12,90,7.4,3.8,100,89,90,95,Medium,Yes,No,High School,High,6.9,6.3,Medium,Poor,8,Pass,Excellent
4853,Male,20,College-2,92,7.4,2.85,100,90,88,95,Medium,Yes,No,High School,Low,6.8,1.6,High,Average,7,Pass,Excellent
4854,Male,15,College-2,91,5.4,2.18,98,74,83,89,Low,Yes,Yes,Postgraduate,High,7.0,5.3,High,Average,8,Pass,Excellent
4855,Female,20,12,96,4.7,3.73,100,81,94,91,Medium,Yes,No,Postgraduate,Low,6.3,1.3,Low,Poor,6,Pass,Excellent
4856,Male,21,9,69,5.3,2.83,94,55,77,74,Low,Yes,Yes,Graduate,High,4.6,3.8,Medium,Good,13,Pass,Good
4857,Male,19,College-2,72,7.8,3.8,100,76,85,95,High,No,No,Postgraduate,High,8.8,6.7,Medium,Average,12,Pass,Excellent
4858,Male,18,9,59,1.1,3.13,83,40,68,58,High,Yes,No,High School,Low,7.6,3.4,High,Excellent,16,Pass,Average
4859,Male,16,11,100,7.6,3.82,100,83,87,97,Medium,Yes,No,Graduate,Low,7.0,1.6,Medium,Excellent,5,Pass,Excellent
4860,Female,15,11,77,7.9,2.09,100,86,88,98,Medium,Yes,Yes,High School,Low,8.3,3.2,Medium,Average,11,Pass,Excellent
4861,Male,21,College-1,64,3.2,3.26,100,55,75,77,Medium,No,No,Graduate,Medium,6.4,3.9,Medium,Average,14,Pass,Good
4862,Male,17,College-2,53,6.4,2.73,94,62,73,79,Low,No,Yes,High School,Medium,5.4,2.2,Medium,Excellent,17,Pass,Good
4863,Male,16,College-2,57,5.4,3.3,99,61,76,76,High,Yes,No,High School,Medium,4.8,4.0,Medium,Excellent,16,Pass,Good
4864,Male,18,College-2,71,6.5,2.5,93,73,88,85,Low,Yes,Yes,Postgraduate,Low,8.3,2.2,Low,Good,13,Pass,Excellent
4865,Female,17,9,84,6.6,2.18,97,65,89,85,Medium,No,No,High School,Low,7.9,5.8,Low,Excellent,9,Pass,Excellent
4866,Male,22,10,83,1.5,2.35,77,56,69,67,Medium,Yes,Yes,Graduate,High,7.6,2.3,High,Good,10,Pass,Average
4867,Female,19,9,76,4.4,2.27,76,52,61,68,Medium,Yes,No,Graduate,Medium,7.4,5.1,Low,Excellent,11,Pass,Average
4868,Male,22,College-2,54,4.7,2.38,84,44,63,66,Low,No,No,High School,High,4.6,5.9,High,Poor,17,Pass,Average
4869,Male,19,College-1,62,2.3,2.65,88,40,72,64,Low,No,No,Postgraduate,Medium,8.7,3.3,Low,Average,15,Pass,Average
4870,Male,15,College-1,92,2.3,3.67,100,56,84,82,Low,Yes,Yes,Graduate,Medium,7.1,4.9,Low,Excellent,7,Pass,Good
4871,Female,21,11,90,4.7,2.92,100,64,90,91,Low,No,No,Postgraduate,Medium,5.0,3.3,Low,Good,8,Pass,Excellent
4872,Male,21,12,97,6.8,2.63,100,84,94,100,Low,No,Yes,Postgraduate,Medium,8.8,3.1,High,Good,6,Pass,Excellent
4873,Male,16,9,71,4.4,2.01,77,65,68,69,High,Yes,No,Postgraduate,Low,8.5,6.1,High,Excellent,13,Pass,Average
4874,Female,22,10,86,5.8,2.53,92,78,90,89,High,No,No,Postgraduate,Medium,8.6,4.9,High,Poor,9,Pass,Excellent
4875,Male,16,11,96,1.2,3.46,100,45,74,74,High,No,Yes,Graduate,Low,5.0,2.0,Medium,Poor,6,Pass,Good
4876,Female,20,10,94,6.0,3.42,100,82,85,94,High,Yes,Yes,Graduate,Low,8.8,7.7,Low,Excellent,7,Pass,Excellent
4877,Female,20,College-1,50,1.7,3.1,82,37,61,58,High,No,No,Graduate,Medium,7.5,3.6,Medium,Good,18,Pass,Average
4878,Female,21,12,90,2.5,3.92,100,47,72,77,Medium,Yes,No,Postgraduate,High,8.8,2.1,High,Average,8,Pass,Good
4879,Female,18,11,95,1.9,2.16,70,56,57,59,High,No,No,Graduate,High,8.2,3.6,Medium,Average,7,Pass,Average
4880,Male,22,9,74,3.2,3.57,100,55,74,81,High,Yes,Yes,Graduate,Low,6.6,4.6,Low,Poor,12,Pass,Good
4881,Male,18,College-2,97,6.3,3.53,100,84,88,94,Medium,No,Yes,High School,Medium,4.8,2.6,High,Poor,6,Pass,Excellent
4882,Male,22,College-1,61,2.7,3.18,99,41,75,68,Medium,Yes,Yes,High School,Medium,8.3,2.7,High,Good,15,Pass,Average
4883,Male,17,College-1,71,2.4,2.3,69,56,69,63,Low,Yes,Yes,Graduate,Medium,7.7,2.7,Low,Poor,13,Pass,Average
4884,Male,15,11,64,3.5,3.1,100,41,62,72,Low,Yes,No,High School,High,7.6,1.4,Low,Average,14,Pass,Good
4885,Male,21,College-2,93,5.9,3.25,100,85,95,96,High,No,No,Graduate,Medium,8.3,3.0,Medium,Average,7,Pass,Excellent
4886,Female,21,10,99,1.5,2.02,75,65,72,70,Medium,No,Yes,Postgraduate,Low,6.9,6.4,Low,Good,6,Pass,Good
4887,Female,17,College-2,52,3.8,2.21,67,54,68,61,Medium,No,Yes,Postgraduate,High,4.6,4.7,High,Poor,17,Pass,Average
4888,Male,19,10,61,2.8,2.53,80,36,66,60,Medium,Yes,No,Postgraduate,Low,8.2,7.4,Medium,Good,15,Pass,Average
4889,Male,19,12,64,5.2,2.16,85,66,72,76,Low,No,Yes,Graduate,Medium,6.3,4.6,Medium,Average,14,Pass,Good
4890,Male,21,10,51,4.1,3.43,96,54,68,68,High,No,Yes,Postgraduate,Medium,7.0,3.5,High,Excellent,18,Pass,Average
4891,Female,17,11,88,4.3,3.28,100,68,80,87,High,Yes,Yes,Graduate,Medium,5.2,2.3,Medium,Average,8,Pass,Excellent
4892,Female,17,College-1,95,6.8,3.55,100,72,83,91,Low,No,Yes,Graduate,High,8.0,2.2,High,Excellent,7,Pass,Excellent
4893,Female,21,10,54,4.6,3.09,94,44,75,73,Medium,No,Yes,Graduate,Medium,4.9,4.7,Medium,Average,17,Pass,Good
4894,Male,16,10,66,5.3,2.12,89,56,80,78,High,Yes,Yes,High School,Low,8.5,4.2,High,Poor,14,Pass,Good
4895,Female,18,11,55,2.6,3.3,97,50,69,73,Medium,Yes,No,High School,Medium,8.7,4.6,Medium,Poor,17,Pass,Good
4896,Male,22,11,66,7.0,2.36,88,72,86,87,Medium,No,Yes,Postgraduate,High,8.9,4.9,Low,Excellent,14,Pass,Excellent
4897,Female,16,College-1,77,5.6,2.94,100,73,85,86,High,Yes,No,High School,Medium,5.6,1.5,High,Good,11,Pass,Excellent
4898,Female,22,College-2,88,3.4,3.1,100,55,81,83,Low,No,No,Postgraduate,Medium,5.4,4.9,Medium,Good,8,Pass,Good
4899,Female,19,College-1,100,6.9,2.59,100,86,90,96,Medium,Yes,No,Postgraduate,Low,7.8,1.6,Medium,Poor,5,Pass,Excellent
4900,Male,20,12,99,6.6,2.86,100,79,81,99,Low,Yes,No,Graduate,Low,5.3,7.5,Low,Poor,6,Pass,Excellent
4901,Female,21,11,87,1.7,2.97,98,51,79,72,Medium,Yes,Yes,Postgraduate,High,5.7,2.5,Medium,Excellent,9,Pass,Good
4902,Male,19,11,75,6.6,2.88,100,66,78,83,High,Yes,Yes,High School,Low,6.0,6.8,High,Poor,12,Pass,Good
4903,Male,18,11,87,6.1,2.79,100,73,84,89,Low,No,Yes,Graduate,Low,8.9,5.4,Medium,Good,9,Pass,Excellent
4904,Male,19,12,85,7.8,3.68,100,73,84,93,Low,No,No,High School,Low,7.1,2.5,Low,Excellent,9,Pass,Excellent
4905,Male,15,College-1,100,4.1,2.4,91,73,89,84,High,Yes,Yes,High School,High,5.1,7.2,High,Excellent,5,Pass,Good
4906,Female,20,11,86,3.6,3.26,99,66,83,86,High,Yes,No,High School,High,8.1,2.1,Medium,Excellent,9,Pass,Excellent
4907,Female,16,10,50,3.3,2.2,82,41,57,61,Medium,No,No,High School,Medium,7.8,7.4,Low,Good,18,Pass,Average
4908,Female,19,10,72,6.8,2.71,100,72,89,87,Low,Yes,Yes,Graduate,Medium,8.0,2.0,High,Average,12,Pass,Excellent
4909,Male,20,College-2,86,5.9,3.94,100,77,81,87,Medium,Yes,No,High School,Medium,7.7,1.4,Low,Excellent,9,Pass,Excellent
4910,Male,15,College-2,51,5.4,3.27,100,53,76,73,Low,No,Yes,Postgraduate,Medium,8.6,6.2,Medium,Good,18,Pass,Good
4911,Female,22,10,55,2.0,3.98,100,35,74,64,High,Yes,No,Postgraduate,Low,5.0,1.5,Medium,Average,17,Pass,Average
4912,Male,20,College-1,69,2.5,3.83,100,50,73,77,Low,No,No,Postgraduate,Low,6.3,6.7,High,Good,13,Pass,Good
4913,Male,16,12,53,3.7,3.04,91,44,72,66,Medium,No,Yes,Postgraduate,Medium,7.9,2.5,Medium,Excellent,17,Pass,Average
4914,Male,17,11,86,4.7,3.26,100,65,80,86,Medium,No,No,Graduate,Low,8.9,5.2,High,Poor,9,Pass,Excellent
4915,Male,15,10,51,4.2,2.34,80,39,60,64,Medium,Yes,No,Postgraduate,Medium,5.5,4.3,Low,Excellent,18,Pass,Average
4916,Male,18,College-2,63,6.0,2.01,78,51,69,68,High,Yes,No,Postgraduate,Low,8.0,2.7,Medium,Excellent,15,Pass,Average
4917,Female,22,College-2,88,3.7,2.6,100,59,83,82,Low,Yes,Yes,Postgraduate,Medium,6.7,4.3,Medium,Good,8,Pass,Good
4918,Female,21,College-1,81,7.0,3.63,100,83,86,97,Low,Yes,No,Postgraduate,High,8.7,1.2,Medium,Poor,10,Pass,Excellent
4919,Male,15,College-2,77,4.0,2.53,98,49,66,78,Low,No,Yes,High School,Low,8.8,1.6,High,Poor,11,Pass,Good
4920,Male,18,9,77,6.8,3.41,100,71,90,88,Low,No,Yes,Postgraduate,Low,7.4,5.6,High,Average,11,Pass,Excellent
4921,Male,21,10,57,3.0,2.33,78,38,66,60,Low,Yes,Yes,High School,Medium,6.7,3.4,Low,Good,16,Pass,Average
4922,Male,21,11,53,4.1,2.02,79,55,67,69,Low,No,No,High School,Medium,6.0,6.1,High,Average,17,Pass,Average
4923,Female,16,College-1,59,3.9,2.83,100,40,65,68,Low,No,No,Graduate,Low,6.8,7.1,Low,Average,16,Pass,Average
4924,Female,20,10,55,2.8,2.16,80,42,57,57,Low,Yes,No,Graduate,Medium,8.5,4.2,Low,Good,17,Pass,Average
4925,Female,22,9,68,2.8,2.85,84,48,66,68,High,No,No,High School,Medium,7.9,3.5,High,Excellent,13,Pass,Average
4926,Male,18,11,81,1.3,3.09,94,50,73,66,Medium,No,No,High School,Low,4.8,4.9,Medium,Excellent,10,Pass,Average
4927,Female,16,College-2,68,7.2,2.62,98,65,84,88,High,Yes,No,High School,Low,5.9,4.4,Medium,Average,13,Pass,Excellent
4928,Male,21,College-1,53,5.3,2.35,88,59,67,69,Low,Yes,No,Postgraduate,High,8.0,1.2,High,Excellent,17,Pass,Average
4929,Male,17,11,100,1.7,3.12,100,52,76,81,Low,Yes,No,High School,Medium,5.6,4.5,Low,Good,5,Pass,Good
4930,Female,22,College-2,86,1.6,3.5,100,43,65,71,High,Yes,No,Postgraduate,Low,5.6,4.7,Medium,Good,9,Pass,Good
4931,Male,16,9,61,7.6,3.77,100,66,85,91,Low,Yes,Yes,High School,High,7.5,3.9,Low,Good,15,Pass,Excellent
4932,Female,18,11,52,4.2,2.86,94,44,66,66,High,No,No,Graduate,High,4.8,7.6,Low,Good,17,Pass,Average
4933,Male,18,College-1,92,3.4,3.55,100,71,90,88,Medium,No,No,High School,High,7.3,4.5,Medium,Good,7,Pass,Excellent
4934,Female,22,11,90,2.1,3.73,100,56,76,75,Low,No,Yes,High School,Low,5.2,3.2,Low,Excellent,8,Pass,Good
4935,Female,20,12,64,6.2,2.88,100,54,73,81,Medium,Yes,No,Postgraduate,Medium,7.0,1.4,Low,Average,14,Pass,Good
4936,Male,18,11,99,1.5,3.51,100,48,68,74,High,No,Yes,High School,High,6.7,6.7,Medium,Good,6,Pass,Good
4937,Female,21,9,92,5.9,2.9,100,80,88,92,High,No,No,Postgraduate,High,6.0,2.3,High,Excellent,7,Pass,Excellent
4938,Male,15,9,86,5.3,3.03,100,60,77,83,Medium,No,Yes,High School,Medium,7.9,1.9,High,Excellent,9,Pass,Good
4939,Female,21,College-2,94,7.4,3.13,100,79,89,100,Medium,Yes,No,Graduate,Low,5.7,2.9,Medium,Good,7,Pass,Excellent
4940,Male,18,10,74,2.1,3.42,100,43,79,76,Low,Yes,No,Graduate,High,6.9,6.9,High,Excellent,12,Pass,Good
4941,Male,17,College-1,82,1.3,3.33,100,44,67,71,Medium,No,No,High School,High,6.5,4.1,Medium,Good,10,Pass,Good
4942,Male,20,11,83,5.7,3.01,100,73,81,92,Medium,Yes,No,High School,Medium,7.4,5.1,Medium,Poor,10,Pass,Excellent
4943,Male,22,College-2,75,6.8,3.97,100,78,82,87,High,No,No,Graduate,High,7.5,3.3,Low,Excellent,12,Pass,Excellent
4944,Male,20,10,99,2.6,2.15,78,63,68,71,Medium,Yes,Yes,High School,High,4.6,1.7,Medium,Average,6,Pass,Good
4945,Male,21,12,55,4.7,3.06,100,53,75,77,Medium,Yes,No,High School,Medium,8.0,1.2,Low,Poor,17,Pass,Good
4946,Male,15,9,52,7.3,2.19,99,62,88,83,High,Yes,No,Postgraduate,Medium,6.8,1.1,Low,Average,17,Pass,Good
4947,Female,16,11,65,3.0,2.59,77,48,64,66,High,Yes,No,Graduate,High,5.3,2.2,High,Good,14,Pass,Average
4948,Male,18,College-1,89,4.7,3.94,100,78,81,91,Medium,No,Yes,Postgraduate,High,7.8,1.6,Low,Average,8,Pass,Excellent
4949,Female,17,11,86,3.1,2.29,89,51,66,76,Low,Yes,No,Graduate,Medium,7.3,6.5,Low,Poor,9,Pass,Good
4950,Male,21,10,77,6.8,2.95,100,81,83,96,High,Yes,Yes,Postgraduate,Low,5.8,2.4,Medium,Poor,11,Pass,Excellent
4951,Female,21,12,50,5.5,2.11,77,48,57,64,Low,Yes,Yes,Postgraduate,High,5.8,7.0,Low,Excellent,18,Pass,Average
4952,Male,21,12,68,7.6,3.98,100,72,89,93,Medium,No,Yes,High School,High,4.8,5.3,High,Good,13,Pass,Excellent
4953,Female,16,College-2,71,6.4,3.45,100,60,72,84,Medium,No,No,High School,High,8.2,5.8,Medium,Good,13,Pass,Good
4954,Female,21,10,57,7.7,3.29,100,70,82,89,Medium,No,No,High School,Medium,5.1,2.6,Low,Good,16,Pass,Excellent
4955,Male,22,12,90,6.0,3.59,100,79,95,95,Medium,No,Yes,Postgraduate,Medium,8.4,2.4,Medium,Good,8,Pass,Excellent
4956,Female,16,12,72,6.0,2.33,100,66,83,86,Medium,No,Yes,Graduate,High,7.8,5.4,Low,Average,12,Pass,Excellent
4957,Male,20,College-1,80,2.7,3.09,100,56,72,80,Medium,Yes,No,High School,Medium,5.7,7.3,High,Poor,10,Pass,Good
4958,Male,17,9,85,4.2,3.48,100,57,86,82,High,Yes,Yes,Postgraduate,High,5.0,2.5,High,Excellent,9,Pass,Good
4959,Female,22,College-1,68,3.7,2.26,87,62,72,71,Medium,Yes,Yes,Graduate,High,4.6,6.3,Low,Good,13,Pass,Good
4960,Female,22,11,65,5.3,3.07,100,51,83,78,Low,No,No,Graduate,Medium,7.9,6.4,High,Average,14,Pass,Good
4961,Male,22,College-2,95,1.4,3.89,100,45,69,69,Low,Yes,No,High School,Medium,6.7,7.6,Medium,Good,7,Pass,Average
4962,Male,22,College-1,78,6.0,2.58,100,61,73,83,Medium,No,Yes,High School,Medium,6.3,2.5,Medium,Average,11,Pass,Good
4963,Female,19,10,73,1.5,3.22,96,45,62,64,High,No,Yes,Postgraduate,High,6.8,5.5,Low,Poor,12,Pass,Average
4964,Female,20,10,68,5.3,3.79,100,60,73,83,High,No,Yes,Graduate,High,7.7,7.3,Medium,Average,13,Pass,Good
4965,Male,18,9,50,6.2,2.88,100,49,67,72,Medium,No,No,Graduate,Low,8.6,4.1,Low,Poor,18,Pass,Good
4966,Male,16,12,62,1.7,2.78,77,35,54,57,Medium,Yes,No,High School,High,8.7,5.2,Medium,Average,15,Pass,Average
4967,Female,19,11,59,5.2,3.27,100,61,81,85,Low,Yes,No,Graduate,Low,8.8,7.6,Medium,Excellent,16,Pass,Excellent
4968,Female,22,9,96,7.7,3.52,100,95,100,100,High,Yes,No,High School,Low,7.9,7.4,Low,Average,6,Pass,Excellent
4969,Female,22,9,98,6.5,2.7,100,74,89,95,High,No,No,Graduate,Medium,8.1,7.7,Medium,Poor,6,Pass,Excellent
4970,Male,17,10,89,1.1,2.43,82,60,70,72,Low,Yes,Yes,High School,Medium,6.2,7.9,Low,Average,8,Pass,Good
4971,Female,16,12,99,7.3,3.74,100,96,92,100,Low,No,No,Graduate,Medium,8.8,5.8,High,Good,6,Pass,Excellent
4972,Female,20,College-1,55,3.0,3.46,100,41,77,71,Medium,No,No,Graduate,Medium,8.2,6.4,Low,Excellent,17,Pass,Good
4973,Male,22,11,64,3.1,3.13,100,44,70,74,Medium,No,Yes,High School,High,8.3,4.5,High,Good,14,Pass,Good
4974,Female,18,College-1,70,2.4,2.54,87,40,61,66,Medium,Yes,No,High School,High,8.2,6.9,High,Average,13,Pass,Average
4975,Female,20,9,83,7.4,3.84,100,87,92,100,Medium,No,No,Graduate,High,5.3,5.8,Low,Excellent,10,Pass,Excellent
4976,Male,20,College-1,69,5.8,2.25,88,63,67,80,Medium,Yes,Yes,Postgraduate,Medium,8.3,2.8,Medium,Poor,13,Pass,Good
4977,Female,19,10,88,6.1,2.53,100,81,92,91,High,No,No,High School,Low,5.9,1.6,High,Poor,8,Pass,Excellent
4978,Male,15,College-1,82,5.0,2.98,100,73,89,89,High,No,Yes,High School,High,7.6,7.9,High,Good,10,Pass,Excellent
4979,Female,21,10,56,7.3,2.25,95,69,81,89,Medium,Yes,Yes,Postgraduate,High,4.6,4.4,Low,Good,16,Pass,Excellent
4980,Male,18,College-2,55,7.6,3.34,100,69,84,85,High,No,No,High School,Low,4.9,6.7,Medium,Good,17,Pass,Excellent
4981,Male,22,College-2,57,4.6,3.75,100,49,81,74,High,No,No,High School,Medium,8.7,1.1,High,Average,16,Pass,Good
4982,Female,15,11,85,5.5,4.0,100,64,88,88,Medium,No,No,High School,High,8.7,6.4,Medium,Average,9,Pass,Excellent
4983,Male,15,12,90,4.1,2.13,89,72,86,86,Low,Yes,Yes,High School,High,6.6,7.4,Low,Average,8,Pass,Excellent
4984,Female,22,9,87,4.0,3.4,100,58,81,78,High,Yes,Yes,High School,Low,8.2,3.2,High,Good,9,Pass,Good
4985,Female,19,11,66,6.6,3.84,100,69,79,85,High,No,Yes,Postgraduate,Low,8.3,6.4,Medium,Good,14,Pass,Excellent
4986,Female,19,10,55,2.5,2.59,81,38,55,60,High,No,No,Graduate,Low,7.1,1.8,High,Excellent,17,Pass,Average
4987,Male,17,9,56,1.5,2.24,66,44,59,57,Medium,No,Yes,Postgraduate,High,8.5,5.7,Low,Good,16,Pass,Average
4988,Female,16,9,54,7.8,2.95,100,69,76,86,Medium,Yes,Yes,Graduate,High,6.2,3.8,Medium,Excellent,17,Pass,Excellent
4989,Female,21,College-2,61,4.0,3.55,100,47,67,75,Medium,No,No,Graduate,High,9.0,2.4,Low,Excellent,15,Pass,Good
4990,Female,20,9,86,7.1,3.58,100,77,86,90,Medium,No,Yes,High School,Low,7.0,5.1,Low,Poor,9,Pass,Excellent
4991,Male,20,10,60,3.0,3.34,100,53,68,73,Medium,Yes,No,Graduate,Low,6.1,2.4,High,Poor,15,Pass,Good
4992,Male,19,9,72,1.5,2.66,77,47,69,58,Medium,No,No,Graduate,Low,5.9,4.5,Medium,Excellent,12,Pass,Average
4993,Female,15,College-1,91,6.2,3.4,100,73,83,89,Medium,No,Yes,Postgraduate,Low,8.7,4.6,Medium,Average,8,Pass,Excellent
4994,Male,20,12,90,4.4,2.91,100,69,81,90,High,No,Yes,Postgraduate,Medium,8.2,4.1,Medium,Excellent,8,Pass,Excellent
4995,Female,17,11,89,4.4,2.1,84,71,82,83,Medium,No,No,High School,High,7.1,6.6,Medium,Average,8,Pass,Good
4996,Male,15,College-1,86,3.8,3.49,100,70,81,81,Medium,Yes,No,Postgraduate,Medium,7.3,7.2,High,Average,9,Pass,Good
4997,Male,21,10,57,7.7,3.02,100,74,79,91,Medium,No,Yes,Graduate,High,6.3,6.9,Low,Poor,16,Pass,Excellent
4998,Male,20,12,92,2.6,2.89,91,61,68,78,High,No,Yes,Graduate,Low,5.6,5.7,High,Excellent,7,Pass,Good
4999,Female,20,12,53,1.5,3.74,100,41,62,64,Medium,No,No,High School,Medium,6.1,7.0,High,Excellent,17,Pass,Average
5000,Male,22,College-1,77,3.8,3.88,100,61,72,82,High,No,No,Postgraduate,Low,7.6,3.3,Medium,Good,11,Pass,Good
